# OBJ file converted from c:\Users\adamk\OneDrive\SZTAKI\CODE\GraphicsEngine3D\objects\drone\quad.stl
# Vertices: 1646
# Faces: 3322

v -0.048130 -0.016381 0.022641
v -0.048130 0.016381 0.022641
v -0.048063 -0.016325 0.023133
v -0.048063 0.016325 0.023133
v -0.047779 -0.019075 0.022588
v -0.047779 0.019075 0.022588
v -0.047743 -0.019035 0.023085
v -0.047743 0.019035 0.023085
v -0.047708 -0.014860 0.022735
v -0.047708 0.014860 0.022735
v -0.047591 -0.014772 0.023213
v -0.047591 0.014772 0.023213
v -0.047038 -0.013844 0.022582
v -0.047038 0.013844 0.022582
v -0.046883 -0.013733 0.023044
v -0.046883 0.013733 0.023044
v -0.045847 -0.012753 0.022074
v -0.045847 0.012753 0.022074
v -0.045671 -0.012634 0.022527
v -0.045671 0.012634 0.022527
v -0.044906 -0.012207 0.021640
v -0.044906 0.012207 0.021640
v -0.044715 -0.012081 0.022085
v -0.044715 0.012081 0.022085
v -0.044070 -0.023456 0.023065
v -0.044070 0.023456 0.023065
v -0.044065 -0.023461 0.022565
v -0.044065 0.023461 0.022565
v -0.043121 -0.013000 0.021052
v -0.043121 0.013000 0.021052
v -0.042920 -0.012866 0.021490
v -0.042920 0.012866 0.021490
v -0.039452 -0.016147 0.020508
v -0.039452 0.016147 0.020508
v -0.039311 -0.016063 0.020981
v -0.039311 0.016063 0.020981
v -0.038207 0.031202 0.003246
v -0.038207 0.031202 0.008461
v -0.038207 0.031202 0.017735
v -0.038207 -0.031202 0.003246
v -0.038207 -0.031202 0.008461
v -0.038207 -0.031202 0.017735
v -0.038203 -0.030682 0.003246
v -0.038203 -0.030682 0.008461
v -0.038203 -0.030682 0.017735
v -0.038203 0.030682 0.003246
v -0.038203 0.030682 0.008461
v -0.038203 0.030682 0.017735
v -0.037481 -0.031208 0.018461
v -0.037481 0.031208 0.018461
v -0.037477 0.030688 0.018461
v -0.037477 -0.030688 0.018461
v -0.036383 -0.031217 0.001422
v -0.036383 0.031217 0.001422
v -0.036378 -0.030697 0.001422
v -0.036378 0.030697 0.001422
v -0.034935 -0.031716 0.008461
v -0.034935 -0.031716 0.018461
v -0.034935 0.031716 0.008461
v -0.034935 0.031716 0.018461
v -0.034925 -0.031229 0.001422
v -0.034925 -0.031229 0.008461
v -0.034925 -0.031229 0.018461
v -0.034925 0.031229 0.001422
v -0.034925 0.031229 0.008461
v -0.034925 0.031229 0.018461
v -0.034921 -0.030708 0.001422
v -0.034921 -0.030708 0.008461
v -0.034921 -0.030708 0.018461
v -0.034921 0.030708 0.001422
v -0.034921 0.030708 0.008461
v -0.034921 0.030708 0.018461
v -0.034910 0.030156 0.008461
v -0.034910 0.030156 0.018461
v -0.034910 -0.030156 0.008461
v -0.034910 -0.030156 0.018461
v -0.034502 -0.031637 0.010011
v -0.034502 -0.031637 0.018461
v -0.034502 0.031637 0.010011
v -0.034502 0.031637 0.018461
v -0.034479 -0.030249 0.010011
v -0.034479 -0.030249 0.018461
v -0.034479 0.030249 0.010011
v -0.034479 0.030249 0.018461
v -0.034362 -0.033168 0.008461
v -0.034362 -0.033168 0.018461
v -0.034362 0.033168 0.008461
v -0.034362 0.033168 0.018461
v -0.034289 -0.028724 0.008461
v -0.034289 -0.028724 0.018461
v -0.034289 0.028724 0.008461
v -0.034289 0.028724 0.018461
v -0.034000 -0.031000 0.008461
v -0.034000 -0.031000 0.010011
v -0.034000 0.031000 0.008461
v -0.034000 0.031000 0.010011
v -0.033991 -0.032929 0.010011
v -0.033991 -0.032929 0.018461
v -0.033991 0.032929 0.010011
v -0.033991 0.032929 0.018461
v -0.033927 -0.028975 0.010011
v -0.033927 -0.028975 0.018461
v -0.033927 0.028975 0.010011
v -0.033927 0.028975 0.018461
v -0.033895 0.031527 0.008461
v -0.033895 -0.031527 0.008461
v -0.033821 0.031000 0.009016
v -0.033821 0.031000 0.019596
v -0.033821 -0.031000 0.009016
v -0.033821 -0.031000 0.019596
v -0.033772 -0.032148 0.008461
v -0.033772 -0.032148 0.010011
v -0.033772 -0.029852 0.008461
v -0.033772 -0.029852 0.010011
v -0.033772 0.029852 0.008461
v -0.033772 0.029852 0.010011
v -0.033772 0.032148 0.008461
v -0.033772 0.032148 0.010011
v -0.033607 -0.032080 0.009016
v -0.033607 -0.032080 0.019596
v -0.033607 -0.029920 0.009016
v -0.033607 -0.029920 0.019596
v -0.033607 0.029920 0.009016
v -0.033607 0.029920 0.019596
v -0.033607 0.032080 0.009016
v -0.033607 0.032080 0.019596
v -0.033276 -0.034289 0.008461
v -0.033276 -0.034289 0.018461
v -0.033276 0.034289 0.008461
v -0.033276 0.034289 0.018461
v -0.033168 -0.027638 0.008461
v -0.033168 -0.027638 0.018461
v -0.033168 0.027638 0.008461
v -0.033168 0.027638 0.018461
v -0.033121 -0.033121 0.008461
v -0.033121 -0.033121 0.010011
v -0.033121 -0.028879 0.008461
v -0.033121 -0.028879 0.010011
v -0.033121 0.028879 0.008461
v -0.033121 0.028879 0.010011
v -0.033121 0.033121 0.008461
v -0.033121 0.033121 0.010011
v -0.033051 -0.031006 0.022451
v -0.033051 0.031006 0.022451
v -0.033025 -0.033927 0.010011
v -0.033025 -0.033927 0.018461
v -0.033025 0.033927 0.010011
v -0.033025 0.033927 0.018461
v -0.033000 -0.030957 0.019946
v -0.033000 -0.030957 0.022946
v -0.033000 -0.030957 0.023946
v -0.033000 0.030957 0.019946
v -0.033000 0.030957 0.022946
v -0.033000 0.030957 0.023946
v -0.032995 0.029005 0.009016
v -0.032995 0.029005 0.019596
v -0.032995 0.032995 0.009016
v -0.032995 0.032995 0.019596
v -0.032995 -0.032995 0.009016
v -0.032995 -0.032995 0.019596
v -0.032995 -0.029005 0.009016
v -0.032995 -0.029005 0.019596
v -0.032934 -0.030274 0.021996
v -0.032934 0.030274 0.021996
v -0.032929 -0.028009 0.010011
v -0.032929 -0.028009 0.018461
v -0.032929 0.028009 0.010011
v -0.032929 0.028009 0.018461
v -0.032868 -0.031739 0.022758
v -0.032868 0.031739 0.022758
v -0.032864 -0.031726 0.019946
v -0.032864 -0.031726 0.023258
v -0.032864 -0.031726 0.023946
v -0.032864 0.031726 0.019946
v -0.032864 0.031726 0.023258
v -0.032864 0.031726 0.023946
v -0.032831 -0.030195 0.019946
v -0.032831 -0.030195 0.022479
v -0.032831 -0.030195 0.023946
v -0.032831 0.030195 0.019946
v -0.032831 0.030195 0.022479
v -0.032831 0.030195 0.023946
v -0.032595 -0.028527 0.010011
v -0.032595 0.028527 0.010011
v -0.032538 -0.029666 0.021465
v -0.032538 0.029666 0.021465
v -0.032444 -0.032384 0.019946
v -0.032444 -0.032384 0.020489
v -0.032444 -0.032384 0.023367
v -0.032444 -0.032384 0.023946
v -0.032444 0.032384 0.019946
v -0.032444 0.032384 0.020489
v -0.032444 0.032384 0.023367
v -0.032444 0.032384 0.023946
v -0.032439 -0.032388 0.022867
v -0.032439 0.032388 0.022867
v -0.032384 -0.029556 0.019946
v -0.032384 -0.029556 0.021928
v -0.032384 -0.029556 0.023946
v -0.032384 0.029556 0.019946
v -0.032384 0.029556 0.021928
v -0.032384 0.029556 0.023946
v -0.032303 -0.032299 0.020017
v -0.032303 0.032299 0.020017
v -0.032148 -0.033772 0.008461
v -0.032148 -0.033772 0.010011
v -0.032148 -0.028228 0.008461
v -0.032148 -0.028228 0.010011
v -0.032148 0.028228 0.008461
v -0.032148 0.028228 0.010011
v -0.032148 0.033772 0.008461
v -0.032148 0.033772 0.010011
v -0.032080 -0.033607 0.009016
v -0.032080 -0.033607 0.019596
v -0.032080 -0.028393 0.009016
v -0.032080 -0.028393 0.019596
v -0.032080 0.028393 0.009016
v -0.032080 0.028393 0.019596
v -0.032080 0.033607 0.009016
v -0.032080 0.033607 0.019596
v -0.031904 -0.029256 0.020926
v -0.031904 0.029256 0.020926
v -0.031844 -0.034910 0.008461
v -0.031844 -0.034910 0.018461
v -0.031844 0.034910 0.008461
v -0.031844 0.034910 0.018461
v -0.031805 -0.032831 0.019946
v -0.031805 -0.032831 0.020599
v -0.031805 -0.032831 0.023946
v -0.031805 0.032831 0.019946
v -0.031805 0.032831 0.020599
v -0.031805 0.032831 0.023946
v -0.031751 0.034479 0.010011
v -0.031751 0.034479 0.018461
v -0.031751 -0.034479 0.010011
v -0.031751 -0.034479 0.018461
v -0.031726 -0.029136 0.019946
v -0.031726 -0.029136 0.021378
v -0.031726 -0.029136 0.023946
v -0.031726 0.029136 0.019946
v -0.031726 0.029136 0.021378
v -0.031726 0.029136 0.023946
v -0.031716 -0.027065 0.008461
v -0.031716 -0.027065 0.018461
v -0.031716 0.027065 0.008461
v -0.031716 0.027065 0.018461
v -0.031650 0.032735 0.020133
v -0.031650 -0.032735 0.020133
v -0.031637 -0.027498 0.010011
v -0.031637 -0.027498 0.018461
v -0.031637 0.027498 0.010011
v -0.031637 0.027498 0.018461
v -0.031378 -0.038200 0.003246
v -0.031378 -0.038200 0.008461
v -0.031378 -0.038200 0.017735
v -0.031378 0.038200 0.003246
v -0.031378 0.038200 0.008461
v -0.031378 0.038200 0.017735
v -0.031366 -0.037474 0.018461
v -0.031366 0.037474 0.018461
v -0.031348 -0.036376 0.001422
v -0.031348 0.036376 0.001422
v -0.031324 -0.034918 0.001422
v -0.031324 -0.034918 0.008461
v -0.031324 -0.034918 0.018461
v -0.031324 0.034918 0.001422
v -0.031324 0.034918 0.008461
v -0.031324 0.034918 0.018461
v -0.031157 -0.029133 0.020472
v -0.031157 0.029133 0.020472
v -0.031043 -0.033000 0.019946
v -0.031043 -0.033000 0.020911
v -0.031043 -0.033000 0.023946
v -0.031043 0.033000 0.019946
v -0.031043 0.033000 0.020911
v -0.031043 0.033000 0.023946
v -0.031000 0.028000 0.008461
v -0.031000 0.028000 0.010011
v -0.031000 0.034000 0.008461
v -0.031000 0.034000 0.010011
v -0.031000 -0.034000 0.008461
v -0.031000 -0.034000 0.010011
v -0.031000 -0.028000 0.008461
v -0.031000 -0.028000 0.010011
v -0.031000 -0.033821 0.009016
v -0.031000 -0.033821 0.019596
v -0.031000 -0.028179 0.009016
v -0.031000 -0.028179 0.019596
v -0.031000 0.028179 0.009016
v -0.031000 0.028179 0.019596
v -0.031000 0.033821 0.009016
v -0.031000 0.033821 0.019596
v -0.030957 -0.029000 0.019946
v -0.030957 -0.029000 0.020911
v -0.030957 -0.029000 0.023946
v -0.030957 0.029000 0.019946
v -0.030957 0.029000 0.020911
v -0.030957 0.029000 0.023946
v -0.030858 -0.038208 0.003246
v -0.030858 -0.038208 0.008461
v -0.030858 -0.038208 0.017735
v -0.030858 0.038208 0.003246
v -0.030858 0.038208 0.008461
v -0.030858 0.038208 0.017735
v -0.030846 -0.037482 0.018461
v -0.030846 0.037482 0.018461
v -0.030843 -0.032867 0.020472
v -0.030843 0.032867 0.020472
v -0.030828 -0.036384 0.001422
v -0.030828 0.036384 0.001422
v -0.030804 -0.034927 0.001422
v -0.030804 -0.034927 0.008461
v -0.030804 -0.034927 0.018461
v -0.030804 0.034927 0.001422
v -0.030804 0.034927 0.008461
v -0.030804 0.034927 0.018461
v -0.030729 -0.027194 0.014169
v -0.030729 -0.027194 0.017245
v -0.030729 0.027194 0.014169
v -0.030729 0.027194 0.017245
v -0.030529 -0.027394 0.014169
v -0.030529 -0.027394 0.017325
v -0.030529 -0.027394 0.017439
v -0.030529 0.027394 0.014169
v -0.030529 0.027394 0.017325
v -0.030529 0.027394 0.017439
v -0.030363 0.034502 0.010011
v -0.030363 0.034502 0.018461
v -0.030363 -0.034502 0.010011
v -0.030363 -0.034502 0.018461
v -0.030350 0.029265 0.020133
v -0.030350 -0.029265 0.020133
v -0.030284 0.034935 0.008461
v -0.030284 0.034935 0.018461
v -0.030284 -0.034935 0.008461
v -0.030284 -0.034935 0.018461
v -0.030274 -0.032864 0.019946
v -0.030274 -0.032864 0.021378
v -0.030274 -0.032864 0.023946
v -0.030274 0.032864 0.019946
v -0.030274 0.032864 0.021378
v -0.030274 0.032864 0.023946
v -0.030273 0.027445 0.014169
v -0.030273 0.027445 0.017261
v -0.030273 -0.027445 0.014169
v -0.030273 -0.027445 0.017261
v -0.030249 -0.027521 0.010011
v -0.030249 -0.027521 0.018461
v -0.030249 0.027521 0.010011
v -0.030249 0.027521 0.018461
v -0.030244 -0.027450 0.017605
v -0.030244 0.027450 0.017605
v -0.030195 -0.029169 0.019946
v -0.030195 -0.029169 0.020599
v -0.030195 -0.029169 0.023946
v -0.030195 0.029169 0.019946
v -0.030195 0.029169 0.020599
v -0.030195 0.029169 0.023946
v -0.030156 0.027090 0.008461
v -0.030156 0.027090 0.018461
v -0.030156 -0.027090 0.008461
v -0.030156 -0.027090 0.018461
v -0.030096 -0.032744 0.020926
v -0.030096 0.032744 0.020926
v -0.029920 -0.033607 0.009016
v -0.029920 -0.033607 0.019596
v -0.029920 -0.028393 0.009016
v -0.029920 -0.028393 0.019596
v -0.029920 0.028393 0.009016
v -0.029920 0.028393 0.019596
v -0.029920 0.033607 0.009016
v -0.029920 0.033607 0.019596
v -0.029852 -0.033772 0.008461
v -0.029852 -0.033772 0.010011
v -0.029852 -0.028228 0.008461
v -0.029852 -0.028228 0.010011
v -0.029852 0.028228 0.008461
v -0.029852 0.028228 0.010011
v -0.029852 0.033772 0.008461
v -0.029852 0.033772 0.010011
v -0.029697 -0.029701 0.020017
v -0.029697 0.029701 0.020017
v -0.029616 -0.032444 0.019946
v -0.029616 -0.032444 0.021928
v -0.029616 -0.032444 0.023946
v -0.029616 0.032444 0.019946
v -0.029616 0.032444 0.021928
v -0.029616 0.032444 0.023946
v -0.029584 -0.027582 0.017261
v -0.029584 -0.027582 0.017605
v -0.029584 0.027582 0.017261
v -0.029584 0.027582 0.017605
v -0.029579 -0.027585 0.017261
v -0.029579 -0.027585 0.017605
v -0.029579 0.027585 0.017261
v -0.029579 0.027585 0.017605
v -0.029561 0.029612 0.022867
v -0.029561 -0.029612 0.022867
v -0.029556 -0.029616 0.019946
v -0.029556 -0.029616 0.020489
v -0.029556 -0.029616 0.023367
v -0.029556 -0.029616 0.023946
v -0.029556 0.029616 0.019946
v -0.029556 0.029616 0.020489
v -0.029556 0.029616 0.023367
v -0.029556 0.029616 0.023946
v -0.029462 -0.032334 0.021465
v -0.029462 0.032334 0.021465
v -0.029405 -0.033473 0.010011
v -0.029405 0.033473 0.010011
v -0.029169 -0.031805 0.019946
v -0.029169 -0.031805 0.022479
v -0.029169 -0.031805 0.023946
v -0.029169 0.031805 0.019946
v -0.029169 0.031805 0.022479
v -0.029169 0.031805 0.023946
v -0.029136 -0.030274 0.019946
v -0.029136 -0.030274 0.023258
v -0.029136 -0.030274 0.023946
v -0.029136 0.030274 0.019946
v -0.029136 0.030274 0.023258
v -0.029136 0.030274 0.023946
v -0.029132 -0.030261 0.022758
v -0.029132 0.030261 0.022758
v -0.029071 -0.033991 0.010011
v -0.029071 -0.033991 0.018461
v -0.029071 0.033991 0.010011
v -0.029071 0.033991 0.018461
v -0.029066 -0.031726 0.021996
v -0.029066 0.031726 0.021996
v -0.029005 0.029005 0.009016
v -0.029005 0.029005 0.019596
v -0.029005 0.032995 0.009016
v -0.029005 0.032995 0.019596
v -0.029005 -0.032995 0.009016
v -0.029005 -0.032995 0.019596
v -0.029005 -0.029005 0.009016
v -0.029005 -0.029005 0.019596
v -0.029000 -0.031043 0.019946
v -0.029000 -0.031043 0.022946
v -0.029000 -0.031043 0.023946
v -0.029000 0.031043 0.019946
v -0.029000 0.031043 0.022946
v -0.029000 0.031043 0.023946
v -0.028975 -0.028074 0.010011
v -0.028975 -0.028074 0.018461
v -0.028975 0.028073 0.010011
v -0.028975 0.028073 0.018461
v -0.028949 -0.030994 0.022451
v -0.028949 0.030994 0.022451
v -0.028885 -0.027503 0.014295
v -0.028885 -0.027503 0.016789
v -0.028885 0.027503 0.014295
v -0.028885 0.027503 0.016789
v -0.028879 -0.033121 0.008461
v -0.028879 -0.033121 0.010011
v -0.028879 -0.028879 0.008461
v -0.028879 -0.028879 0.010011
v -0.028879 0.028879 0.008461
v -0.028879 0.028879 0.010011
v -0.028879 0.033121 0.008461
v -0.028879 0.033121 0.010011
v -0.028832 -0.034362 0.008461
v -0.028832 -0.034362 0.018461
v -0.028832 0.034362 0.008461
v -0.028832 0.034362 0.018461
v -0.028724 -0.027711 0.008461
v -0.028724 -0.027711 0.018461
v -0.028724 0.027711 0.008461
v -0.028724 0.027711 0.018461
v -0.028393 -0.032080 0.009016
v -0.028393 -0.032080 0.019596
v -0.028393 -0.029920 0.009016
v -0.028393 -0.029920 0.019596
v -0.028393 0.029920 0.009016
v -0.028393 0.029920 0.019596
v -0.028393 0.032080 0.009016
v -0.028393 0.032080 0.019596
v -0.028345 -0.024809 0.014169
v -0.028345 -0.024809 0.017245
v -0.028345 0.024809 0.014169
v -0.028345 0.024809 0.017245
v -0.028228 -0.029852 0.008461
v -0.028228 -0.029852 0.010011
v -0.028228 0.029852 0.008461
v -0.028228 0.029852 0.010011
v -0.028228 -0.032148 0.008461
v -0.028228 -0.032148 0.010011
v -0.028228 0.032148 0.008461
v -0.028228 0.032148 0.010011
v -0.028179 0.031000 0.009016
v -0.028179 0.031000 0.019596
v -0.028179 -0.031000 0.009016
v -0.028179 -0.031000 0.019596
v -0.028105 -0.030473 0.008461
v -0.028105 0.030473 0.008461
v -0.028074 -0.033025 0.010011
v -0.028074 -0.033025 0.018461
v -0.028074 0.033025 0.010011
v -0.028074 0.033025 0.018461
v -0.028009 0.029071 0.010011
v -0.028009 0.029071 0.018461
v -0.028009 -0.029071 0.010011
v -0.028009 -0.029071 0.018461
v -0.028000 -0.031000 0.008461
v -0.028000 -0.031000 0.010011
v -0.028000 0.031000 0.008461
v -0.028000 0.031000 0.010011
v -0.027991 -0.025163 0.014169
v -0.027991 -0.025163 0.017261
v -0.027991 0.025163 0.014169
v -0.027991 0.025163 0.017261
v -0.027974 -0.025180 0.017605
v -0.027974 0.025180 0.017605
v -0.027711 -0.033276 0.008461
v -0.027711 -0.033276 0.018461
v -0.027711 0.033276 0.008461
v -0.027711 0.033276 0.018461
v -0.027638 -0.028832 0.008461
v -0.027638 -0.028832 0.018461
v -0.027638 0.028832 0.008461
v -0.027638 0.028832 0.018461
v -0.027585 -0.029579 0.017261
v -0.027585 -0.029579 0.017605
v -0.027585 0.029579 0.017261
v -0.027585 0.029579 0.017605
v -0.027582 -0.029584 0.017261
v -0.027582 -0.029584 0.017605
v -0.027582 0.029584 0.017261
v -0.027582 0.029584 0.017605
v -0.027574 0.025580 0.017261
v -0.027574 0.025580 0.017605
v -0.027574 -0.025580 0.017261
v -0.027574 -0.025580 0.017605
v -0.027521 -0.031751 0.010011
v -0.027521 -0.031751 0.018461
v -0.027521 0.031751 0.010011
v -0.027521 0.031751 0.018461
v -0.027498 -0.030363 0.010011
v -0.027498 -0.030363 0.018461
v -0.027498 0.030363 0.010011
v -0.027498 0.030363 0.018461
v -0.027450 -0.030244 0.017605
v -0.027450 0.030244 0.017605
v -0.027445 -0.030273 0.014169
v -0.027445 -0.030273 0.017261
v -0.027445 0.030273 0.014169
v -0.027445 0.030273 0.017261
v -0.027394 -0.030529 0.014169
v -0.027394 -0.030529 0.017325
v -0.027394 -0.030529 0.017439
v -0.027394 0.030529 0.014169
v -0.027394 0.030529 0.017325
v -0.027394 0.030529 0.017439
v -0.027194 -0.030729 0.014169
v -0.027194 -0.030729 0.017245
v -0.027194 0.030729 0.014169
v -0.027194 0.030729 0.017245
v -0.027090 0.031844 0.008461
v -0.027090 0.031844 0.018461
v -0.027090 -0.031844 0.008461
v -0.027090 -0.031844 0.018461
v -0.027065 -0.030284 0.008461
v -0.027065 -0.030284 0.018461
v -0.027065 0.030284 0.008461
v -0.027065 0.030284 0.018461
v -0.026907 -0.029467 0.014295
v -0.026907 -0.029467 0.016789
v -0.026907 0.029467 0.014295
v -0.026907 0.029467 0.016789
v -0.025960 -0.022425 0.014169
v -0.025960 -0.022425 0.017245
v -0.025960 0.022425 0.014169
v -0.025960 0.022425 0.017245
v -0.025607 -0.022778 0.014169
v -0.025607 -0.022778 0.017261
v -0.025607 0.022778 0.014169
v -0.025607 0.022778 0.017261
v -0.025589 -0.022795 0.017605
v -0.025589 0.022795 0.017605
v -0.025580 0.027574 0.017261
v -0.025580 0.027574 0.017605
v -0.025580 -0.027574 0.017261
v -0.025580 -0.027574 0.017605
v -0.025189 0.023196 0.017261
v -0.025189 0.023196 0.017605
v -0.025189 -0.023196 0.017261
v -0.025189 -0.023196 0.017605
v -0.025180 -0.027974 0.017605
v -0.025180 0.027974 0.017605
v -0.025163 -0.027991 0.014169
v -0.025163 -0.027991 0.017261
v -0.025163 0.027991 0.014169
v -0.025163 0.027991 0.017261
v -0.024809 0.028345 0.014169
v -0.024809 0.028345 0.017245
v -0.024809 -0.028345 0.014169
v -0.024809 -0.028345 0.017245
v -0.023576 -0.020040 0.014169
v -0.023576 -0.020040 0.017245
v -0.023576 0.020040 0.014169
v -0.023576 0.020040 0.017245
v -0.023222 -0.020394 0.014169
v -0.023222 -0.020394 0.017261
v -0.023222 0.020394 0.014169
v -0.023222 0.020394 0.017261
v -0.023205 -0.020411 0.017605
v -0.023205 0.020411 0.017605
v -0.023196 0.025189 0.017261
v -0.023196 0.025189 0.017605
v -0.023196 -0.025189 0.017261
v -0.023196 -0.025189 0.017605
v -0.022805 -0.020811 0.017261
v -0.022805 -0.020811 0.017605
v -0.022805 0.020811 0.017261
v -0.022805 0.020811 0.017605
v -0.022795 -0.025589 0.017605
v -0.022795 0.025589 0.017605
v -0.022778 -0.025607 0.014169
v -0.022778 -0.025607 0.017261
v -0.022778 0.025607 0.014169
v -0.022778 0.025607 0.017261
v -0.022689 -0.045937 0.020981
v -0.022689 0.045937 0.020981
v -0.022548 -0.045853 0.020508
v -0.022548 0.045853 0.020508
v -0.022425 0.025960 0.014169
v -0.022425 0.025960 0.017245
v -0.022425 -0.025960 0.014169
v -0.022425 -0.025960 0.017245
v -0.021191 -0.017656 0.014169
v -0.021191 -0.017656 0.017245
v -0.021191 0.017656 0.014169
v -0.021191 0.017656 0.017245
v -0.020838 0.018009 0.014169
v -0.020838 0.018009 0.017261
v -0.020838 -0.018009 0.014169
v -0.020838 -0.018009 0.017261
v -0.020820 0.018026 0.017605
v -0.020820 -0.018026 0.017605
v -0.020811 -0.022805 0.017261
v -0.020811 -0.022805 0.017605
v -0.020811 0.022805 0.017261
v -0.020811 0.022805 0.017605
v -0.020420 -0.018427 0.017261
v -0.020420 -0.018427 0.017605
v -0.020420 0.018427 0.017261
v -0.020420 0.018427 0.017605
v -0.020411 -0.023205 0.017605
v -0.020411 0.023205 0.017605
v -0.020394 -0.023222 0.014169
v -0.020394 -0.023222 0.017261
v -0.020394 0.023222 0.014169
v -0.020394 0.023222 0.017261
v -0.020040 -0.023576 0.014169
v -0.020040 -0.023576 0.017245
v -0.020040 0.023576 0.014169
v -0.020040 0.023576 0.017245
v -0.019366 -0.017111 0.014295
v -0.019366 -0.017111 0.016789
v -0.019366 0.017111 0.014295
v -0.019366 0.017111 0.016789
v -0.019080 -0.049134 0.021490
v -0.019080 0.049134 0.021490
v -0.018879 -0.049000 0.021052
v -0.018879 0.049000 0.021052
v -0.018807 -0.015271 0.014169
v -0.018807 -0.015271 0.017245
v -0.018807 0.015271 0.014169
v -0.018807 0.015271 0.017245
v -0.018453 0.015625 0.014169
v -0.018453 0.015625 0.017261
v -0.018453 -0.015625 0.014169
v -0.018453 -0.015625 0.017261
v -0.018436 0.015642 0.017605
v -0.018436 -0.015642 0.017605
v -0.018427 -0.020420 0.017261
v -0.018427 -0.020420 0.017605
v -0.018427 0.020420 0.017261
v -0.018427 0.020420 0.017605
v -0.018036 -0.016042 0.017261
v -0.018036 -0.016042 0.017605
v -0.018036 0.016042 0.017261
v -0.018036 0.016042 0.017605
v -0.018026 0.020820 0.017605
v -0.018026 -0.020820 0.017605
v -0.018009 -0.020838 0.014169
v -0.018009 -0.020838 0.017261
v -0.018009 0.020838 0.014169
v -0.018009 0.020838 0.017261
v -0.017935 -0.038539 0.022565
v -0.017935 0.038539 0.022565
v -0.017930 -0.038544 0.023065
v -0.017930 0.038544 0.023065
v -0.017656 -0.021191 0.014169
v -0.017656 -0.021191 0.017245
v -0.017656 0.021191 0.014169
v -0.017656 0.021191 0.017245
v -0.017285 -0.049919 0.022085
v -0.017285 0.049919 0.022085
v -0.017094 -0.049793 0.021640
v -0.017094 0.049793 0.021640
v -0.017094 0.049793 0.021640
v -0.017094 -0.049793 0.021640
v -0.016584 -0.019873 0.014295
v -0.016584 -0.019873 0.016789
v -0.016584 0.019873 0.014295
v -0.016584 0.019873 0.016789
v -0.016422 -0.012887 0.014169
v -0.016422 -0.012887 0.017245
v -0.016422 0.012887 0.014169
v -0.016422 0.012887 0.017245
v -0.016329 -0.049366 0.022527
v -0.016329 0.049366 0.022527
v -0.016160 -0.013149 0.017350
v -0.016160 0.013149 0.017350
v -0.016153 -0.049247 0.022074
v -0.016153 0.049247 0.022074
v -0.016069 -0.013240 0.014169
v -0.016069 -0.013240 0.017261
v -0.016069 0.013240 0.014169
v -0.016069 0.013240 0.017261
v -0.016051 -0.013257 0.017605
v -0.016051 0.013257 0.017605
v -0.016042 -0.018036 0.017261
v -0.016042 -0.018036 0.017605
v -0.016042 0.018036 0.017261
v -0.016042 0.018036 0.017605
v -0.015651 -0.013658 0.017261
v -0.015651 -0.013658 0.017605
v -0.015651 0.013658 0.017261
v -0.015651 0.013658 0.017605
v -0.015642 0.018436 0.017605
v -0.015642 -0.018436 0.017605
v -0.015625 -0.018453 0.014169
v -0.015625 -0.018453 0.017261
v -0.015625 0.018453 0.014169
v -0.015625 0.018453 0.017261
v -0.015512 -0.004768 0.014295
v -0.015512 -0.004768 0.016789
v -0.015512 -0.004768 0.014295
v -0.015512 -0.004768 0.016789
v -0.015512 -0.001327 0.014295
v -0.015512 -0.001327 0.016789
v -0.015512 -0.001327 0.014295
v -0.015512 -0.001327 0.016789
v -0.015512 0.000000 0.014295
v -0.015512 0.000000 0.016789
v -0.015512 0.000000 0.014295
v -0.015512 0.000000 0.016789
v -0.015512 0.001327 0.014295
v -0.015512 0.001327 0.016789
v -0.015512 0.001327 0.014295
v -0.015512 0.001327 0.016789
v -0.015512 0.004768 0.014295
v -0.015512 0.004768 0.016789
v -0.015512 0.004768 0.014295
v -0.015512 0.004768 0.016789
v -0.015385 -0.011142 0.014295
v -0.015385 -0.011142 0.016789
v -0.015385 0.011142 0.014295
v -0.015385 0.011142 0.016789
v -0.015271 -0.018807 0.014169
v -0.015271 -0.018807 0.017245
v -0.015271 0.018807 0.014169
v -0.015271 0.018807 0.017245
v -0.015117 -0.048267 0.023044
v -0.015117 0.048267 0.023044
v -0.014962 -0.048157 0.022582
v -0.014962 0.048156 0.022582
v -0.014409 -0.047228 0.023213
v -0.014409 0.047228 0.023213
v -0.014292 0.047140 0.022735
v -0.014292 -0.047140 0.022735
v -0.014257 -0.042965 0.023085
v -0.014257 0.042965 0.023085
v -0.014221 -0.042925 0.022588
v -0.014221 0.042925 0.022588
v -0.013937 -0.045675 0.023133
v -0.013937 0.045675 0.023133
v -0.013870 -0.045619 0.022641
v -0.013870 0.045619 0.022641
v -0.013658 -0.015651 0.017261
v -0.013658 -0.015651 0.017605
v -0.013658 0.015651 0.017261
v -0.013658 0.015651 0.017605
v -0.013493 -0.003099 0.014295
v -0.013493 -0.003099 0.016789
v -0.013493 0.003099 0.014295
v -0.013493 0.003099 0.016789
v -0.013257 -0.016051 0.017605
v -0.013257 0.016051 0.017605
v -0.013240 -0.016069 0.014169
v -0.013240 -0.016069 0.017261
v -0.013240 0.016069 0.014169
v -0.013240 0.016069 0.017261
v -0.013149 -0.016160 0.017350
v -0.013149 0.016160 0.017350
v -0.012949 -0.006719 0.016789
v -0.012949 -0.006719 0.016789
v -0.012949 0.006719 0.016789
v -0.012949 0.006719 0.016789
v -0.012887 -0.016422 0.014169
v -0.012887 -0.016422 0.017245
v -0.012887 0.016422 0.014169
v -0.012887 0.016422 0.017245
v -0.010644 -0.015849 0.014295
v -0.010644 -0.015849 0.016789
v -0.010644 0.015849 0.014295
v -0.010644 0.015849 0.016789
v -0.008020 -0.010278 0.016789
v -0.008020 0.010278 0.016789
v -0.008020 0.010278 0.016789
v -0.003097 -0.013838 0.016789
v -0.003097 0.013838 0.016789
v -0.003097 -0.013838 0.014295
v -0.003097 0.013838 0.014295
v -0.002615 -0.013898 0.014295
v -0.002615 -0.013898 0.016789
v -0.002615 0.013898 0.014295
v -0.002615 0.013898 0.016789
v 0.002615 -0.013898 0.014295
v 0.002615 -0.013898 0.016789
v 0.002615 0.013898 0.014295
v 0.002615 0.013898 0.016789
v 0.002676 -0.013838 0.014295
v 0.002676 -0.013838 0.016789
v 0.002676 0.013838 0.014295
v 0.002676 0.013838 0.016789
v 0.006261 -0.010278 0.014295
v 0.006261 -0.010278 0.016789
v 0.006261 0.010278 0.014295
v 0.006261 0.010278 0.016789
v 0.006261 0.010278 0.014295
v 0.006261 0.010278 0.016789
v 0.009847 -0.006719 0.014295
v 0.009847 -0.006719 0.016789
v 0.009847 -0.006719 0.014295
v 0.009847 -0.006719 0.016789
v 0.009847 0.006719 0.014295
v 0.009847 0.006719 0.016789
v 0.009847 0.006719 0.014295
v 0.009847 0.006719 0.016789
v 0.010644 -0.015849 0.016789
v 0.010644 0.015849 0.016789
v 0.010644 -0.015849 0.014295
v 0.010644 0.015849 0.014295
v 0.012887 0.016422 0.014169
v 0.012887 0.016422 0.017245
v 0.012887 -0.016422 0.014169
v 0.012887 -0.016422 0.017245
v 0.013149 -0.016160 0.017350
v 0.013149 0.016160 0.017350
v 0.013240 -0.016069 0.014169
v 0.013240 -0.016069 0.017261
v 0.013240 0.016069 0.014169
v 0.013240 0.016069 0.017261
v 0.013257 -0.016051 0.017605
v 0.013257 0.016051 0.017605
v 0.013432 -0.003159 0.014295
v 0.013432 -0.003159 0.016789
v 0.013432 0.003159 0.014295
v 0.013432 0.003159 0.016789
v 0.013432 0.003159 0.014295
v 0.013432 0.003159 0.016789
v 0.013493 -0.003099 0.014295
v 0.013493 -0.003099 0.016789
v 0.013493 0.003099 0.014295
v 0.013493 0.003099 0.016789
v 0.013658 0.015651 0.017261
v 0.013658 0.015651 0.017605
v 0.013658 -0.015651 0.017261
v 0.013658 -0.015651 0.017605
v 0.013870 -0.045619 0.022641
v 0.013870 0.045619 0.022641
v 0.013937 -0.045675 0.023133
v 0.013937 0.045675 0.023133
v 0.014221 -0.042925 0.022588
v 0.014221 0.042925 0.022588
v 0.014257 -0.042965 0.023085
v 0.014257 0.042965 0.023085
v 0.014292 -0.047140 0.022735
v 0.014292 0.047140 0.022735
v 0.014409 -0.047228 0.023213
v 0.014409 0.047228 0.023213
v 0.014962 0.048156 0.022582
v 0.014962 -0.048156 0.022582
v 0.015117 0.048267 0.023044
v 0.015117 -0.048267 0.023044
v 0.015271 0.018807 0.014169
v 0.015271 0.018807 0.017245
v 0.015271 -0.018807 0.014169
v 0.015271 -0.018807 0.017245
v 0.015385 -0.011142 0.014295
v 0.015385 -0.011142 0.016789
v 0.015385 0.011142 0.014295
v 0.015385 0.011142 0.016789
v 0.015625 -0.018453 0.014169
v 0.015625 -0.018453 0.017261
v 0.015625 0.018453 0.014169
v 0.015625 0.018453 0.017261
v 0.015642 -0.018436 0.017605
v 0.015642 0.018436 0.017605
v 0.015651 -0.013658 0.017261
v 0.015651 -0.013658 0.017605
v 0.015651 0.013658 0.017261
v 0.015651 0.013658 0.017605
v 0.016042 -0.018036 0.017261
v 0.016042 -0.018036 0.017605
v 0.016042 0.018036 0.017261
v 0.016042 0.018036 0.017605
v 0.016051 0.013257 0.017605
v 0.016051 -0.013257 0.017605
v 0.016069 0.013240 0.014169
v 0.016069 0.013240 0.017261
v 0.016069 -0.013240 0.014169
v 0.016069 -0.013240 0.017261
v 0.016153 0.049247 0.022074
v 0.016153 -0.049247 0.022074
v 0.016160 -0.013149 0.017350
v 0.016160 0.013149 0.017350
v 0.016329 -0.049366 0.022527
v 0.016329 0.049366 0.022527
v 0.016422 -0.012887 0.014169
v 0.016422 -0.012887 0.017245
v 0.016422 0.012887 0.014169
v 0.016422 0.012887 0.017245
v 0.016584 -0.019873 0.014295
v 0.016584 -0.019873 0.016789
v 0.016584 0.019873 0.014295
v 0.016584 0.019873 0.016789
v 0.017094 -0.049793 0.021640
v 0.017094 0.049793 0.021640
v 0.017094 -0.049793 0.021640
v 0.017094 0.049793 0.021640
v 0.017285 -0.049919 0.022085
v 0.017285 0.049919 0.022085
v 0.017656 0.021191 0.014169
v 0.017656 0.021191 0.017245
v 0.017656 -0.021191 0.014169
v 0.017656 -0.021191 0.017245
v 0.017930 -0.038544 0.023065
v 0.017930 0.038544 0.023065
v 0.017935 0.038539 0.022565
v 0.017935 -0.038539 0.022565
v 0.018009 -0.020838 0.014169
v 0.018009 -0.020838 0.017261
v 0.018009 0.020838 0.014169
v 0.018009 0.020838 0.017261
v 0.018026 -0.020820 0.017605
v 0.018026 0.020820 0.017605
v 0.018036 -0.016042 0.017261
v 0.018036 -0.016042 0.017605
v 0.018036 0.016042 0.017261
v 0.018036 0.016042 0.017605
v 0.018248 -0.001543 0.014295
v 0.018248 -0.001543 0.016789
v 0.018248 0.000000 0.014295
v 0.018248 0.000000 0.016789
v 0.018248 0.000000 0.014295
v 0.018248 0.000000 0.016789
v 0.018248 0.001543 0.014295
v 0.018248 0.001543 0.016789
v 0.018248 0.001543 0.014295
v 0.018248 0.001543 0.016789
v 0.018427 -0.020420 0.017261
v 0.018427 -0.020420 0.017605
v 0.018427 0.020420 0.017261
v 0.018427 0.020420 0.017605
v 0.018436 0.015642 0.017605
v 0.018436 -0.015642 0.017605
v 0.018453 0.015625 0.017261
v 0.018453 -0.015625 0.014169
v 0.018453 -0.015625 0.017261
v 0.018453 0.015625 0.014169
v 0.018807 0.015271 0.017245
v 0.018807 0.015271 0.014169
v 0.018807 -0.015271 0.014169
v 0.018807 -0.015271 0.017245
v 0.018879 -0.049000 0.021052
v 0.018879 0.049000 0.021052
v 0.019080 0.049134 0.021490
v 0.019080 -0.049134 0.021490
v 0.019366 -0.017111 0.014295
v 0.019366 -0.017111 0.016789
v 0.019366 0.017111 0.014295
v 0.019366 0.017111 0.016789
v 0.020040 -0.023576 0.014169
v 0.020040 -0.023576 0.017245
v 0.020040 0.023576 0.014169
v 0.020040 0.023576 0.017245
v 0.020394 -0.023222 0.014169
v 0.020394 -0.023222 0.017261
v 0.020394 0.023222 0.014169
v 0.020394 0.023222 0.017261
v 0.020411 -0.023205 0.017605
v 0.020411 0.023205 0.017605
v 0.020420 -0.018427 0.017261
v 0.020420 -0.018427 0.017605
v 0.020420 0.018427 0.017261
v 0.020420 0.018427 0.017605
v 0.020811 -0.022805 0.017261
v 0.020811 -0.022805 0.017605
v 0.020811 0.022805 0.017261
v 0.020811 0.022805 0.017605
v 0.020820 0.018026 0.017605
v 0.020820 -0.018026 0.017605
v 0.020838 -0.018009 0.014169
v 0.020838 -0.018009 0.017261
v 0.020838 0.018009 0.014169
v 0.020838 0.018009 0.017261
v 0.021191 0.017656 0.017245
v 0.021191 0.017656 0.014169
v 0.021191 -0.017656 0.014169
v 0.021191 -0.017656 0.017245
v 0.022425 0.025960 0.014169
v 0.022425 0.025960 0.017245
v 0.022425 -0.025960 0.014169
v 0.022425 -0.025960 0.017245
v 0.022548 -0.045853 0.020508
v 0.022548 0.045853 0.020508
v 0.022689 -0.045937 0.020981
v 0.022689 0.045937 0.020981
v 0.022778 0.025607 0.014169
v 0.022778 -0.025607 0.014169
v 0.022778 -0.025607 0.017261
v 0.022778 0.025607 0.017261
v 0.022795 -0.025589 0.017605
v 0.022795 0.025589 0.017605
v 0.022805 -0.020811 0.017261
v 0.022805 -0.020811 0.017605
v 0.022805 0.020811 0.017261
v 0.022805 0.020811 0.017605
v 0.023196 -0.025189 0.017261
v 0.023196 -0.025189 0.017605
v 0.023196 0.025189 0.017261
v 0.023196 0.025189 0.017605
v 0.023205 -0.020411 0.017605
v 0.023205 0.020411 0.017605
v 0.023222 -0.020394 0.014169
v 0.023222 -0.020394 0.017261
v 0.023222 0.020394 0.017261
v 0.023222 0.020394 0.014169
v 0.023576 0.020040 0.014169
v 0.023576 0.020040 0.017245
v 0.023576 -0.020040 0.014169
v 0.023576 -0.020040 0.017245
v 0.024809 -0.028345 0.014169
v 0.024809 -0.028345 0.017245
v 0.024809 0.028345 0.014169
v 0.024809 0.028345 0.017245
v 0.025163 -0.027991 0.014169
v 0.025163 -0.027991 0.017261
v 0.025163 0.027991 0.014169
v 0.025163 0.027991 0.017261
v 0.025180 -0.027974 0.017605
v 0.025180 0.027974 0.017605
v 0.025189 -0.023196 0.017261
v 0.025189 -0.023196 0.017605
v 0.025189 0.023196 0.017261
v 0.025189 0.023196 0.017605
v 0.025580 -0.027574 0.017261
v 0.025580 -0.027574 0.017605
v 0.025580 0.027574 0.017261
v 0.025580 0.027574 0.017605
v 0.025589 0.022795 0.017605
v 0.025589 -0.022795 0.017605
v 0.025607 -0.022778 0.014169
v 0.025607 -0.022778 0.017261
v 0.025607 0.022778 0.017261
v 0.025607 0.022778 0.014169
v 0.025960 0.022425 0.014169
v 0.025960 0.022425 0.017245
v 0.025960 -0.022425 0.014169
v 0.025960 -0.022425 0.017245
v 0.026907 -0.029467 0.014295
v 0.026907 -0.029467 0.016789
v 0.026907 0.029467 0.014295
v 0.026907 0.029467 0.016789
v 0.027065 -0.030284 0.008461
v 0.027065 -0.030284 0.018461
v 0.027065 0.030284 0.008461
v 0.027065 0.030284 0.018461
v 0.027090 0.031844 0.008461
v 0.027090 0.031844 0.018461
v 0.027090 -0.031844 0.008461
v 0.027090 -0.031844 0.018461
v 0.027194 -0.030729 0.014169
v 0.027194 -0.030729 0.017245
v 0.027194 0.030729 0.014169
v 0.027194 0.030729 0.017245
v 0.027394 0.030529 0.014169
v 0.027394 0.030529 0.017325
v 0.027394 0.030529 0.017439
v 0.027394 -0.030529 0.014169
v 0.027394 -0.030529 0.017325
v 0.027394 -0.030529 0.017439
v 0.027445 -0.030273 0.014169
v 0.027445 -0.030273 0.017261
v 0.027445 0.030273 0.014169
v 0.027445 0.030273 0.017261
v 0.027450 -0.030244 0.017605
v 0.027450 0.030244 0.017605
v 0.027498 -0.030363 0.010011
v 0.027498 -0.030363 0.018461
v 0.027498 0.030363 0.010011
v 0.027498 0.030363 0.018461
v 0.027521 -0.031751 0.010011
v 0.027521 -0.031751 0.018461
v 0.027521 0.031751 0.010011
v 0.027521 0.031751 0.018461
v 0.027574 -0.025580 0.017261
v 0.027574 -0.025580 0.017605
v 0.027574 0.025580 0.017261
v 0.027574 0.025580 0.017605
v 0.027582 -0.029584 0.017261
v 0.027582 -0.029584 0.017605
v 0.027582 0.029584 0.017261
v 0.027582 0.029584 0.017605
v 0.027585 -0.029579 0.017261
v 0.027585 -0.029579 0.017605
v 0.027585 0.029579 0.017261
v 0.027585 0.029579 0.017605
v 0.027638 -0.028832 0.008461
v 0.027638 -0.028832 0.018461
v 0.027638 0.028832 0.008461
v 0.027638 0.028832 0.018461
v 0.027711 -0.033276 0.008461
v 0.027711 -0.033276 0.018461
v 0.027711 0.033276 0.008461
v 0.027711 0.033276 0.018461
v 0.027974 -0.025180 0.017605
v 0.027974 0.025180 0.017605
v 0.027991 -0.025163 0.014169
v 0.027991 -0.025163 0.017261
v 0.027991 0.025163 0.014169
v 0.027991 0.025163 0.017261
v 0.028000 -0.031000 0.008461
v 0.028000 -0.031000 0.010011
v 0.028000 0.031000 0.008461
v 0.028000 0.031000 0.010011
v 0.028009 -0.029071 0.010011
v 0.028009 -0.029071 0.018461
v 0.028009 0.029071 0.010011
v 0.028009 0.029071 0.018461
v 0.028073 0.033025 0.010011
v 0.028073 0.033025 0.018461
v 0.028073 -0.033025 0.010011
v 0.028073 -0.033025 0.018461
v 0.028105 0.030473 0.008461
v 0.028105 -0.030473 0.008461
v 0.028179 0.031000 0.009016
v 0.028179 0.031000 0.019596
v 0.028179 -0.031000 0.009016
v 0.028179 -0.031000 0.019596
v 0.028228 -0.032148 0.008461
v 0.028228 -0.032148 0.010011
v 0.028228 -0.029852 0.008461
v 0.028228 -0.029852 0.010011
v 0.028228 0.029852 0.008461
v 0.028228 0.029852 0.010011
v 0.028228 0.032148 0.008461
v 0.028228 0.032148 0.010011
v 0.028345 -0.024809 0.014169
v 0.028345 -0.024809 0.017245
v 0.028345 0.024809 0.014169
v 0.028345 0.024809 0.017245
v 0.028393 0.029920 0.009016
v 0.028393 0.029920 0.019596
v 0.028393 0.032080 0.009016
v 0.028393 0.032080 0.019596
v 0.028393 -0.032080 0.009016
v 0.028393 -0.032080 0.019596
v 0.028393 -0.029920 0.009016
v 0.028393 -0.029920 0.019596
v 0.028724 -0.027711 0.008461
v 0.028724 -0.027711 0.018461
v 0.028724 0.027711 0.008461
v 0.028724 0.027711 0.018461
v 0.028832 0.034362 0.008461
v 0.028832 0.034362 0.018461
v 0.028832 -0.034362 0.008461
v 0.028832 -0.034362 0.018461
v 0.028879 -0.033121 0.008461
v 0.028879 -0.033121 0.010011
v 0.028879 0.028879 0.008461
v 0.028879 0.028879 0.010011
v 0.028879 0.033121 0.008461
v 0.028879 0.033121 0.010011
v 0.028879 -0.028879 0.008461
v 0.028879 -0.028879 0.010011
v 0.028885 -0.027503 0.014295
v 0.028885 -0.027503 0.016789
v 0.028885 0.027503 0.014295
v 0.028885 0.027503 0.016789
v 0.028949 -0.030994 0.022451
v 0.028949 0.030994 0.022451
v 0.028975 -0.028074 0.010011
v 0.028975 -0.028074 0.018461
v 0.028975 0.028073 0.010011
v 0.028975 0.028073 0.018461
v 0.029000 -0.031043 0.019946
v 0.029000 -0.031043 0.022946
v 0.029000 -0.031043 0.023946
v 0.029000 0.031043 0.019946
v 0.029000 0.031043 0.022946
v 0.029000 0.031043 0.023946
v 0.029005 0.029005 0.009016
v 0.029005 0.029005 0.019596
v 0.029005 0.032995 0.009016
v 0.029005 0.032995 0.019596
v 0.029005 -0.032995 0.009016
v 0.029005 -0.032995 0.019596
v 0.029005 -0.029005 0.009016
v 0.029005 -0.029005 0.019596
v 0.029066 -0.031726 0.021996
v 0.029066 0.031726 0.021996
v 0.029071 -0.033991 0.010011
v 0.029071 -0.033991 0.018461
v 0.029071 0.033991 0.010011
v 0.029071 0.033991 0.018461
v 0.029132 -0.030261 0.022758
v 0.029132 0.030261 0.022758
v 0.029136 -0.030274 0.019946
v 0.029136 -0.030274 0.023258
v 0.029136 -0.030274 0.023946
v 0.029136 0.030274 0.019946
v 0.029136 0.030274 0.023258
v 0.029136 0.030274 0.023946
v 0.029169 -0.031805 0.019946
v 0.029169 -0.031805 0.022479
v 0.029169 -0.031805 0.023946
v 0.029169 0.031805 0.019946
v 0.029169 0.031805 0.022479
v 0.029169 0.031805 0.023946
v 0.029169 0.031805 0.022479
v 0.029405 -0.033473 0.010011
v 0.029405 0.033473 0.010011
v 0.029462 -0.032334 0.021465
v 0.029462 0.032334 0.021465
v 0.029556 0.029616 0.019946
v 0.029556 0.029616 0.020489
v 0.029556 0.029616 0.023367
v 0.029556 0.029616 0.023946
v 0.029556 -0.029616 0.019946
v 0.029556 -0.029616 0.020489
v 0.029556 -0.029616 0.023367
v 0.029556 -0.029616 0.023946
v 0.029561 -0.029612 0.022867
v 0.029561 0.029612 0.022867
v 0.029579 -0.027585 0.017261
v 0.029579 -0.027585 0.017605
v 0.029579 0.027585 0.017261
v 0.029579 0.027585 0.017605
v 0.029584 -0.027582 0.017261
v 0.029584 -0.027582 0.017605
v 0.029584 0.027582 0.017261
v 0.029584 0.027582 0.017605
v 0.029616 -0.032444 0.019946
v 0.029616 -0.032444 0.021928
v 0.029616 -0.032444 0.023946
v 0.029616 0.032444 0.019946
v 0.029616 0.032444 0.021928
v 0.029616 0.032444 0.023946
v 0.029697 -0.029701 0.020017
v 0.029697 0.029701 0.020017
v 0.029852 -0.028228 0.008461
v 0.029852 -0.028228 0.010011
v 0.029852 0.028228 0.008461
v 0.029852 0.028228 0.010011
v 0.029852 0.033772 0.008461
v 0.029852 0.033772 0.010011
v 0.029852 -0.033772 0.008461
v 0.029852 -0.033772 0.010011
v 0.029920 0.028393 0.009016
v 0.029920 0.028393 0.019596
v 0.029920 0.033607 0.009016
v 0.029920 0.033607 0.019596
v 0.029920 -0.033607 0.009016
v 0.029920 -0.033607 0.019596
v 0.029920 -0.028393 0.009016
v 0.029920 -0.028393 0.019596
v 0.030096 -0.032744 0.020926
v 0.030096 0.032744 0.020926
v 0.030156 -0.027090 0.008461
v 0.030156 -0.027090 0.018461
v 0.030156 0.027090 0.008461
v 0.030156 0.027090 0.018461
v 0.030195 -0.029169 0.019946
v 0.030195 -0.029169 0.020599
v 0.030195 -0.029169 0.023946
v 0.030195 0.029169 0.019946
v 0.030195 0.029169 0.023946
v 0.030195 0.029169 0.020599
v 0.030244 -0.027450 0.017605
v 0.030244 0.027450 0.017605
v 0.030249 -0.027521 0.010011
v 0.030249 -0.027521 0.018461
v 0.030249 0.027521 0.010011
v 0.030249 0.027521 0.018461
v 0.030273 -0.027445 0.014169
v 0.030273 -0.027445 0.017261
v 0.030273 0.027445 0.014169
v 0.030273 0.027445 0.017261
v 0.030274 -0.032864 0.019946
v 0.030274 -0.032864 0.021378
v 0.030274 -0.032864 0.023946
v 0.030274 0.032864 0.019946
v 0.030274 0.032864 0.021378
v 0.030274 0.032864 0.023946
v 0.030284 -0.034935 0.008461
v 0.030284 -0.034935 0.018461
v 0.030284 0.034935 0.008461
v 0.030284 0.034935 0.018461
v 0.030350 -0.029265 0.020133
v 0.030350 0.029265 0.020133
v 0.030363 0.034502 0.010011
v 0.030363 0.034502 0.018461
v 0.030363 -0.034502 0.010011
v 0.030363 -0.034502 0.018461
v 0.030529 -0.027394 0.014169
v 0.030529 -0.027394 0.017325
v 0.030529 -0.027394 0.017439
v 0.030529 0.027394 0.014169
v 0.030529 0.027394 0.017325
v 0.030529 0.027394 0.017439
v 0.030729 0.027194 0.014169
v 0.030729 0.027194 0.017245
v 0.030729 -0.027194 0.014169
v 0.030729 -0.027194 0.017245
v 0.030804 -0.034927 0.001422
v 0.030804 -0.034927 0.008461
v 0.030804 -0.034927 0.018461
v 0.030804 0.034927 0.001422
v 0.030804 0.034927 0.008461
v 0.030804 0.034927 0.018461
v 0.030828 -0.036384 0.001422
v 0.030828 0.036384 0.001422
v 0.030843 -0.032867 0.020472
v 0.030843 0.032867 0.020472
v 0.030846 0.037482 0.018461
v 0.030846 -0.037482 0.018461
v 0.030858 -0.038208 0.003246
v 0.030858 -0.038208 0.008461
v 0.030858 -0.038208 0.017735
v 0.030858 0.038208 0.003246
v 0.030858 0.038208 0.008461
v 0.030858 0.038208 0.017735
v 0.030957 -0.029000 0.019946
v 0.030957 -0.029000 0.020911
v 0.030957 -0.029000 0.023946
v 0.030957 0.029000 0.020911
v 0.030957 0.029000 0.019946
v 0.030957 0.029000 0.023946
v 0.031000 -0.034000 0.008461
v 0.031000 -0.034000 0.010011
v 0.031000 -0.028000 0.008461
v 0.031000 -0.028000 0.010011
v 0.031000 0.028000 0.008461
v 0.031000 0.028000 0.010011
v 0.031000 0.028179 0.009016
v 0.031000 0.028179 0.019596
v 0.031000 0.033821 0.009016
v 0.031000 0.033821 0.019596
v 0.031000 0.034000 0.008461
v 0.031000 0.034000 0.010011
v 0.031000 -0.033821 0.009016
v 0.031000 -0.033821 0.019596
v 0.031000 -0.028179 0.009016
v 0.031000 -0.028179 0.019596
v 0.031043 0.033000 0.019946
v 0.031043 0.033000 0.020911
v 0.031043 0.033000 0.023946
v 0.031043 -0.033000 0.019946
v 0.031043 -0.033000 0.020911
v 0.031043 -0.033000 0.023946
v 0.031157 -0.029133 0.020472
v 0.031157 0.029133 0.020472
v 0.031324 -0.034918 0.001422
v 0.031324 -0.034918 0.008461
v 0.031324 -0.034918 0.018461
v 0.031324 0.034918 0.001422
v 0.031324 0.034918 0.008461
v 0.031324 0.034918 0.018461
v 0.031348 -0.036376 0.001422
v 0.031348 0.036376 0.001422
v 0.031366 -0.037474 0.018461
v 0.031366 0.037474 0.018461
v 0.031378 -0.038200 0.003246
v 0.031378 -0.038200 0.008461
v 0.031378 -0.038200 0.017735
v 0.031378 0.038200 0.003246
v 0.031378 0.038200 0.008461
v 0.031378 0.038200 0.017735
v 0.031637 -0.027498 0.010011
v 0.031637 -0.027498 0.018461
v 0.031637 0.027498 0.010011
v 0.031637 0.027498 0.018461
v 0.031650 -0.032735 0.020133
v 0.031650 0.032735 0.020133
v 0.031716 0.027065 0.008461
v 0.031716 0.027065 0.018461
v 0.031716 -0.027065 0.008461
v 0.031716 -0.027065 0.018461
v 0.031726 -0.029136 0.019946
v 0.031726 -0.029136 0.021378
v 0.031726 -0.029136 0.023946
v 0.031726 0.029136 0.019946
v 0.031726 0.029136 0.021378
v 0.031726 0.029136 0.023946
v 0.031751 -0.034479 0.010011
v 0.031751 -0.034479 0.018461
v 0.031751 0.034479 0.010011
v 0.031751 0.034479 0.018461
v 0.031805 -0.032831 0.019946
v 0.031805 -0.032831 0.020599
v 0.031805 -0.032831 0.023946
v 0.031805 0.032831 0.019946
v 0.031805 0.032831 0.020599
v 0.031805 0.032831 0.023946
v 0.031844 -0.034910 0.008461
v 0.031844 -0.034910 0.018461
v 0.031844 0.034910 0.008461
v 0.031844 0.034910 0.018461
v 0.031904 -0.029256 0.020926
v 0.031904 0.029256 0.020926
v 0.032080 0.028393 0.009016
v 0.032080 0.028393 0.019596
v 0.032080 0.033607 0.009016
v 0.032080 0.033607 0.019596
v 0.032080 -0.033607 0.009016
v 0.032080 -0.033607 0.019596
v 0.032080 -0.028393 0.009016
v 0.032080 -0.028393 0.019596
v 0.032148 -0.033772 0.008461
v 0.032148 -0.033772 0.010011
v 0.032148 -0.028228 0.008461
v 0.032148 -0.028228 0.010011
v 0.032148 0.028228 0.008461
v 0.032148 0.028228 0.010011
v 0.032148 0.033772 0.008461
v 0.032148 0.033772 0.010011
v 0.032303 -0.032299 0.020017
v 0.032303 0.032299 0.020017
v 0.032384 -0.029556 0.019946
v 0.032384 -0.029556 0.021928
v 0.032384 -0.029556 0.023946
v 0.032384 0.029556 0.021928
v 0.032384 0.029556 0.019946
v 0.032384 0.029556 0.023946
v 0.032439 0.032388 0.022867
v 0.032439 -0.032388 0.022867
v 0.032444 -0.032384 0.019946
v 0.032444 -0.032384 0.020489
v 0.032444 -0.032384 0.023367
v 0.032444 -0.032384 0.023946
v 0.032444 0.032384 0.019946
v 0.032444 0.032384 0.020489
v 0.032444 0.032384 0.023367
v 0.032444 0.032384 0.023946
v 0.032538 -0.029666 0.021465
v 0.032538 0.029666 0.021465
v 0.032595 -0.028527 0.010011
v 0.032595 0.028527 0.010011
v 0.032831 -0.030195 0.019946
v 0.032831 -0.030195 0.022479
v 0.032831 -0.030195 0.023946
v 0.032831 0.030195 0.022479
v 0.032831 0.030195 0.019946
v 0.032831 0.030195 0.023946
v 0.032864 -0.031726 0.019946
v 0.032864 -0.031726 0.023258
v 0.032864 -0.031726 0.023946
v 0.032864 0.031726 0.023258
v 0.032864 0.031726 0.019946
v 0.032864 0.031726 0.023946
v 0.032868 -0.031739 0.022758
v 0.032868 0.031739 0.022758
v 0.032929 -0.028009 0.010011
v 0.032929 -0.028009 0.018461
v 0.032929 0.028009 0.010011
v 0.032929 0.028009 0.018461
v 0.032934 -0.030274 0.021996
v 0.032934 0.030274 0.021996
v 0.032995 0.029005 0.009016
v 0.032995 0.029005 0.019596
v 0.032995 0.032995 0.009016
v 0.032995 0.032995 0.019596
v 0.032995 -0.032995 0.009016
v 0.032995 -0.032995 0.019596
v 0.032995 -0.029005 0.009016
v 0.032995 -0.029005 0.019596
v 0.033000 -0.030957 0.019946
v 0.033000 -0.030957 0.022946
v 0.033000 -0.030957 0.023946
v 0.033000 0.030957 0.019946
v 0.033000 0.030957 0.022946
v 0.033000 0.030957 0.023946
v 0.033025 -0.033927 0.010011
v 0.033025 -0.033927 0.018461
v 0.033025 0.033927 0.010011
v 0.033025 0.033927 0.018461
v 0.033051 -0.031006 0.022451
v 0.033051 0.031006 0.022451
v 0.033121 -0.033121 0.008461
v 0.033121 -0.033121 0.010011
v 0.033121 -0.028879 0.008461
v 0.033121 -0.028879 0.010011
v 0.033121 0.028879 0.008461
v 0.033121 0.028879 0.010011
v 0.033121 0.033121 0.008461
v 0.033121 0.033121 0.010011
v 0.033168 0.027638 0.008461
v 0.033168 0.027638 0.018461
v 0.033168 -0.027638 0.008461
v 0.033168 -0.027638 0.018461
v 0.033276 0.034289 0.008461
v 0.033276 0.034289 0.018461
v 0.033276 -0.034289 0.008461
v 0.033276 -0.034289 0.018461
v 0.033607 0.029920 0.009016
v 0.033607 0.029920 0.019596
v 0.033607 0.032080 0.009016
v 0.033607 0.032080 0.019596
v 0.033607 -0.032080 0.009016
v 0.033607 -0.032080 0.019596
v 0.033607 -0.029920 0.009016
v 0.033607 -0.029920 0.019596
v 0.033772 -0.032148 0.008461
v 0.033772 -0.032148 0.010011
v 0.033772 -0.029852 0.008461
v 0.033772 -0.029852 0.010011
v 0.033772 0.029852 0.008461
v 0.033772 0.029852 0.010011
v 0.033772 0.032148 0.008461
v 0.033772 0.032148 0.010011
v 0.033821 0.031000 0.009016
v 0.033821 0.031000 0.019596
v 0.033821 -0.031000 0.009016
v 0.033821 -0.031000 0.019596
v 0.033895 -0.031527 0.008461
v 0.033895 0.031527 0.008461
v 0.033927 -0.028975 0.010011
v 0.033927 -0.028975 0.018461
v 0.033927 0.028975 0.010011
v 0.033927 0.028975 0.018461
v 0.033991 -0.032929 0.010011
v 0.033991 -0.032929 0.018461
v 0.033991 0.032929 0.010011
v 0.033991 0.032929 0.018461
v 0.034000 0.031000 0.008461
v 0.034000 0.031000 0.010011
v 0.034000 -0.031000 0.008461
v 0.034000 -0.031000 0.010011
v 0.034289 -0.028724 0.008461
v 0.034289 -0.028724 0.018461
v 0.034289 0.028724 0.008461
v 0.034289 0.028724 0.018461
v 0.034362 -0.033168 0.008461
v 0.034362 -0.033168 0.018461
v 0.034362 0.033168 0.008461
v 0.034362 0.033168 0.018461
v 0.034479 -0.030249 0.010011
v 0.034479 -0.030249 0.018461
v 0.034479 0.030249 0.010011
v 0.034479 0.030249 0.018461
v 0.034502 0.031637 0.010011
v 0.034502 0.031637 0.018461
v 0.034502 -0.031637 0.010011
v 0.034502 -0.031637 0.018461
v 0.034910 -0.030156 0.008461
v 0.034910 -0.030156 0.018461
v 0.034910 0.030156 0.008461
v 0.034910 0.030156 0.018461
v 0.034921 0.030708 0.001422
v 0.034921 0.030708 0.008461
v 0.034921 0.030708 0.018461
v 0.034921 -0.030708 0.001422
v 0.034921 -0.030708 0.008461
v 0.034921 -0.030708 0.018461
v 0.034925 -0.031229 0.001422
v 0.034925 -0.031229 0.008461
v 0.034925 -0.031229 0.018461
v 0.034925 0.031228 0.001422
v 0.034925 0.031228 0.008461
v 0.034925 0.031228 0.018461
v 0.034935 -0.031716 0.008461
v 0.034935 -0.031716 0.018461
v 0.034935 0.031716 0.008461
v 0.034935 0.031716 0.018461
v 0.036378 -0.030697 0.001422
v 0.036378 0.030697 0.001422
v 0.036383 -0.031217 0.001422
v 0.036383 0.031217 0.001422
v 0.037477 -0.030688 0.018461
v 0.037477 0.030688 0.018461
v 0.037481 0.031208 0.018461
v 0.037481 -0.031208 0.018461
v 0.038203 -0.030682 0.003246
v 0.038203 -0.030682 0.008461
v 0.038203 -0.030682 0.017735
v 0.038203 0.030682 0.003246
v 0.038203 0.030682 0.008461
v 0.038203 0.030682 0.017735
v 0.038207 0.031202 0.003246
v 0.038207 0.031202 0.008461
v 0.038207 0.031202 0.017735
v 0.038207 -0.031202 0.003246
v 0.038207 -0.031202 0.008461
v 0.038207 -0.031202 0.017735
v 0.039311 -0.016063 0.020981
v 0.039311 0.016063 0.020981
v 0.039452 0.016147 0.020508
v 0.039452 -0.016147 0.020508
v 0.042920 0.012866 0.021490
v 0.042920 -0.012866 0.021490
v 0.043121 -0.013000 0.021052
v 0.043121 0.013000 0.021052
v 0.044065 -0.023461 0.022565
v 0.044065 0.023461 0.022565
v 0.044070 -0.023456 0.023065
v 0.044070 0.023456 0.023065
v 0.044715 -0.012081 0.022085
v 0.044715 0.012081 0.022085
v 0.044906 -0.012207 0.021640
v 0.044906 0.012207 0.021640
v 0.045671 -0.012634 0.022527
v 0.045671 0.012634 0.022527
v 0.045847 0.012753 0.022074
v 0.045847 -0.012753 0.022074
v 0.046883 -0.013733 0.023044
v 0.046883 0.013733 0.023044
v 0.047038 -0.013844 0.022582
v 0.047038 0.013844 0.022582
v 0.047591 -0.014772 0.023213
v 0.047591 0.014772 0.023213
v 0.047708 -0.014860 0.022735
v 0.047708 0.014860 0.022735
v 0.047743 0.019035 0.023085
v 0.047743 -0.019035 0.023085
v 0.047779 -0.019075 0.022588
v 0.047779 0.019075 0.022588
v 0.048063 -0.016325 0.023133
v 0.048063 0.016325 0.023133
v 0.048130 -0.016381 0.022641
v 0.048130 0.016381 0.022641

vt 0.000000 0.942038
vt 0.000000 0.942038
vt 0.000698 0.963892
vt 0.000698 0.963892
vt 0.003649 0.939702
vt 0.003649 0.939702
vt 0.004027 0.961769
vt 0.004027 0.961769
vt 0.004387 0.946218
vt 0.004387 0.946218
vt 0.005602 0.967442
vt 0.005602 0.967442
vt 0.011351 0.939432
vt 0.011351 0.939432
vt 0.012960 0.959963
vt 0.012961 0.959963
vt 0.023718 0.916896
vt 0.023718 0.916896
vt 0.025551 0.936982
vt 0.025551 0.936982
vt 0.033496 0.897630
vt 0.033496 0.897630
vt 0.035478 0.917364
vt 0.035478 0.917364
vt 0.042177 0.960882
vt 0.042177 0.960882
vt 0.042230 0.938686
vt 0.042230 0.938686
vt 0.052036 0.871497
vt 0.052036 0.871497
vt 0.054124 0.890943
vt 0.054124 0.890943
vt 0.090149 0.847370
vt 0.090149 0.847370
vt 0.091616 0.868332
vt 0.091616 0.868332
vt 0.103088 0.080994
vt 0.103088 0.312519
vt 0.103088 0.724257
vt 0.103088 0.080994
vt 0.103088 0.312519
vt 0.103088 0.724257
vt 0.103131 0.080994
vt 0.103131 0.312519
vt 0.103131 0.724257
vt 0.103131 0.080994
vt 0.103131 0.312519
vt 0.103131 0.724257
vt 0.110629 0.756486
vt 0.110629 0.756486
vt 0.110672 0.756486
vt 0.110673 0.756486
vt 0.122039 0.000000
vt 0.122039 0.000000
vt 0.122083 0.000000
vt 0.122083 0.000000
vt 0.137074 0.312519
vt 0.137074 0.756486
vt 0.137074 0.312519
vt 0.137074 0.756486
vt 0.137180 0.000000
vt 0.137180 0.312519
vt 0.137180 0.756486
vt 0.137180 0.000000
vt 0.137180 0.312519
vt 0.137180 0.756486
vt 0.137224 0.000000
vt 0.137224 0.312519
vt 0.137224 0.756486
vt 0.137224 0.000000
vt 0.137224 0.312519
vt 0.137224 0.756486
vt 0.137339 0.312519
vt 0.137339 0.756486
vt 0.137339 0.312519
vt 0.137339 0.756486
vt 0.141581 0.381308
vt 0.141581 0.756486
vt 0.141581 0.381308
vt 0.141581 0.756486
vt 0.141816 0.381308
vt 0.141816 0.756486
vt 0.141816 0.381308
vt 0.141816 0.756486
vt 0.143033 0.312519
vt 0.143033 0.756486
vt 0.143033 0.312519
vt 0.143033 0.756486
vt 0.143788 0.312519
vt 0.143788 0.756486
vt 0.143788 0.312519
vt 0.143788 0.756486
vt 0.146791 0.312519
vt 0.146791 0.381308
vt 0.146791 0.312519
vt 0.146791 0.381308
vt 0.146883 0.381308
vt 0.146883 0.756486
vt 0.146883 0.381308
vt 0.146883 0.756486
vt 0.147554 0.381308
vt 0.147554 0.756486
vt 0.147554 0.381308
vt 0.147554 0.756486
vt 0.147879 0.312519
vt 0.147880 0.312519
vt 0.148646 0.337149
vt 0.148646 0.806883
vt 0.148646 0.337149
vt 0.148646 0.806883
vt 0.149163 0.312519
vt 0.149163 0.381308
vt 0.149163 0.312519
vt 0.149163 0.381308
vt 0.149163 0.312519
vt 0.149163 0.381308
vt 0.149163 0.312519
vt 0.149163 0.381308
vt 0.150877 0.337149
vt 0.150877 0.806883
vt 0.150877 0.337149
vt 0.150877 0.806883
vt 0.150877 0.337149
vt 0.150877 0.806883
vt 0.150877 0.337149
vt 0.150877 0.806883
vt 0.154308 0.312519
vt 0.154308 0.756486
vt 0.154308 0.312519
vt 0.154308 0.756486
vt 0.155438 0.312519
vt 0.155438 0.756486
vt 0.155438 0.312519
vt 0.155438 0.756486
vt 0.155919 0.312519
vt 0.155919 0.381308
vt 0.155919 0.312519
vt 0.155919 0.381308
vt 0.155919 0.312519
vt 0.155919 0.381308
vt 0.155919 0.312519
vt 0.155919 0.381308
vt 0.156654 0.933609
vt 0.156654 0.933609
vt 0.156915 0.381308
vt 0.156915 0.756486
vt 0.156915 0.381308
vt 0.156915 0.756486
vt 0.157184 0.822413
vt 0.157184 0.955586
vt 0.157184 1.000000
vt 0.157184 0.822413
vt 0.157184 0.955586
vt 0.157184 1.000000
vt 0.157231 0.337149
vt 0.157231 0.806883
vt 0.157231 0.337149
vt 0.157231 0.806883
vt 0.157231 0.337149
vt 0.157231 0.806883
vt 0.157231 0.337149
vt 0.157231 0.806883
vt 0.157863 0.913421
vt 0.157863 0.913421
vt 0.157921 0.381308
vt 0.157921 0.756486
vt 0.157921 0.381308
vt 0.157921 0.756486
vt 0.158550 0.947246
vt 0.158550 0.947246
vt 0.158596 0.822413
vt 0.158596 0.969436
vt 0.158596 1.000000
vt 0.158596 0.822413
vt 0.158596 0.969436
vt 0.158596 1.000000
vt 0.158935 0.822413
vt 0.158935 0.934858
vt 0.158935 1.000000
vt 0.158935 0.822413
vt 0.158935 0.934858
vt 0.158935 1.000000
vt 0.161390 0.381308
vt 0.161390 0.381308
vt 0.161980 0.889861
vt 0.161980 0.889861
vt 0.162955 0.822413
vt 0.162955 0.846517
vt 0.162955 0.974299
vt 0.162955 1.000000
vt 0.162955 0.822413
vt 0.162955 0.846517
vt 0.162955 0.974299
vt 0.162955 1.000000
vt 0.163008 0.952103
vt 0.163008 0.952103
vt 0.163581 0.822413
vt 0.163581 0.910408
vt 0.163581 1.000000
vt 0.163581 0.822413
vt 0.163581 0.910408
vt 0.163581 1.000000
vt 0.164422 0.825555
vt 0.164422 0.825555
vt 0.166030 0.312519
vt 0.166030 0.381308
vt 0.166030 0.312519
vt 0.166030 0.381308
vt 0.166030 0.312519
vt 0.166030 0.381308
vt 0.166030 0.312519
vt 0.166030 0.381308
vt 0.166740 0.337149
vt 0.166740 0.806883
vt 0.166740 0.337149
vt 0.166740 0.806883
vt 0.166740 0.337149
vt 0.166740 0.806883
vt 0.166740 0.337149
vt 0.166740 0.806883
vt 0.168561 0.865922
vt 0.168561 0.865922
vt 0.169184 0.312519
vt 0.169184 0.756486
vt 0.169184 0.312519
vt 0.169184 0.756486
vt 0.169598 0.822413
vt 0.169598 0.851380
vt 0.169598 1.000000
vt 0.169598 0.822413
vt 0.169598 0.851380
vt 0.169598 1.000000
vt 0.170151 0.381308
vt 0.170151 0.756486
vt 0.170151 0.381308
vt 0.170151 0.756486
vt 0.170416 0.822413
vt 0.170416 0.885958
vt 0.170416 1.000000
vt 0.170416 0.822413
vt 0.170416 0.885958
vt 0.170416 1.000000
vt 0.170517 0.312519
vt 0.170517 0.756486
vt 0.170517 0.312519
vt 0.170517 0.756486
vt 0.171209 0.830709
vt 0.171209 0.830709
vt 0.171337 0.381308
vt 0.171337 0.756486
vt 0.171337 0.381308
vt 0.171337 0.756486
vt 0.174030 0.080994
vt 0.174030 0.312519
vt 0.174030 0.724257
vt 0.174031 0.080994
vt 0.174031 0.312519
vt 0.174031 0.724257
vt 0.174154 0.756486
vt 0.174154 0.756486
vt 0.174340 0.000000
vt 0.174340 0.000000
vt 0.174588 0.000000
vt 0.174588 0.312519
vt 0.174588 0.756486
vt 0.174588 0.000000
vt 0.174588 0.312519
vt 0.174588 0.756486
vt 0.176328 0.845742
vt 0.176328 0.845742
vt 0.177514 0.822413
vt 0.177514 0.865230
vt 0.177514 1.000000
vt 0.177514 0.822413
vt 0.177514 0.865230
vt 0.177514 1.000000
vt 0.177956 0.312519
vt 0.177956 0.381308
vt 0.177956 0.312519
vt 0.177956 0.381308
vt 0.177956 0.312519
vt 0.177956 0.381308
vt 0.177956 0.312519
vt 0.177956 0.381308
vt 0.177957 0.337149
vt 0.177957 0.806883
vt 0.177957 0.337149
vt 0.177957 0.806883
vt 0.177957 0.337149
vt 0.177957 0.806883
vt 0.177957 0.337149
vt 0.177957 0.806883
vt 0.178399 0.822413
vt 0.178399 0.865230
vt 0.178399 1.000000
vt 0.178399 0.822413
vt 0.178399 0.865230
vt 0.178399 1.000000
vt 0.179434 0.080994
vt 0.179434 0.312519
vt 0.179434 0.724257
vt 0.179434 0.080994
vt 0.179434 0.312519
vt 0.179434 0.724257
vt 0.179558 0.756486
vt 0.179558 0.756486
vt 0.179585 0.845742
vt 0.179585 0.845742
vt 0.179744 0.000000
vt 0.179744 0.000000
vt 0.179992 0.000000
vt 0.179992 0.312519
vt 0.179992 0.756486
vt 0.179992 0.000000
vt 0.179992 0.312519
vt 0.179992 0.756486
vt 0.180770 0.565944
vt 0.180770 0.702472
vt 0.180770 0.565944
vt 0.180770 0.702472
vt 0.182847 0.565944
vt 0.182847 0.706045
vt 0.182847 0.711099
vt 0.182847 0.565944
vt 0.182847 0.706045
vt 0.182847 0.711099
vt 0.184576 0.381308
vt 0.184576 0.756486
vt 0.184576 0.381308
vt 0.184576 0.756486
vt 0.184704 0.830709
vt 0.184704 0.830709
vt 0.185396 0.312519
vt 0.185396 0.756486
vt 0.185396 0.312519
vt 0.185396 0.756486
vt 0.185496 0.822413
vt 0.185496 0.885958
vt 0.185496 1.000000
vt 0.185497 0.822413
vt 0.185497 0.885958
vt 0.185497 1.000000
vt 0.185509 0.565944
vt 0.185509 0.703214
vt 0.185509 0.565944
vt 0.185509 0.703214
vt 0.185761 0.381308
vt 0.185761 0.756486
vt 0.185761 0.381308
vt 0.185761 0.756486
vt 0.185807 0.718467
vt 0.185807 0.718467
vt 0.186315 0.822413
vt 0.186315 0.851380
vt 0.186315 1.000000
vt 0.186315 0.822413
vt 0.186315 0.851380
vt 0.186315 1.000000
vt 0.186729 0.312519
vt 0.186729 0.756486
vt 0.186729 0.312519
vt 0.186729 0.756486
vt 0.187352 0.865922
vt 0.187352 0.865922
vt 0.189173 0.337149
vt 0.189173 0.806883
vt 0.189173 0.337149
vt 0.189173 0.806883
vt 0.189173 0.337149
vt 0.189173 0.806883
vt 0.189173 0.337149
vt 0.189173 0.806883
vt 0.189883 0.312519
vt 0.189883 0.381308
vt 0.189883 0.312519
vt 0.189883 0.381308
vt 0.189883 0.312519
vt 0.189883 0.381308
vt 0.189883 0.312519
vt 0.189883 0.381308
vt 0.191491 0.825555
vt 0.191491 0.825555
vt 0.192332 0.822413
vt 0.192332 0.910408
vt 0.192332 1.000000
vt 0.192332 0.822413
vt 0.192332 0.910408
vt 0.192332 1.000000
vt 0.192666 0.703214
vt 0.192666 0.718467
vt 0.192666 0.703214
vt 0.192666 0.718467
vt 0.192720 0.703214
vt 0.192720 0.718467
vt 0.192720 0.703214
vt 0.192720 0.718467
vt 0.192904 0.952103
vt 0.192904 0.952103
vt 0.192958 0.822413
vt 0.192958 0.846517
vt 0.192958 0.974299
vt 0.192958 1.000000
vt 0.192958 0.822413
vt 0.192958 0.846517
vt 0.192958 0.974299
vt 0.192958 1.000000
vt 0.193933 0.889861
vt 0.193933 0.889861
vt 0.194523 0.381308
vt 0.194523 0.381308
vt 0.196978 0.822413
vt 0.196978 0.934858
vt 0.196978 1.000000
vt 0.196978 0.822413
vt 0.196978 0.934858
vt 0.196978 1.000000
vt 0.197317 0.822413
vt 0.197317 0.969436
vt 0.197317 1.000000
vt 0.197317 0.822413
vt 0.197317 0.969436
vt 0.197317 1.000000
vt 0.197362 0.947246
vt 0.197362 0.947246
vt 0.197992 0.381308
vt 0.197992 0.756486
vt 0.197992 0.381308
vt 0.197992 0.756486
vt 0.198049 0.913421
vt 0.198050 0.913421
vt 0.198682 0.337149
vt 0.198682 0.806883
vt 0.198682 0.337149
vt 0.198682 0.806883
vt 0.198682 0.337149
vt 0.198682 0.806883
vt 0.198682 0.337149
vt 0.198682 0.806883
vt 0.198729 0.822413
vt 0.198729 0.955586
vt 0.198729 1.000000
vt 0.198729 0.822413
vt 0.198729 0.955586
vt 0.198729 1.000000
vt 0.198998 0.381308
vt 0.198998 0.756486
vt 0.198998 0.381308
vt 0.198998 0.756486
vt 0.199259 0.933609
vt 0.199259 0.933609
vt 0.199925 0.571504
vt 0.199925 0.682231
vt 0.199925 0.571504
vt 0.199925 0.682231
vt 0.199994 0.312519
vt 0.199994 0.381308
vt 0.199994 0.312519
vt 0.199994 0.381308
vt 0.199994 0.312519
vt 0.199994 0.381308
vt 0.199994 0.312519
vt 0.199994 0.381308
vt 0.200474 0.312519
vt 0.200474 0.756486
vt 0.200474 0.312519
vt 0.200474 0.756486
vt 0.201604 0.312519
vt 0.201604 0.756486
vt 0.201605 0.312519
vt 0.201605 0.756486
vt 0.205036 0.337149
vt 0.205036 0.806883
vt 0.205036 0.337149
vt 0.205036 0.806883
vt 0.205036 0.337149
vt 0.205036 0.806883
vt 0.205036 0.337149
vt 0.205036 0.806883
vt 0.205541 0.565944
vt 0.205541 0.702472
vt 0.205541 0.565944
vt 0.205541 0.702472
vt 0.206750 0.312519
vt 0.206750 0.381308
vt 0.206750 0.312519
vt 0.206750 0.381308
vt 0.206750 0.312519
vt 0.206750 0.381308
vt 0.206750 0.312519
vt 0.206750 0.381308
vt 0.207267 0.337149
vt 0.207267 0.806883
vt 0.207267 0.337149
vt 0.207267 0.806883
vt 0.208033 0.312519
vt 0.208033 0.312519
vt 0.208358 0.381308
vt 0.208358 0.756486
vt 0.208358 0.381308
vt 0.208358 0.756486
vt 0.209030 0.381308
vt 0.209030 0.756486
vt 0.209030 0.381308
vt 0.209030 0.756486
vt 0.209122 0.312519
vt 0.209122 0.381308
vt 0.209122 0.312519
vt 0.209122 0.381308
vt 0.209214 0.565944
vt 0.209214 0.703214
vt 0.209214 0.565944
vt 0.209214 0.703214
vt 0.209393 0.718467
vt 0.209393 0.718467
vt 0.212125 0.312519
vt 0.212125 0.756486
vt 0.212125 0.312519
vt 0.212125 0.756486
vt 0.212880 0.312519
vt 0.212880 0.756486
vt 0.212880 0.312519
vt 0.212880 0.756486
vt 0.213432 0.703214
vt 0.213432 0.718467
vt 0.213432 0.703214
vt 0.213432 0.718467
vt 0.213468 0.703214
vt 0.213468 0.718467
vt 0.213468 0.703214
vt 0.213468 0.718467
vt 0.213550 0.703214
vt 0.213550 0.718467
vt 0.213550 0.703214
vt 0.213550 0.718467
vt 0.214096 0.381308
vt 0.214096 0.756486
vt 0.214096 0.381308
vt 0.214096 0.756486
vt 0.214332 0.381308
vt 0.214332 0.756486
vt 0.214332 0.381308
vt 0.214332 0.756486
vt 0.214832 0.718467
vt 0.214832 0.718467
vt 0.214892 0.565944
vt 0.214892 0.703214
vt 0.214892 0.565944
vt 0.214892 0.703214
vt 0.215421 0.565944
vt 0.215421 0.706045
vt 0.215421 0.711099
vt 0.215421 0.565944
vt 0.215421 0.706045
vt 0.215421 0.711099
vt 0.217499 0.565944
vt 0.217499 0.702472
vt 0.217499 0.565944
vt 0.217499 0.702472
vt 0.218574 0.312519
vt 0.218574 0.756486
vt 0.218574 0.312519
vt 0.218574 0.756486
vt 0.218839 0.312519
vt 0.218839 0.756486
vt 0.218839 0.312519
vt 0.218839 0.756486
vt 0.220474 0.571504
vt 0.220474 0.682231
vt 0.220474 0.571504
vt 0.220474 0.682231
vt 0.230312 0.565944
vt 0.230312 0.702472
vt 0.230312 0.565944
vt 0.230312 0.702472
vt 0.233985 0.565944
vt 0.233985 0.703214
vt 0.233985 0.565944
vt 0.233985 0.703214
vt 0.234164 0.718467
vt 0.234164 0.718467
vt 0.234261 0.703214
vt 0.234261 0.718467
vt 0.234261 0.703214
vt 0.234261 0.718467
vt 0.238321 0.703214
vt 0.238321 0.718467
vt 0.238321 0.703214
vt 0.238321 0.718467
vt 0.238418 0.718467
vt 0.238418 0.718467
vt 0.238597 0.565944
vt 0.238597 0.703214
vt 0.238597 0.565944
vt 0.238597 0.703214
vt 0.242270 0.565944
vt 0.242270 0.702472
vt 0.242270 0.565944
vt 0.242270 0.702472
vt 0.255084 0.565944
vt 0.255084 0.702472
vt 0.255084 0.565944
vt 0.255084 0.702472
vt 0.258757 0.565944
vt 0.258757 0.703214
vt 0.258757 0.565944
vt 0.258757 0.703214
vt 0.258936 0.718467
vt 0.258936 0.718467
vt 0.259033 0.703214
vt 0.259033 0.718467
vt 0.259033 0.703214
vt 0.259033 0.718467
vt 0.263092 0.703214
vt 0.263092 0.718467
vt 0.263092 0.703214
vt 0.263092 0.718467
vt 0.263190 0.718467
vt 0.263190 0.718467
vt 0.263368 0.565944
vt 0.263368 0.703214
vt 0.263368 0.565944
vt 0.263368 0.703214
vt 0.264297 0.868332
vt 0.264297 0.868332
vt 0.265763 0.847370
vt 0.265763 0.847370
vt 0.267041 0.565944
vt 0.267041 0.702472
vt 0.267041 0.565944
vt 0.267041 0.702472
vt 0.279855 0.565944
vt 0.279855 0.702472
vt 0.279855 0.565944
vt 0.279855 0.702472
vt 0.283528 0.565944
vt 0.283528 0.703214
vt 0.283528 0.565944
vt 0.283528 0.703214
vt 0.283707 0.718467
vt 0.283707 0.718467
vt 0.283804 0.703214
vt 0.283804 0.718467
vt 0.283804 0.703214
vt 0.283804 0.718467
vt 0.287864 0.703214
vt 0.287864 0.718467
vt 0.287864 0.703214
vt 0.287864 0.718467
vt 0.287961 0.718467
vt 0.287961 0.718467
vt 0.288140 0.565944
vt 0.288140 0.703214
vt 0.288140 0.565944
vt 0.288140 0.703214
vt 0.291813 0.565944
vt 0.291813 0.702472
vt 0.291813 0.565944
vt 0.291813 0.702472
vt 0.298816 0.571504
vt 0.298816 0.682231
vt 0.298816 0.571504
vt 0.298816 0.682231
vt 0.301789 0.890943
vt 0.301789 0.890943
vt 0.303877 0.871497
vt 0.303877 0.871497
vt 0.304627 0.565944
vt 0.304627 0.702472
vt 0.304627 0.565944
vt 0.304627 0.702472
vt 0.308299 0.565944
vt 0.308299 0.703214
vt 0.308300 0.565944
vt 0.308300 0.703214
vt 0.308478 0.718467
vt 0.308478 0.718467
vt 0.308576 0.703214
vt 0.308576 0.718467
vt 0.308576 0.703214
vt 0.308576 0.718467
vt 0.312635 0.703214
vt 0.312635 0.718467
vt 0.312635 0.703214
vt 0.312635 0.718467
vt 0.312732 0.718467
vt 0.312732 0.718467
vt 0.312911 0.565944
vt 0.312911 0.703214
vt 0.312911 0.565944
vt 0.312911 0.703214
vt 0.313682 0.938686
vt 0.313682 0.938686
vt 0.313736 0.960882
vt 0.313736 0.960882
vt 0.316584 0.565944
vt 0.316584 0.702472
vt 0.316584 0.565944
vt 0.316584 0.702472
vt 0.320434 0.917364
vt 0.320434 0.917364
vt 0.322417 0.897630
vt 0.322417 0.897630
vt 0.322417 0.897630
vt 0.322417 0.897630
vt 0.327715 0.571504
vt 0.327715 0.682231
vt 0.327715 0.571504
vt 0.327715 0.682231
vt 0.329398 0.565944
vt 0.329398 0.702472
vt 0.329398 0.565944
vt 0.329398 0.702472
vt 0.330362 0.936982
vt 0.330362 0.936982
vt 0.332122 0.707156
vt 0.332122 0.707156
vt 0.332194 0.916896
vt 0.332194 0.916896
vt 0.333071 0.565944
vt 0.333071 0.703214
vt 0.333071 0.565944
vt 0.333071 0.703214
vt 0.333250 0.718467
vt 0.333250 0.718467
vt 0.333347 0.703214
vt 0.333347 0.718467
vt 0.333347 0.703214
vt 0.333347 0.718467
vt 0.337407 0.703214
vt 0.337407 0.718467
vt 0.337407 0.703214
vt 0.337407 0.718467
vt 0.337504 0.718467
vt 0.337504 0.718467
vt 0.337683 0.565944
vt 0.337683 0.703214
vt 0.337683 0.565944
vt 0.337683 0.703214
vt 0.338852 0.571504
vt 0.338852 0.682231
vt 0.338852 0.571504
vt 0.338852 0.682231
vt 0.338852 0.571504
vt 0.338852 0.682231
vt 0.338852 0.571504
vt 0.338852 0.682231
vt 0.338852 0.571504
vt 0.338852 0.682231
vt 0.338852 0.571504
vt 0.338852 0.682231
vt 0.338852 0.571504
vt 0.338852 0.682231
vt 0.338852 0.571504
vt 0.338852 0.682231
vt 0.338852 0.571504
vt 0.338852 0.682231
vt 0.338852 0.571504
vt 0.338852 0.682231
vt 0.340170 0.571504
vt 0.340170 0.682231
vt 0.340170 0.571504
vt 0.340170 0.682231
vt 0.341356 0.565944
vt 0.341356 0.702472
vt 0.341356 0.565944
vt 0.341356 0.702472
vt 0.342952 0.959963
vt 0.342952 0.959963
vt 0.344562 0.939432
vt 0.344562 0.939432
vt 0.350311 0.967442
vt 0.350311 0.967442
vt 0.351526 0.946218
vt 0.351526 0.946218
vt 0.351886 0.961769
vt 0.351886 0.961769
vt 0.352264 0.939702
vt 0.352264 0.939702
vt 0.355215 0.963892
vt 0.355215 0.963892
vt 0.355913 0.942038
vt 0.355913 0.942038
vt 0.358118 0.703214
vt 0.358118 0.718467
vt 0.358118 0.703214
vt 0.358118 0.718467
vt 0.359829 0.571504
vt 0.359829 0.682231
vt 0.359829 0.571504
vt 0.359829 0.682231
vt 0.362275 0.718467
vt 0.362275 0.718467
vt 0.362454 0.565944
vt 0.362454 0.703214
vt 0.362454 0.565944
vt 0.362454 0.703214
vt 0.363403 0.707156
vt 0.363403 0.707156
vt 0.365475 0.682231
vt 0.365475 0.682231
vt 0.365475 0.682231
vt 0.365475 0.682231
vt 0.366127 0.565944
vt 0.366127 0.702472
vt 0.366127 0.565944
vt 0.366127 0.702472
vt 0.389427 0.571504
vt 0.389427 0.682231
vt 0.389427 0.571504
vt 0.389427 0.682231
vt 0.416682 0.682231
vt 0.416682 0.682231
vt 0.416682 0.682231
vt 0.467825 0.682231
vt 0.467825 0.682231
vt 0.467825 0.571504
vt 0.467825 0.571504
vt 0.472834 0.571504
vt 0.472834 0.682231
vt 0.472834 0.571504
vt 0.472834 0.682231
vt 0.527166 0.571504
vt 0.527166 0.682231
vt 0.527166 0.571504
vt 0.527166 0.682231
vt 0.527797 0.571504
vt 0.527797 0.682231
vt 0.527797 0.571504
vt 0.527797 0.682231
vt 0.565045 0.571504
vt 0.565045 0.682231
vt 0.565045 0.571504
vt 0.565045 0.682231
vt 0.565045 0.571504
vt 0.565045 0.682231
vt 0.602293 0.571504
vt 0.602293 0.682231
vt 0.602293 0.571504
vt 0.602293 0.682231
vt 0.602293 0.571504
vt 0.602293 0.682231
vt 0.602293 0.571504
vt 0.602293 0.682231
vt 0.610574 0.682231
vt 0.610574 0.682231
vt 0.610574 0.571504
vt 0.610574 0.571504
vt 0.633873 0.565944
vt 0.633873 0.702472
vt 0.633873 0.565944
vt 0.633873 0.702472
vt 0.636597 0.707156
vt 0.636597 0.707156
vt 0.637546 0.565944
vt 0.637546 0.703214
vt 0.637546 0.565944
vt 0.637546 0.703214
vt 0.637725 0.718467
vt 0.637725 0.718467
vt 0.639541 0.571504
vt 0.639541 0.682231
vt 0.639541 0.571504
vt 0.639541 0.682231
vt 0.639541 0.571504
vt 0.639541 0.682231
vt 0.640172 0.571504
vt 0.640172 0.682231
vt 0.640172 0.571504
vt 0.640172 0.682231
vt 0.641882 0.703214
vt 0.641882 0.718467
vt 0.641882 0.703214
vt 0.641882 0.718467
vt 0.644087 0.942038
vt 0.644087 0.942038
vt 0.644786 0.963892
vt 0.644786 0.963892
vt 0.647736 0.939702
vt 0.647736 0.939702
vt 0.648114 0.961769
vt 0.648114 0.961769
vt 0.648474 0.946218
vt 0.648474 0.946218
vt 0.649689 0.967442
vt 0.649689 0.967442
vt 0.655438 0.939432
vt 0.655438 0.939432
vt 0.657048 0.959963
vt 0.657048 0.959963
vt 0.658645 0.565944
vt 0.658645 0.702472
vt 0.658645 0.565944
vt 0.658645 0.702472
vt 0.659830 0.571504
vt 0.659830 0.682231
vt 0.659830 0.571504
vt 0.659830 0.682231
vt 0.662318 0.565944
vt 0.662318 0.703214
vt 0.662318 0.565944
vt 0.662318 0.703214
vt 0.662496 0.718467
vt 0.662496 0.718467
vt 0.662594 0.703214
vt 0.662594 0.718467
vt 0.662594 0.703214
vt 0.662594 0.718467
vt 0.666653 0.703214
vt 0.666653 0.718467
vt 0.666653 0.703214
vt 0.666653 0.718467
vt 0.666750 0.718467
vt 0.666750 0.718467
vt 0.666929 0.565944
vt 0.666929 0.703214
vt 0.666929 0.565944
vt 0.666929 0.703214
vt 0.667806 0.916896
vt 0.667806 0.916896
vt 0.667879 0.707156
vt 0.667879 0.707156
vt 0.669638 0.936982
vt 0.669638 0.936982
vt 0.670602 0.565944
vt 0.670602 0.702472
vt 0.670602 0.565944
vt 0.670602 0.702472
vt 0.672285 0.571504
vt 0.672285 0.682231
vt 0.672285 0.571504
vt 0.672285 0.682231
vt 0.677583 0.897630
vt 0.677583 0.897630
vt 0.677584 0.897630
vt 0.677584 0.897630
vt 0.679566 0.917364
vt 0.679566 0.917364
vt 0.683416 0.565944
vt 0.683416 0.702472
vt 0.683416 0.565944
vt 0.683416 0.702472
vt 0.686264 0.960882
vt 0.686264 0.960882
vt 0.686318 0.938686
vt 0.686318 0.938686
vt 0.687089 0.565944
vt 0.687089 0.703214
vt 0.687089 0.565944
vt 0.687089 0.703214
vt 0.687268 0.718467
vt 0.687268 0.718467
vt 0.687365 0.703214
vt 0.687365 0.718467
vt 0.687365 0.703214
vt 0.687365 0.718467
vt 0.689570 0.571504
vt 0.689570 0.682231
vt 0.689570 0.571504
vt 0.689570 0.682231
vt 0.689570 0.571504
vt 0.689570 0.682231
vt 0.689570 0.571504
vt 0.689570 0.682231
vt 0.689570 0.571504
vt 0.689570 0.682231
vt 0.691425 0.703214
vt 0.691425 0.718467
vt 0.691425 0.703214
vt 0.691425 0.718467
vt 0.691522 0.718467
vt 0.691522 0.718467
vt 0.691701 0.703214
vt 0.691701 0.565944
vt 0.691701 0.703214
vt 0.691701 0.565944
vt 0.695374 0.702472
vt 0.695374 0.565944
vt 0.695374 0.565944
vt 0.695374 0.702472
vt 0.696123 0.871497
vt 0.696123 0.871497
vt 0.698212 0.890943
vt 0.698212 0.890943
vt 0.701184 0.571504
vt 0.701184 0.682231
vt 0.701184 0.571504
vt 0.701184 0.682231
vt 0.708187 0.565944
vt 0.708187 0.702472
vt 0.708187 0.565944
vt 0.708187 0.702472
vt 0.711860 0.565944
vt 0.711860 0.703214
vt 0.711860 0.565944
vt 0.711860 0.703214
vt 0.712039 0.718467
vt 0.712039 0.718467
vt 0.712136 0.703214
vt 0.712136 0.718467
vt 0.712136 0.703214
vt 0.712136 0.718467
vt 0.716196 0.703214
vt 0.716196 0.718467
vt 0.716196 0.703214
vt 0.716196 0.718467
vt 0.716293 0.718467
vt 0.716293 0.718467
vt 0.716472 0.565944
vt 0.716472 0.703214
vt 0.716472 0.565944
vt 0.716472 0.703214
vt 0.720145 0.702472
vt 0.720145 0.565944
vt 0.720145 0.565944
vt 0.720145 0.702472
vt 0.732959 0.565944
vt 0.732959 0.702472
vt 0.732959 0.565944
vt 0.732959 0.702472
vt 0.734237 0.847370
vt 0.734237 0.847370
vt 0.735704 0.868332
vt 0.735704 0.868332
vt 0.736632 0.565944
vt 0.736632 0.565944
vt 0.736632 0.703214
vt 0.736632 0.703214
vt 0.736811 0.718467
vt 0.736811 0.718467
vt 0.736908 0.703214
vt 0.736908 0.718467
vt 0.736908 0.703214
vt 0.736908 0.718467
vt 0.740967 0.703214
vt 0.740967 0.718467
vt 0.740967 0.703214
vt 0.740967 0.718467
vt 0.741065 0.718467
vt 0.741065 0.718467
vt 0.741243 0.565944
vt 0.741243 0.703214
vt 0.741243 0.703214
vt 0.741243 0.565944
vt 0.744916 0.565944
vt 0.744916 0.702472
vt 0.744916 0.565944
vt 0.744916 0.702472
vt 0.757730 0.565944
vt 0.757730 0.702472
vt 0.757730 0.565944
vt 0.757730 0.702472
vt 0.761403 0.565944
vt 0.761403 0.703214
vt 0.761403 0.565944
vt 0.761403 0.703214
vt 0.761582 0.718467
vt 0.761582 0.718467
vt 0.761679 0.703214
vt 0.761679 0.718467
vt 0.761679 0.703214
vt 0.761679 0.718467
vt 0.765739 0.703214
vt 0.765739 0.718467
vt 0.765739 0.703214
vt 0.765739 0.718467
vt 0.765836 0.718467
vt 0.765836 0.718467
vt 0.766015 0.565944
vt 0.766015 0.703214
vt 0.766015 0.703214
vt 0.766015 0.565944
vt 0.769688 0.565944
vt 0.769688 0.702472
vt 0.769688 0.565944
vt 0.769688 0.702472
vt 0.779526 0.571504
vt 0.779526 0.682231
vt 0.779526 0.571504
vt 0.779526 0.682231
vt 0.781161 0.312519
vt 0.781161 0.756486
vt 0.781161 0.312519
vt 0.781161 0.756486
vt 0.781426 0.312519
vt 0.781426 0.756486
vt 0.781426 0.312519
vt 0.781426 0.756486
vt 0.782502 0.565944
vt 0.782502 0.702472
vt 0.782502 0.565944
vt 0.782502 0.702472
vt 0.784579 0.565944
vt 0.784579 0.706045
vt 0.784579 0.711099
vt 0.784579 0.565944
vt 0.784579 0.706045
vt 0.784579 0.711099
vt 0.785108 0.565944
vt 0.785108 0.703214
vt 0.785109 0.565944
vt 0.785109 0.703214
vt 0.785168 0.718467
vt 0.785168 0.718467
vt 0.785668 0.381308
vt 0.785668 0.756486
vt 0.785668 0.381308
vt 0.785668 0.756486
vt 0.785904 0.381308
vt 0.785904 0.756486
vt 0.785904 0.381308
vt 0.785904 0.756486
vt 0.786451 0.703214
vt 0.786451 0.718467
vt 0.786451 0.703214
vt 0.786451 0.718467
vt 0.786532 0.703214
vt 0.786532 0.718467
vt 0.786532 0.703214
vt 0.786532 0.718467
vt 0.786568 0.703214
vt 0.786568 0.718467
vt 0.786568 0.703214
vt 0.786568 0.718467
vt 0.787120 0.312519
vt 0.787120 0.756486
vt 0.787120 0.312519
vt 0.787120 0.756486
vt 0.787875 0.312519
vt 0.787875 0.756486
vt 0.787875 0.312519
vt 0.787875 0.756486
vt 0.790607 0.718467
vt 0.790607 0.718467
vt 0.790786 0.565944
vt 0.790786 0.703214
vt 0.790786 0.565944
vt 0.790786 0.703214
vt 0.790878 0.312519
vt 0.790878 0.381308
vt 0.790878 0.312519
vt 0.790878 0.381308
vt 0.790970 0.381308
vt 0.790970 0.756486
vt 0.790970 0.381308
vt 0.790970 0.756486
vt 0.791642 0.381308
vt 0.791642 0.756486
vt 0.791642 0.381308
vt 0.791642 0.756486
vt 0.791967 0.312519
vt 0.791967 0.312519
vt 0.792733 0.337149
vt 0.792733 0.806883
vt 0.792733 0.337149
vt 0.792733 0.806883
vt 0.793251 0.312519
vt 0.793251 0.381308
vt 0.793251 0.312519
vt 0.793251 0.381308
vt 0.793251 0.312519
vt 0.793251 0.381308
vt 0.793251 0.312519
vt 0.793251 0.381308
vt 0.794459 0.565944
vt 0.794459 0.702472
vt 0.794459 0.565944
vt 0.794459 0.702472
vt 0.794964 0.337149
vt 0.794964 0.806883
vt 0.794964 0.337149
vt 0.794964 0.806883
vt 0.794964 0.337149
vt 0.794964 0.806883
vt 0.794964 0.337149
vt 0.794964 0.806883
vt 0.798396 0.312519
vt 0.798396 0.756486
vt 0.798396 0.312519
vt 0.798396 0.756486
vt 0.799526 0.312519
vt 0.799526 0.756486
vt 0.799526 0.312519
vt 0.799526 0.756486
vt 0.800006 0.312519
vt 0.800006 0.381308
vt 0.800006 0.312519
vt 0.800006 0.381308
vt 0.800006 0.312519
vt 0.800006 0.381308
vt 0.800007 0.312519
vt 0.800007 0.381308
vt 0.800075 0.571504
vt 0.800075 0.682231
vt 0.800075 0.571504
vt 0.800075 0.682231
vt 0.800741 0.933609
vt 0.800741 0.933609
vt 0.801003 0.381308
vt 0.801003 0.756486
vt 0.801003 0.381308
vt 0.801003 0.756486
vt 0.801272 0.822413
vt 0.801272 0.955586
vt 0.801272 1.000000
vt 0.801272 0.822413
vt 0.801272 0.955586
vt 0.801272 1.000000
vt 0.801318 0.337149
vt 0.801318 0.806883
vt 0.801318 0.337149
vt 0.801318 0.806883
vt 0.801318 0.337149
vt 0.801318 0.806883
vt 0.801318 0.337149
vt 0.801318 0.806883
vt 0.801951 0.913421
vt 0.801951 0.913421
vt 0.802008 0.381308
vt 0.802008 0.756486
vt 0.802008 0.381308
vt 0.802008 0.756486
vt 0.802638 0.947246
vt 0.802638 0.947246
vt 0.802683 0.822413
vt 0.802683 0.969436
vt 0.802683 1.000000
vt 0.802683 0.822413
vt 0.802683 0.969436
vt 0.802683 1.000000
vt 0.803022 0.822413
vt 0.803022 0.934858
vt 0.803022 1.000000
vt 0.803022 0.822413
vt 0.803022 0.934858
vt 0.803022 1.000000
vt 0.803022 0.934858
vt 0.805477 0.381308
vt 0.805477 0.381308
vt 0.806067 0.889861
vt 0.806067 0.889861
vt 0.807042 0.822413
vt 0.807042 0.846517
vt 0.807042 0.974299
vt 0.807042 1.000000
vt 0.807042 0.822413
vt 0.807042 0.846517
vt 0.807042 0.974299
vt 0.807042 1.000000
vt 0.807096 0.952103
vt 0.807096 0.952103
vt 0.807280 0.703214
vt 0.807280 0.718467
vt 0.807280 0.703214
vt 0.807280 0.718467
vt 0.807334 0.703214
vt 0.807334 0.718467
vt 0.807334 0.703214
vt 0.807334 0.718467
vt 0.807669 0.822413
vt 0.807669 0.910408
vt 0.807669 1.000000
vt 0.807669 0.822413
vt 0.807669 0.910408
vt 0.807669 1.000000
vt 0.808509 0.825555
vt 0.808509 0.825555
vt 0.810117 0.312519
vt 0.810117 0.381308
vt 0.810117 0.312519
vt 0.810117 0.381308
vt 0.810117 0.312519
vt 0.810117 0.381308
vt 0.810117 0.312519
vt 0.810117 0.381308
vt 0.810827 0.337149
vt 0.810827 0.806883
vt 0.810827 0.337149
vt 0.810827 0.806883
vt 0.810827 0.337149
vt 0.810827 0.806883
vt 0.810827 0.337149
vt 0.810827 0.806883
vt 0.812648 0.865922
vt 0.812648 0.865922
vt 0.813272 0.312519
vt 0.813272 0.756486
vt 0.813272 0.312519
vt 0.813272 0.756486
vt 0.813685 0.822413
vt 0.813685 0.851380
vt 0.813685 1.000000
vt 0.813685 0.822413
vt 0.813685 1.000000
vt 0.813686 0.851380
vt 0.814193 0.718467
vt 0.814193 0.718467
vt 0.814239 0.381308
vt 0.814239 0.756486
vt 0.814239 0.381308
vt 0.814239 0.756486
vt 0.814492 0.565944
vt 0.814492 0.703214
vt 0.814492 0.565944
vt 0.814492 0.703214
vt 0.814504 0.822413
vt 0.814504 0.885958
vt 0.814504 1.000000
vt 0.814504 0.822413
vt 0.814504 0.885958
vt 0.814504 1.000000
vt 0.814605 0.312519
vt 0.814605 0.756486
vt 0.814605 0.312519
vt 0.814605 0.756486
vt 0.815296 0.830709
vt 0.815296 0.830709
vt 0.815425 0.381308
vt 0.815425 0.756486
vt 0.815425 0.381308
vt 0.815425 0.756486
vt 0.817153 0.565944
vt 0.817153 0.706045
vt 0.817153 0.711099
vt 0.817153 0.565944
vt 0.817153 0.706045
vt 0.817153 0.711099
vt 0.819230 0.565944
vt 0.819230 0.702472
vt 0.819230 0.565944
vt 0.819230 0.702472
vt 0.820008 0.000000
vt 0.820008 0.312519
vt 0.820008 0.756486
vt 0.820008 0.000000
vt 0.820008 0.312519
vt 0.820008 0.756486
vt 0.820256 0.000000
vt 0.820256 0.000000
vt 0.820415 0.845742
vt 0.820415 0.845742
vt 0.820443 0.756486
vt 0.820443 0.756486
vt 0.820566 0.080994
vt 0.820566 0.312519
vt 0.820566 0.724257
vt 0.820566 0.080994
vt 0.820566 0.312519
vt 0.820566 0.724257
vt 0.821601 0.822413
vt 0.821601 0.865230
vt 0.821601 1.000000
vt 0.821601 0.865230
vt 0.821601 0.822413
vt 0.821601 1.000000
vt 0.822044 0.312519
vt 0.822044 0.381308
vt 0.822044 0.312519
vt 0.822044 0.381308
vt 0.822044 0.312519
vt 0.822044 0.381308
vt 0.822044 0.337149
vt 0.822044 0.806883
vt 0.822044 0.337149
vt 0.822044 0.806883
vt 0.822044 0.312519
vt 0.822044 0.381308
vt 0.822044 0.337149
vt 0.822044 0.806883
vt 0.822044 0.337149
vt 0.822044 0.806883
vt 0.822487 0.822413
vt 0.822487 0.865230
vt 0.822487 1.000000
vt 0.822487 0.822413
vt 0.822487 0.865230
vt 0.822487 1.000000
vt 0.823672 0.845742
vt 0.823672 0.845742
vt 0.825412 0.000000
vt 0.825412 0.312519
vt 0.825412 0.756486
vt 0.825412 0.000000
vt 0.825412 0.312519
vt 0.825412 0.756486
vt 0.825660 0.000000
vt 0.825660 0.000000
vt 0.825846 0.756486
vt 0.825846 0.756486
vt 0.825970 0.080994
vt 0.825970 0.312519
vt 0.825970 0.724257
vt 0.825970 0.080994
vt 0.825970 0.312519
vt 0.825970 0.724257
vt 0.828663 0.381308
vt 0.828663 0.756486
vt 0.828663 0.381308
vt 0.828663 0.756486
vt 0.828791 0.830709
vt 0.828791 0.830709
vt 0.829483 0.312519
vt 0.829483 0.756486
vt 0.829483 0.312519
vt 0.829483 0.756486
vt 0.829584 0.822413
vt 0.829584 0.885958
vt 0.829584 1.000000
vt 0.829584 0.822413
vt 0.829584 0.885958
vt 0.829584 1.000000
vt 0.829849 0.381308
vt 0.829849 0.756486
vt 0.829849 0.381308
vt 0.829849 0.756486
vt 0.830402 0.822413
vt 0.830402 0.851380
vt 0.830402 1.000000
vt 0.830402 0.822413
vt 0.830402 0.851380
vt 0.830402 1.000000
vt 0.830816 0.312519
vt 0.830816 0.756486
vt 0.830816 0.312519
vt 0.830816 0.756486
vt 0.831439 0.865922
vt 0.831439 0.865922
vt 0.833260 0.337149
vt 0.833260 0.806883
vt 0.833260 0.337149
vt 0.833260 0.806883
vt 0.833260 0.337149
vt 0.833260 0.806883
vt 0.833260 0.337149
vt 0.833260 0.806883
vt 0.833970 0.312519
vt 0.833970 0.381308
vt 0.833970 0.312519
vt 0.833970 0.381308
vt 0.833970 0.312519
vt 0.833970 0.381308
vt 0.833970 0.312519
vt 0.833970 0.381308
vt 0.835578 0.825555
vt 0.835578 0.825555
vt 0.836419 0.822413
vt 0.836419 0.910408
vt 0.836419 1.000000
vt 0.836419 0.910408
vt 0.836419 0.822413
vt 0.836419 1.000000
vt 0.836992 0.952103
vt 0.836992 0.952103
vt 0.837045 0.822413
vt 0.837045 0.846517
vt 0.837045 0.974299
vt 0.837045 1.000000
vt 0.837045 0.822413
vt 0.837045 0.846517
vt 0.837045 0.974299
vt 0.837045 1.000000
vt 0.838020 0.889861
vt 0.838020 0.889861
vt 0.838610 0.381308
vt 0.838610 0.381308
vt 0.841065 0.822413
vt 0.841065 0.934858
vt 0.841065 1.000000
vt 0.841065 0.934858
vt 0.841065 0.822413
vt 0.841065 1.000000
vt 0.841404 0.822413
vt 0.841404 0.969436
vt 0.841404 1.000000
vt 0.841404 0.969436
vt 0.841404 0.822413
vt 0.841404 1.000000
vt 0.841450 0.947246
vt 0.841450 0.947246
vt 0.842080 0.381308
vt 0.842080 0.756486
vt 0.842080 0.381308
vt 0.842080 0.756486
vt 0.842137 0.913421
vt 0.842137 0.913421
vt 0.842769 0.337149
vt 0.842769 0.806883
vt 0.842769 0.337149
vt 0.842769 0.806883
vt 0.842769 0.337149
vt 0.842769 0.806883
vt 0.842769 0.337149
vt 0.842769 0.806883
vt 0.842816 0.822413
vt 0.842816 0.955586
vt 0.842816 1.000000
vt 0.842816 0.822413
vt 0.842816 0.955586
vt 0.842816 1.000000
vt 0.843085 0.381308
vt 0.843085 0.756486
vt 0.843085 0.381308
vt 0.843085 0.756486
vt 0.843346 0.933609
vt 0.843346 0.933609
vt 0.844081 0.312519
vt 0.844081 0.381308
vt 0.844081 0.312519
vt 0.844081 0.381308
vt 0.844081 0.312519
vt 0.844081 0.381308
vt 0.844081 0.312519
vt 0.844081 0.381308
vt 0.844562 0.312519
vt 0.844562 0.756486
vt 0.844562 0.312519
vt 0.844562 0.756486
vt 0.845692 0.312519
vt 0.845692 0.756486
vt 0.845692 0.312519
vt 0.845692 0.756486
vt 0.849123 0.337149
vt 0.849123 0.806883
vt 0.849123 0.337149
vt 0.849123 0.806883
vt 0.849123 0.337149
vt 0.849123 0.806883
vt 0.849123 0.337149
vt 0.849123 0.806883
vt 0.850837 0.312519
vt 0.850837 0.381308
vt 0.850837 0.312519
vt 0.850837 0.381308
vt 0.850837 0.312519
vt 0.850837 0.381308
vt 0.850837 0.312519
vt 0.850837 0.381308
vt 0.851354 0.337149
vt 0.851354 0.806883
vt 0.851354 0.337149
vt 0.851354 0.806883
vt 0.852121 0.312519
vt 0.852121 0.312519
vt 0.852446 0.381308
vt 0.852446 0.756486
vt 0.852446 0.381308
vt 0.852446 0.756486
vt 0.853118 0.381308
vt 0.853118 0.756486
vt 0.853118 0.381308
vt 0.853118 0.756486
vt 0.853209 0.312519
vt 0.853209 0.381308
vt 0.853209 0.312519
vt 0.853209 0.381308
vt 0.856212 0.312519
vt 0.856212 0.756486
vt 0.856212 0.312519
vt 0.856212 0.756486
vt 0.856968 0.312519
vt 0.856968 0.756486
vt 0.856968 0.312519
vt 0.856968 0.756486
vt 0.858184 0.381308
vt 0.858184 0.756486
vt 0.858184 0.381308
vt 0.858184 0.756486
vt 0.858420 0.381308
vt 0.858420 0.756486
vt 0.858420 0.381308
vt 0.858420 0.756486
vt 0.862661 0.312519
vt 0.862661 0.756486
vt 0.862661 0.312519
vt 0.862661 0.756486
vt 0.862776 0.000000
vt 0.862776 0.312519
vt 0.862776 0.756486
vt 0.862776 0.000000
vt 0.862776 0.312519
vt 0.862776 0.756486
vt 0.862820 0.000000
vt 0.862820 0.312519
vt 0.862820 0.756486
vt 0.862820 0.000000
vt 0.862820 0.312519
vt 0.862820 0.756486
vt 0.862927 0.312519
vt 0.862927 0.756486
vt 0.862927 0.312519
vt 0.862927 0.756486
vt 0.877917 0.000000
vt 0.877917 0.000000
vt 0.877961 0.000000
vt 0.877961 0.000000
vt 0.889328 0.756486
vt 0.889328 0.756486
vt 0.889371 0.756486
vt 0.889371 0.756486
vt 0.896869 0.080994
vt 0.896869 0.312519
vt 0.896869 0.724257
vt 0.896869 0.080994
vt 0.896869 0.312519
vt 0.896869 0.724257
vt 0.896912 0.080994
vt 0.896912 0.312519
vt 0.896912 0.724257
vt 0.896912 0.080994
vt 0.896912 0.312519
vt 0.896912 0.724257
vt 0.908384 0.868332
vt 0.908384 0.868332
vt 0.909851 0.847370
vt 0.909851 0.847370
vt 0.945876 0.890943
vt 0.945876 0.890943
vt 0.947964 0.871497
vt 0.947964 0.871497
vt 0.957770 0.938686
vt 0.957770 0.938686
vt 0.957823 0.960882
vt 0.957823 0.960882
vt 0.964522 0.917364
vt 0.964522 0.917364
vt 0.966504 0.897630
vt 0.966504 0.897630
vt 0.974449 0.936982
vt 0.974449 0.936982
vt 0.976282 0.916896
vt 0.976282 0.916896
vt 0.987040 0.959963
vt 0.987040 0.959963
vt 0.988650 0.939432
vt 0.988650 0.939432
vt 0.994398 0.967442
vt 0.994398 0.967442
vt 0.995613 0.946218
vt 0.995613 0.946218
vt 0.995973 0.961769
vt 0.995973 0.961769
vt 0.996351 0.939702
vt 0.996351 0.939702
vt 0.999302 0.963892
vt 0.999302 0.963892
vt 1.000000 0.942038
vt 1.000000 0.942038

vn -0.079765 -0.033628 -0.996246
vn -0.079765 0.033628 -0.996246
vn -0.000734 0.038131 0.999272
vn -0.000734 -0.038131 0.999272
vn -0.075414 -0.055250 -0.995620
vn -0.075414 0.055249 -0.995621
vn -0.102386 -0.044994 0.993727
vn -0.102386 0.044994 0.993727
vn -0.169661 -0.090200 -0.981366
vn -0.169661 0.090200 -0.981366
vn 0.118692 0.116487 0.986075
vn 0.118692 -0.116486 0.986075
vn -0.289005 -0.172533 -0.941652
vn -0.289004 0.172532 -0.941653
vn 0.249905 0.209112 0.945420
vn 0.249904 -0.209112 0.945420
vn -0.345406 -0.198876 -0.917139
vn -0.345405 0.198875 -0.917139
vn 0.313973 0.241252 0.918269
vn 0.313973 -0.241253 0.918269
vn -0.389897 -0.225264 -0.892881
vn -0.389899 0.225265 -0.892880
vn 0.388405 0.290598 0.874468
vn 0.388407 -0.290600 0.874467
vn -0.429350 -0.448835 0.783713
vn -0.429351 0.448837 0.783711
vn -0.406894 -0.513103 -0.755753
vn -0.406896 0.513105 -0.755751
vn -0.329897 -0.171569 -0.928295
vn -0.329899 0.171570 -0.928294
vn 0.419856 0.316795 0.850507
vn 0.419854 -0.316794 0.850508
vn 0.062890 0.130573 -0.989442
vn 0.062889 -0.130572 -0.989442
vn 0.685408 0.496658 0.532490
vn 0.685408 -0.496658 0.532491
vn -0.147719 0.987355 -0.057531
vn -0.309891 0.950772 0.000000
vn -0.138395 0.990332 0.009467
vn -0.147719 -0.987355 -0.057529
vn -0.309884 -0.950774 0.000000
vn -0.138396 -0.990332 0.009466
vn -0.548078 0.832340 -0.082590
vn -0.062804 0.998026 0.000000
vn -0.298929 0.954016 0.022257
vn -0.548084 -0.832336 -0.082591
vn -0.062805 -0.998026 -0.000000
vn -0.298935 -0.954014 0.022258
vn -0.029783 -0.997753 0.060009
vn -0.029781 0.997754 0.060009
vn -0.101340 -0.519255 0.848590
vn -0.101340 0.519257 0.848588
vn -0.044668 -0.994454 -0.095213
vn -0.044666 0.994454 -0.095214
vn -0.086758 0.987373 -0.132547
vn -0.086759 -0.987372 -0.132549
vn -0.986628 -0.112750 -0.117697
vn -0.968975 -0.243503 0.042345
vn -0.986628 0.112755 -0.117697
vn -0.968975 0.243504 0.042345
vn 0.573399 -0.817073 -0.060044
vn 0.025836 -0.999666 -0.000000
vn -0.008015 -0.994598 0.103490
vn 0.573401 0.817071 -0.060044
vn 0.025838 0.999666 -0.000000
vn -0.008017 0.994598 0.103490
vn 0.117002 0.992105 -0.045140
vn 0.137852 0.990453 0.000000
vn 0.008057 0.999759 0.020418
vn 0.117003 -0.992105 -0.045140
vn 0.137854 -0.990452 0.000000
vn 0.008058 -0.999759 0.020419
vn -0.961159 -0.275253 -0.020250
vn -0.988401 -0.145841 0.042344
vn -0.961159 0.275250 -0.020250
vn -0.988401 0.145844 0.042344
vn 0.993307 0.113516 0.021322
vn 0.968422 0.243369 0.054137
vn 0.993307 -0.113518 0.021321
vn 0.968422 -0.243367 0.054137
vn 0.951892 -0.272602 0.139965
vn 0.987837 -0.145763 0.054137
vn 0.951892 0.272601 0.139965
vn 0.987838 0.145760 0.054138
vn -0.863161 -0.478846 -0.160184
vn -0.802030 -0.595781 0.042345
vn -0.863162 0.478844 -0.160184
vn -0.802031 0.595780 0.042345
vn -0.766732 0.609457 -0.201703
vn -0.857354 0.512983 0.042345
vn -0.766732 -0.609457 -0.201704
vn -0.857352 -0.512985 0.042345
vn 0.758373 0.028152 -0.651213
vn 0.977370 -0.064807 0.201366
vn 0.758373 -0.028152 -0.651213
vn 0.977370 0.064806 0.201365
vn 0.867107 0.481039 0.129332
vn 0.801572 0.595442 0.054138
vn 0.867109 -0.481036 0.129333
vn 0.801572 -0.595442 0.054137
vn 0.782645 -0.622103 0.021320
vn 0.856864 -0.512692 0.054138
vn 0.782645 0.622103 0.021320
vn 0.856863 0.512693 0.054137
vn 0.549862 -0.109378 -0.828063
vn 0.549863 0.109374 -0.828063
vn -0.997718 -0.066153 -0.013502
vn -0.824137 0.054644 0.563748
vn -0.997718 0.066151 -0.013501
vn -0.990345 -0.065662 0.122089
vn 0.761187 0.369441 -0.533017
vn 0.887152 0.367472 0.279152
vn 0.886458 -0.367185 -0.281722
vn 0.878976 -0.364086 0.307965
vn 0.886458 0.367185 -0.281721
vn 0.878975 0.364085 0.307968
vn 0.761184 -0.369443 -0.533021
vn 0.887151 -0.367472 0.279153
vn -0.782315 -0.264898 -0.563748
vn -0.896456 -0.442928 0.013502
vn -0.889830 0.439656 -0.122086
vn -0.947087 0.320692 0.013502
vn -0.740492 -0.365868 -0.563748
vn -0.947087 -0.320694 0.013502
vn -0.940088 0.318324 -0.122088
vn -0.896456 0.442928 0.013502
vn -0.622118 -0.782662 -0.020250
vn -0.512983 -0.857354 0.042345
vn -0.622118 0.782661 -0.020250
vn -0.512982 0.857354 0.042345
vn -0.485012 0.874273 -0.020250
vn -0.595781 0.802030 0.042344
vn -0.485010 -0.874274 -0.020250
vn -0.595780 -0.802031 0.042344
vn 0.700769 0.613623 -0.363854
vn 0.645284 0.736926 0.201368
vn 0.605349 -0.605349 -0.516822
vn 0.699005 -0.663875 0.265824
vn 0.605350 0.605349 -0.516821
vn 0.699006 0.663874 0.265825
vn 0.700771 -0.613621 -0.363852
vn 0.645282 -0.736928 0.201367
vn -0.190288 -0.190440 -0.963080
vn -0.190289 0.190441 -0.963080
vn 0.622103 0.782645 0.021321
vn 0.512688 0.856866 0.054138
vn 0.622105 -0.782644 0.021320
vn 0.512694 -0.856863 0.054138
vn -0.995854 0.087376 -0.025309
vn 0.227418 0.182456 0.956551
vn -0.421481 -0.018935 0.906639
vn -0.995854 -0.087379 -0.025310
vn 0.227418 -0.182457 0.956551
vn -0.421482 0.018936 0.906639
vn -0.658716 -0.752271 -0.013502
vn -0.746711 -0.653849 0.122087
vn -0.752271 0.658716 -0.013502
vn -0.653848 0.746711 0.122087
vn -0.752271 -0.658715 -0.013501
vn -0.433115 -0.494625 0.753496
vn -0.658718 0.752269 -0.013501
vn -0.621393 0.544115 0.563747
vn -0.317868 -0.277590 -0.906589
vn -0.317868 0.277590 -0.906589
vn 0.481129 -0.867275 0.127864
vn 0.595443 -0.801571 0.054137
vn 0.481128 0.867275 0.127863
vn 0.595443 0.801572 0.054137
vn -0.075590 -0.102936 -0.991812
vn -0.075589 0.102935 -0.991812
vn -0.927942 -0.304029 -0.215615
vn 0.116730 0.117753 0.986158
vn -0.908088 -0.417938 0.026520
vn -0.927941 0.304031 -0.215615
vn 0.116730 -0.117753 0.986158
vn -0.908089 0.417936 0.026518
vn -0.546070 0.284439 -0.787973
vn 0.347761 0.252314 0.902995
vn -0.939824 0.340719 0.025310
vn -0.546070 -0.284442 -0.787973
vn 0.347760 -0.252313 0.902996
vn -0.939822 -0.340725 0.025310
vn 0.516243 -0.772608 0.369553
vn 0.516240 0.772610 0.369553
vn -0.361565 -0.284283 -0.887949
vn -0.361564 0.284282 -0.887950
vn -0.695198 -0.666184 -0.269996
vn -0.786339 -0.617323 -0.024150
vn -0.325549 -0.412637 0.850734
vn -0.670102 -0.642135 0.372326
vn -0.695200 0.666181 -0.270001
vn -0.786340 0.617322 -0.024153
vn -0.325550 0.412637 0.850734
vn -0.670104 0.642132 0.372326
vn -0.154250 -0.241252 -0.958125
vn -0.154250 0.241252 -0.958125
vn -0.642391 0.765959 -0.025310
vn 0.382746 0.255939 0.887694
vn -0.719248 0.657399 0.224741
vn -0.642389 -0.765961 -0.025309
vn 0.382747 -0.255939 0.887694
vn -0.719247 -0.657401 0.224739
vn -0.654004 -0.481355 -0.583588
vn -0.654006 0.481357 -0.583586
vn 0.324959 0.784516 -0.528144
vn 0.330832 0.798694 0.502631
vn 0.341280 -0.690726 -0.637515
vn 0.261577 -0.950058 0.170197
vn 0.341280 0.690728 -0.637513
vn 0.261579 0.950057 0.170198
vn 0.324960 -0.784516 -0.528143
vn 0.330831 -0.798689 0.502639
vn -0.439654 -0.889831 -0.122088
vn -0.320690 -0.947088 0.013502
vn -0.210857 0.622720 -0.753498
vn -0.442928 0.896456 0.013502
vn -0.318324 -0.940087 -0.122088
vn -0.442928 -0.896456 0.013502
vn -0.291230 0.589431 -0.753496
vn -0.320692 0.947087 0.013502
vn -0.397560 -0.297881 -0.867878
vn -0.397561 0.297882 -0.867878
vn -0.270594 -0.944903 -0.184221
vn -0.145839 -0.988402 0.042345
vn -0.270594 0.944903 -0.184221
vn -0.145842 0.988401 0.042344
vn -0.032506 -0.063616 -0.997445
vn -0.367635 -0.361848 0.856686
vn -0.463028 -0.885839 0.029910
vn -0.032506 0.063616 -0.997445
vn -0.367635 0.361847 0.856686
vn -0.463028 0.885839 0.029910
vn 0.273414 -0.954732 0.117181
vn 0.145760 -0.987838 0.054137
vn 0.273409 0.954734 0.117180
vn 0.145760 0.987838 0.054138
vn -0.292778 0.929394 -0.224740
vn 0.414324 0.258073 0.872774
vn -0.423628 0.905483 0.025310
vn -0.292778 -0.929394 -0.224739
vn 0.414326 -0.258075 0.872772
vn -0.423627 -0.905483 0.025310
vn -0.111627 0.976753 -0.183012
vn -0.243507 0.968974 0.042344
vn -0.111627 -0.976753 -0.183012
vn -0.243506 -0.968975 0.042344
vn 0.339747 -0.233958 -0.910953
vn 0.339747 0.233958 -0.910953
vn 0.113514 -0.993308 0.021321
vn 0.243365 -0.968423 0.054138
vn 0.113517 0.993307 0.021321
vn 0.243366 0.968423 0.054137
vn -0.836859 -0.541153 -0.082590
vn -0.998512 -0.054524 -0.000000
vn -0.956462 -0.291007 0.022257
vn -0.836856 0.541157 -0.082590
vn -0.998512 0.054524 0.000000
vn -0.956462 0.291008 0.022257
vn -0.520083 -0.097029 0.848587
vn -0.520083 0.097029 0.848586
vn -0.988058 -0.078566 -0.132548
vn -0.988058 0.078566 -0.132547
vn -0.991101 0.125226 -0.045140
vn -0.989275 0.146064 0.000000
vn -0.999658 0.016349 0.020418
vn -0.991101 -0.125226 -0.045140
vn -0.989275 -0.146063 0.000000
vn -0.999658 -0.016349 0.020418
vn -0.422555 -0.308424 -0.852245
vn -0.422557 0.308426 -0.852243
vn -0.070995 -0.990591 -0.117000
vn -0.398599 -0.415206 0.817755
vn -0.047984 -0.520717 0.852380
vn -0.070995 0.990591 -0.117000
vn -0.398597 0.415205 0.817756
vn -0.047984 0.520718 0.852379
vn 0.061395 0.925936 -0.372656
vn -0.061704 0.930629 0.360723
vn 0.000001 -0.862316 -0.506370
vn 0.000002 -0.960247 0.279153
vn 0.000000 0.862315 -0.506373
vn 0.000000 0.960248 0.279148
vn 0.061394 -0.925936 -0.372656
vn -0.061705 -0.930630 0.360722
vn -0.066151 -0.997718 -0.013501
vn 0.065662 -0.990345 0.122087
vn 0.066151 0.997718 -0.013501
vn -0.065662 0.990345 0.122087
vn 0.066153 -0.997718 -0.013502
vn -0.043497 -0.656012 0.753496
vn -0.066152 0.997718 -0.013502
vn 0.043496 0.656012 0.753496
vn 0.087384 0.995853 -0.025310
vn 0.429227 0.262171 0.864309
vn -0.027631 0.615092 0.787971
vn 0.087378 -0.995854 -0.025309
vn 0.429227 -0.262171 0.864309
vn -0.027632 -0.615090 0.787972
vn 0.986096 -0.155903 -0.057530
vn 0.948170 -0.317764 0.000000
vn 0.989150 -0.146603 0.009467
vn 0.986096 0.155902 -0.057530
vn 0.948171 0.317762 0.000000
vn 0.989150 0.146602 0.009467
vn 0.997472 -0.038056 0.060009
vn 0.997472 0.038055 0.060009
vn 0.423480 0.300771 -0.854518
vn 0.423477 -0.300769 -0.854520
vn 0.994050 -0.052913 -0.095213
vn 0.994050 0.052912 -0.095213
vn 0.821802 0.566601 -0.060043
vn 0.999846 0.017545 0.000000
vn 0.994497 -0.016267 0.103490
vn 0.821805 -0.566597 -0.060043
vn 0.999846 -0.017546 0.000000
vn 0.994498 0.016265 0.103489
vn -0.763633 0.644026 -0.045773
vn -0.739198 0.637736 0.216516
vn -0.763632 -0.644027 -0.045772
vn -0.739197 -0.637738 0.216513
vn -0.318886 -0.749530 -0.580101
vn -0.537645 -0.843171 -0.000002
vn -0.443638 0.293876 0.846654
vn -0.318894 0.749527 -0.580100
vn -0.537648 0.843169 -0.000001
vn -0.443641 -0.293878 0.846651
vn -0.113518 -0.993307 0.021321
vn -0.243367 -0.968422 0.054137
vn -0.113514 0.993308 0.021321
vn -0.243366 0.968423 0.054138
vn -0.339748 0.233959 -0.910953
vn -0.339748 -0.233959 -0.910952
vn 0.113518 0.993330 -0.020250
vn 0.243504 0.968975 0.042344
vn 0.113521 -0.993329 -0.020250
vn 0.243504 -0.968975 0.042345
vn 0.255818 -0.768588 -0.586370
vn -0.346047 -0.382787 0.856578
vn 0.293069 -0.955370 0.037128
vn 0.255816 0.768590 -0.586368
vn -0.346049 0.382788 0.856577
vn 0.293066 0.955371 0.037128
vn 0.643618 0.732224 -0.222716
vn 0.640044 0.750181 -0.166049
vn 0.643619 -0.732224 -0.222718
vn 0.640044 -0.750181 -0.166049
vn -0.273412 -0.954733 0.117181
vn -0.145762 -0.987837 0.054138
vn -0.273412 0.954733 0.117180
vn -0.145759 0.987838 0.054138
vn -0.094774 0.063538 0.993469
vn -0.094774 -0.063538 0.993469
vn 0.118959 0.270728 -0.955278
vn 0.320510 0.173541 0.931213
vn 0.402210 0.915350 0.019026
vn 0.118959 -0.270729 -0.955277
vn 0.320509 -0.173540 0.931213
vn 0.402209 -0.915350 0.019027
vn 0.275251 -0.961159 -0.020250
vn 0.145840 -0.988401 0.042344
vn 0.275251 0.961159 -0.020250
vn 0.145841 0.988401 0.042345
vn 0.387708 0.277336 -0.879072
vn 0.387708 -0.277336 -0.879072
vn 0.210857 -0.622722 -0.753496
vn 0.442925 -0.896457 0.013502
vn 0.439652 0.889832 -0.122088
vn 0.320689 0.947088 0.013502
vn 0.291231 -0.589430 -0.753496
vn 0.320694 -0.947087 0.013502
vn 0.318322 0.940088 -0.122087
vn 0.442927 0.896456 0.013502
vn -0.247098 0.729739 -0.637514
vn -0.410531 0.895600 0.171360
vn -0.247098 -0.729739 -0.637514
vn -0.413144 -0.836176 0.360723
vn -0.247098 0.729740 -0.637513
vn -0.413145 0.836176 0.360724
vn -0.247099 -0.729741 -0.637511
vn -0.410530 -0.895600 0.171362
vn 0.654005 0.481356 -0.583587
vn 0.654002 -0.481354 -0.583592
vn 0.651837 -0.756269 -0.056267
vn -0.295957 -0.338923 0.893051
vn 0.584924 -0.713230 0.386221
vn 0.651835 0.756271 -0.056266
vn -0.295957 0.338923 0.893051
vn 0.584921 0.713230 0.386224
vn -0.029280 -0.142185 -0.989407
vn -0.068787 -0.343343 0.936688
vn -0.029279 0.142186 -0.989407
vn -0.068787 0.343343 0.936688
vn 0.706310 -0.707846 -0.008961
vn 0.703918 -0.710055 0.017908
vn 0.706311 0.707845 -0.008959
vn 0.703919 0.710054 0.017905
vn 0.154250 -0.241252 -0.958125
vn 0.154250 0.241252 -0.958125
vn 0.715122 0.698668 -0.021507
vn 0.815950 0.540674 0.204688
vn 0.430729 0.501540 0.750287
vn 0.428139 0.353391 0.831753
vn 0.715123 -0.698668 -0.021507
vn 0.815949 -0.540673 0.204692
vn 0.430731 -0.501541 0.750285
vn 0.428135 -0.353389 0.831755
vn 0.361564 0.284282 -0.887950
vn 0.361564 -0.284282 -0.887950
vn -0.516245 0.772608 0.369551
vn -0.516243 -0.772609 0.369552
vn 0.371683 -0.188752 -0.908969
vn -0.214366 -0.310367 0.926131
vn 0.878377 -0.474038 0.061163
vn 0.371681 0.188752 -0.908970
vn -0.214367 0.310368 0.926131
vn 0.878376 0.474041 0.061164
vn 0.915368 0.292675 -0.276484
vn 0.047289 -0.041777 0.998007
vn 0.951133 0.281634 0.126603
vn 0.915368 -0.292675 -0.276482
vn 0.047288 0.041777 0.998007
vn 0.951133 -0.281633 0.126604
vn 0.075589 0.102935 -0.991812
vn 0.075590 -0.102936 -0.991812
vn -0.481128 0.867275 0.127863
vn -0.595440 0.801574 0.054137
vn -0.481129 -0.867275 0.127863
vn -0.595442 -0.801572 0.054137
vn 0.317867 0.277590 -0.906589
vn 0.317868 -0.277591 -0.906589
vn 0.752271 -0.658716 -0.013502
vn 0.653849 -0.746710 0.122087
vn 0.658717 0.752270 -0.013502
vn 0.746712 0.653847 0.122088
vn 0.658718 -0.752269 -0.013502
vn 0.621395 -0.544112 0.563747
vn 0.752273 0.658714 -0.013502
vn 0.433115 0.494626 0.753496
vn 0.996146 -0.080157 -0.035603
vn -0.065121 -0.179671 0.981569
vn 0.132725 -0.014024 0.991054
vn 0.996147 0.080154 -0.035603
vn -0.065120 0.179670 0.981569
vn 0.132725 0.014024 0.991054
vn -0.622102 -0.782646 0.021321
vn -0.512690 -0.856865 0.054137
vn -0.622104 0.782644 0.021321
vn -0.512692 0.856864 0.054137
vn 0.190289 0.190441 -0.963080
vn 0.190289 -0.190440 -0.963080
vn -0.304766 0.186006 -0.934088
vn -0.749935 0.457704 0.477603
vn -0.304766 -0.186006 -0.934088
vn -0.749935 -0.457704 0.477603
vn -0.678467 0.678466 -0.281721
vn -0.631836 0.561173 0.534666
vn -0.507547 -0.579631 -0.637514
vn -0.736928 -0.645281 0.201368
vn -0.507547 0.579630 -0.637514
vn -0.736928 0.645281 0.201367
vn -0.678467 -0.678467 -0.281720
vn -0.631835 -0.561174 0.534666
vn 0.476807 -0.859487 -0.184222
vn 0.595781 -0.802030 0.042344
vn 0.476807 0.859487 -0.184222
vn 0.595780 0.802031 0.042344
vn 0.613683 0.772046 -0.165342
vn 0.512985 0.857352 0.042345
vn 0.613682 -0.772047 -0.165342
vn 0.512984 -0.857353 0.042345
vn 0.889832 -0.439652 -0.122087
vn 0.947086 -0.320695 0.013501
vn 0.782314 0.264901 -0.563748
vn 0.896457 0.442926 0.013501
vn 0.940087 -0.318324 -0.122087
vn 0.896455 -0.442928 0.013502
vn 0.740493 0.365868 -0.563747
vn 0.947087 0.320694 0.013502
vn -0.691199 0.691199 -0.210923
vn -0.703209 0.703209 0.104858
vn -0.691199 -0.691199 -0.210921
vn -0.703209 -0.703209 0.104857
vn -0.888192 -0.395012 -0.234692
vn -0.798690 -0.330829 0.502639
vn -0.888191 0.395013 -0.234692
vn -0.798692 0.330830 0.502636
vn -0.729739 0.247097 -0.637514
vn -0.876449 0.433044 0.210501
vn -0.729740 -0.247097 -0.637512
vn -0.876449 -0.433044 0.210500
vn 0.997718 0.066153 -0.013502
vn 0.824137 -0.054644 0.563748
vn 0.997718 -0.066155 -0.013502
vn 0.990345 0.065666 0.122087
vn -0.549863 -0.109376 -0.828062
vn -0.549863 0.109376 -0.828063
vn -0.782643 0.622105 0.021321
vn -0.856864 0.512692 0.054137
vn -0.782644 -0.622104 0.021321
vn -0.856864 -0.512692 0.054138
vn -0.867109 0.481036 0.129333
vn -0.801573 0.595441 0.054137
vn -0.867110 -0.481034 0.129333
vn -0.801572 -0.595442 0.054137
vn -0.845423 0.062369 -0.530444
vn -0.988271 -0.000002 0.152709
vn -0.845423 -0.062371 -0.530443
vn -0.988271 0.000002 0.152708
vn 0.704807 -0.704807 -0.080594
vn 0.679409 -0.679409 -0.277142
vn 0.704807 0.704807 -0.080593
vn 0.679409 0.679409 -0.277141
vn -0.252058 0.252058 0.934309
vn -0.252060 -0.252060 0.934308
vn 0.782661 -0.622118 -0.020250
vn 0.857353 -0.512984 0.042344
vn 0.782661 0.622118 -0.020250
vn 0.857353 0.512983 0.042345
vn 0.874274 0.485010 -0.020250
vn 0.802031 0.595779 0.042344
vn 0.874274 -0.485010 -0.020250
vn 0.802031 -0.595780 0.042344
vn -0.354600 0.351535 -0.866419
vn -0.543967 0.542787 0.639908
vn -0.354598 -0.351532 -0.866421
vn -0.543965 -0.542784 0.639912
vn -0.124305 -0.025166 -0.991925
vn -0.248875 -0.050403 0.967223
vn -0.124305 0.025165 -0.991925
vn -0.248876 0.050403 0.967223
vn -0.027596 0.083421 -0.996132
vn 0.028343 0.084390 0.996030
vn -0.027596 -0.083421 -0.996132
vn 0.028343 -0.084390 0.996030
vn -0.951893 0.272598 0.139965
vn -0.987838 0.145759 0.054137
vn -0.951892 -0.272600 0.139965
vn -0.987837 -0.145761 0.054137
vn -0.993307 -0.113516 0.021321
vn -0.968423 -0.243363 0.054137
vn -0.993307 0.113516 0.021321
vn -0.968422 0.243366 0.054137
vn 0.133628 -0.247521 0.959623
vn 0.133629 0.247522 0.959623
vn -0.732224 0.643619 -0.222718
vn -0.762247 0.641230 -0.088334
vn -0.732224 -0.643619 -0.222716
vn -0.762247 -0.641231 -0.088334
vn -0.773783 -0.425256 -0.469485
vn -0.883766 -0.467930 -0.000001
vn -0.433042 -0.673951 0.598552
vn -0.773781 0.425260 -0.469485
vn -0.883763 0.467934 -0.000001
vn -0.433042 0.673951 0.598552
vn 0.642840 -0.760544 -0.091268
vn 0.643069 -0.751176 0.148988
vn 0.642840 0.760544 -0.091268
vn 0.643069 0.751175 0.148988
vn 0.951866 0.272590 -0.140164
vn 0.988401 0.145842 0.042344
vn 0.951866 -0.272590 -0.140164
vn 0.988401 -0.145840 0.042344
vn 0.984040 0.112461 -0.137908
vn 0.968974 0.243507 0.042344
vn 0.984040 -0.112457 -0.137908
vn 0.968975 -0.243505 0.042344
vn 0.463119 -0.746603 -0.477603
vn 0.188207 -0.303412 0.934088
vn 0.463119 0.746603 -0.477603
vn 0.188207 0.303412 0.934088
vn -0.697941 0.697941 -0.160486
vn -0.699012 0.699012 0.150882
vn -0.697942 -0.697941 -0.160484
vn -0.699012 -0.699012 0.150881
vn 0.698038 -0.698038 -0.159639
vn 0.694565 -0.694565 -0.187509
vn 0.698039 0.698038 -0.159638
vn 0.694565 0.694565 -0.187508
vn -0.221870 0.221870 0.949499
vn -0.221871 -0.221871 0.949498
vn -0.134654 -0.045224 -0.989860
vn -0.136466 0.045144 0.989616
vn -0.134655 0.045224 -0.989860
vn -0.136466 -0.045144 0.989616
vn 0.148156 0.060800 -0.987093
vn 0.142155 -0.035761 0.989198
vn 0.148156 -0.060800 -0.987093
vn 0.142154 0.035761 0.989198
vn 0.227634 -0.227634 0.946766
vn 0.227634 0.227634 0.946766
vn -0.697774 0.697774 -0.161935
vn -0.695854 0.695854 -0.177693
vn -0.697774 -0.697774 -0.161934
vn -0.695854 -0.695854 -0.177695
vn 0.698053 0.698053 -0.159510
vn 0.699012 0.699012 0.150882
vn 0.698053 -0.698053 -0.159511
vn 0.699012 -0.699012 0.150882
vn -0.697941 0.697941 -0.160486
vn -0.699012 0.699012 0.150882
vn -0.697942 -0.697941 -0.160484
vn -0.699012 -0.699011 0.150881
vn 0.698038 -0.698038 -0.159639
vn 0.694565 -0.694565 -0.187509
vn 0.698039 0.698038 -0.159638
vn 0.694565 0.694565 -0.187509
vn -0.221870 0.221870 0.949499
vn -0.221871 -0.221870 0.949498
vn 0.021949 -0.087252 -0.995944
vn -0.038340 -0.093426 0.994888
vn 0.021949 0.087252 -0.995944
vn -0.038340 0.093426 0.994888
vn -0.021949 -0.087252 -0.995944
vn 0.038340 -0.093426 0.994888
vn -0.021949 0.087252 -0.995944
vn 0.038340 0.093426 0.994888
vn 0.221870 -0.221870 0.949499
vn 0.221870 0.221870 0.949499
vn -0.698038 0.698038 -0.159639
vn -0.694565 0.694565 -0.187509
vn -0.698039 -0.698038 -0.159638
vn -0.694565 -0.694564 -0.187510
vn -0.782425 -0.570135 0.250514
vn -0.782425 0.570136 0.250510
vn -0.015723 -0.073313 -0.997185
vn -0.015723 0.073313 -0.997185
vn 0.697941 0.697942 -0.160484
vn 0.699011 0.699012 0.150882
vn 0.697941 -0.697941 -0.160486
vn 0.699012 -0.699012 0.150882
vn -0.697941 0.697941 -0.160486
vn -0.699012 0.699012 0.150882
vn -0.697942 -0.697941 -0.160484
vn -0.699012 -0.699012 0.150881
vn 0.698039 0.698039 -0.159638
vn 0.694565 0.694565 -0.187509
vn 0.698038 -0.698038 -0.159639
vn 0.694565 -0.694565 -0.187508
vn -0.221870 -0.221870 0.949498
vn -0.221870 0.221870 0.949499
vn -0.148155 0.060800 -0.987093
vn -0.142154 -0.035761 0.989198
vn -0.148155 -0.060800 -0.987093
vn -0.142155 0.035761 0.989198
vn 0.148155 -0.060800 -0.987093
vn 0.142154 0.035761 0.989198
vn 0.148155 0.060800 -0.987093
vn 0.142154 -0.035761 0.989198
vn 0.221870 -0.221870 0.949498
vn 0.221870 0.221870 0.949498
vn -0.698038 0.698038 -0.159639
vn -0.694565 0.694565 -0.187507
vn -0.698039 -0.698038 -0.159639
vn -0.694565 -0.694565 -0.187508
vn 0.697941 -0.697941 -0.160486
vn 0.699012 -0.699012 0.150882
vn 0.697941 0.697942 -0.160485
vn 0.699011 0.699012 0.150883
vn -0.425364 0.365991 -0.827717
vn -0.394817 0.309067 0.865215
vn -0.425364 -0.365991 -0.827717
vn -0.394817 -0.309067 0.865215
vn -0.419856 -0.316796 0.850506
vn -0.419855 0.316795 0.850508
vn 0.345089 0.195600 -0.917962
vn 0.345088 -0.195599 -0.917962
vn -0.697941 0.697942 -0.160485
vn -0.699011 0.699012 0.150882
vn -0.697941 -0.697942 -0.160484
vn -0.699012 -0.699012 0.150881
vn 0.698038 0.698039 -0.159638
vn 0.694565 0.694565 -0.187509
vn 0.698038 -0.698038 -0.159639
vn 0.694565 -0.694565 -0.187508
vn -0.221870 -0.221870 0.949498
vn -0.221870 0.221870 0.949498
vn 0.021949 0.087252 -0.995944
vn -0.038340 0.093426 0.994888
vn 0.021949 -0.087252 -0.995944
vn -0.038340 -0.093426 0.994888
vn -0.021949 -0.087252 -0.995944
vn 0.038340 -0.093426 0.994888
vn -0.021949 0.087252 -0.995944
vn 0.038340 0.093426 0.994888
vn 0.221870 0.221870 0.949498
vn 0.221870 -0.221870 0.949498
vn -0.698038 0.698038 -0.159639
vn -0.694565 0.694565 -0.187508
vn -0.698038 -0.698039 -0.159639
vn -0.694565 -0.694565 -0.187508
vn 0.406897 0.513106 -0.755749
vn 0.406894 -0.513103 -0.755753
vn 0.429353 0.448838 0.783709
vn 0.429353 -0.448838 0.783709
vn 0.697941 -0.697941 -0.160486
vn 0.699012 -0.699012 0.150882
vn 0.697941 0.697942 -0.160485
vn 0.699011 0.699012 0.150883
vn -0.387590 -0.311895 0.867465
vn -0.387590 0.311894 0.867465
vn 0.389899 0.225265 -0.892880
vn 0.389899 -0.225265 -0.892880
vn 0.389899 -0.225265 -0.892880
vn 0.389899 0.225265 -0.892880
vn 0.311916 -0.392570 -0.865215
vn 0.369060 -0.422704 0.827717
vn 0.311916 0.392570 -0.865215
vn 0.369060 0.422704 0.827717
vn -0.497634 0.853367 -0.155324
vn -0.661359 0.734779 0.150678
vn -0.497636 -0.853366 -0.155324
vn -0.661360 -0.734779 0.150678
vn -0.306520 -0.253473 0.917495
vn -0.306521 0.253474 0.917494
vn 0.707107 0.707107 0.000000
vn 0.707107 -0.707107 0.000000
vn 0.340450 0.194231 -0.919983
vn 0.340450 -0.194231 -0.919983
vn 0.788305 -0.535631 -0.302779
vn 0.727103 -0.679929 -0.094963
vn 0.788305 0.535632 -0.302777
vn 0.727102 0.679930 -0.094962
vn -0.180956 0.262056 0.947936
vn -0.180956 -0.262056 0.947936
vn -0.148156 0.060800 -0.987093
vn -0.142155 -0.035761 0.989198
vn -0.148155 -0.060800 -0.987093
vn -0.142155 0.035761 0.989198
vn 0.061178 0.061178 -0.996250
vn 0.124386 0.124386 0.984407
vn 0.061177 -0.061177 -0.996250
vn 0.124386 -0.124386 0.984407
vn 0.221870 0.221870 0.949499
vn 0.221870 -0.221870 0.949499
vn -0.698038 0.698038 -0.159639
vn -0.694565 0.694565 -0.187509
vn -0.698038 -0.698039 -0.159639
vn -0.694565 -0.694565 -0.187509
vn -0.093351 -0.072652 -0.992979
vn -0.148112 -0.163611 0.975343
vn -0.093351 -0.072652 -0.992979
vn -0.148112 -0.163611 0.975343
vn -0.075792 0.000000 -0.997124
vn -0.095650 0.000000 0.995415
vn -0.075792 0.000000 -0.997124
vn -0.095650 0.000000 0.995415
vn -0.025775 -0.655680 -0.754599
vn -0.107055 -0.680837 0.724569
vn -0.025775 -0.655680 -0.754599
vn -0.107055 -0.680837 0.724569
vn -0.075792 0.000000 -0.997124
vn -0.095650 0.000000 0.995415
vn -0.075792 0.000000 -0.997124
vn -0.095650 0.000000 0.995415
vn -0.089084 0.069331 -0.993608
vn -0.148112 0.163611 0.975343
vn -0.089084 0.069331 -0.993608
vn -0.148112 0.163611 0.975343
vn -0.237862 0.117302 -0.964190
vn -0.407646 0.143531 0.901789
vn -0.237862 -0.117302 -0.964190
vn -0.407646 -0.143531 0.901789
vn 0.697941 -0.697941 -0.160486
vn 0.699012 -0.699012 0.150882
vn 0.697942 0.697941 -0.160485
vn 0.699012 0.699011 0.150883
vn -0.249905 -0.209112 0.945420
vn -0.249905 0.209112 0.945420
vn 0.289004 0.172532 -0.941652
vn 0.289004 -0.172532 -0.941652
vn -0.118691 -0.116486 0.986075
vn -0.118692 0.116486 0.986075
vn 0.169661 -0.090200 -0.981366
vn 0.169661 0.090200 -0.981366
vn 0.102386 0.044994 0.993727
vn 0.102386 -0.044994 0.993727
vn 0.075414 0.055250 -0.995621
vn 0.075414 -0.055250 -0.995621
vn 0.000735 -0.038131 0.999272
vn 0.000735 0.038131 0.999272
vn 0.079765 0.033628 -0.996246
vn 0.079765 -0.033628 -0.996246
vn 0.074873 0.074873 -0.994378
vn 0.045861 0.045861 0.997895
vn 0.074873 -0.074873 -0.994378
vn 0.045861 -0.045861 0.997895
vn -0.114927 0.318792 -0.940831
vn 0.199796 0.348534 0.915754
vn -0.114927 -0.318792 -0.940831
vn 0.199796 -0.348534 0.915754
vn 0.242079 -0.201479 0.949107
vn 0.242079 0.201479 0.949107
vn -0.650780 0.755000 -0.080374
vn -0.522525 0.777092 -0.350850
vn -0.650781 -0.755000 -0.080374
vn -0.522526 -0.777090 -0.350852
vn 0.707107 0.707107 0.000000
vn 0.707108 -0.707105 0.000001
vn 0.000000 0.000000 1.000000
vn 0.000000 0.000000 1.000000
vn 0.000000 0.000000 1.000000
vn 0.000000 0.000000 1.000000
vn 0.794509 -0.586140 -0.158734
vn 0.768388 -0.622139 0.150074
vn 0.794508 0.586141 -0.158733
vn 0.768388 0.622139 0.150074
vn 0.146477 -0.406596 -0.901789
vn 0.119020 -0.237007 0.964190
vn 0.146477 0.406596 -0.901789
vn 0.119020 0.237007 0.964190
vn -0.177844 -0.243439 0.953472
vn -0.177844 0.243439 0.953472
vn -0.177844 0.243439 0.953472
vn -0.189788 -0.878064 0.439299
vn -0.254936 0.766026 0.590095
vn -0.259491 -0.437783 -0.860820
vn -0.461382 0.704973 -0.538646
vn 0.347079 0.202313 -0.915754
vn 0.319616 -0.112617 0.940831
vn 0.347079 -0.202313 -0.915754
vn 0.319616 0.112617 0.940831
vn -0.347079 0.202313 -0.915754
vn -0.319616 -0.112617 0.940831
vn -0.347079 -0.202313 -0.915754
vn -0.319616 0.112617 0.940831
vn 0.328776 -0.864362 -0.380506
vn 0.117389 -0.308619 0.943914
vn 0.115230 0.209505 -0.970994
vn 0.120419 0.218939 0.968279
vn 0.106637 -0.107412 -0.988479
vn 0.142665 -0.143701 0.979284
vn 0.134403 0.135379 -0.981636
vn 0.142665 0.143701 0.979284
vn 0.134403 0.135379 -0.981636
vn 0.142665 0.143701 0.979284
vn 0.134403 -0.135379 -0.981636
vn 0.117820 -0.118676 0.985918
vn 0.134403 -0.135379 -0.981636
vn 0.117820 -0.118676 0.985918
vn 0.134403 0.135379 -0.981636
vn 0.117820 0.118676 0.985918
vn 0.134403 0.135379 -0.981636
vn 0.117820 0.118676 0.985918
vn -0.119020 -0.237007 0.964190
vn -0.119020 0.237007 0.964190
vn -0.146477 -0.406596 -0.901789
vn -0.146477 0.406596 -0.901789
vn -0.794508 0.586141 -0.158733
vn -0.768388 0.622140 0.150073
vn -0.794508 -0.586141 -0.158732
vn -0.768388 -0.622140 0.150072
vn -0.707107 0.707107 0.000000
vn -0.707107 -0.707107 0.000000
vn 0.650781 0.754999 -0.080374
vn 0.522526 0.777090 -0.350852
vn 0.650781 -0.755000 -0.080374
vn 0.522525 -0.777091 -0.350851
vn -0.242079 -0.201479 0.949107
vn -0.242079 0.201479 0.949107
vn 0.050888 -0.082605 -0.995282
vn 0.178165 -0.289208 0.940540
vn 0.050888 0.082605 -0.995282
vn 0.178165 0.289208 0.940540
vn 0.050888 0.082605 -0.995282
vn 0.178165 0.289208 0.940540
vn 0.114927 0.318792 -0.940831
vn -0.199796 0.348534 0.915754
vn 0.114927 -0.318792 -0.940831
vn -0.199796 -0.348534 0.915754
vn -0.074873 -0.074873 -0.994378
vn -0.045861 -0.045861 0.997895
vn -0.074873 0.074873 -0.994378
vn -0.045861 0.045861 0.997895
vn -0.079765 0.033628 -0.996246
vn -0.079765 -0.033628 -0.996246
vn -0.000735 -0.038131 0.999272
vn -0.000735 0.038131 0.999272
vn -0.075414 0.055250 -0.995620
vn -0.075414 -0.055250 -0.995621
vn -0.102387 0.044994 0.993727
vn -0.102387 -0.044994 0.993727
vn -0.169661 0.090200 -0.981366
vn -0.169662 -0.090201 -0.981366
vn 0.118692 -0.116486 0.986075
vn 0.118692 0.116486 0.986075
vn -0.289004 -0.172532 -0.941652
vn -0.289004 0.172532 -0.941652
vn 0.249904 0.209112 0.945421
vn 0.249904 -0.209112 0.945420
vn -0.697942 0.697942 -0.160485
vn -0.699012 0.699012 0.150882
vn -0.697942 -0.697941 -0.160484
vn -0.699012 -0.699012 0.150881
vn 0.237862 0.117302 -0.964190
vn 0.407646 0.143531 0.901789
vn 0.237862 -0.117302 -0.964190
vn 0.407646 -0.143531 0.901789
vn 0.698039 0.698039 -0.159638
vn 0.694565 0.694565 -0.187509
vn 0.698039 -0.698038 -0.159639
vn 0.694565 -0.694565 -0.187508
vn -0.221870 -0.221870 0.949498
vn -0.221870 0.221870 0.949498
vn -0.061177 0.061177 -0.996250
vn -0.124386 0.124386 0.984407
vn -0.061177 -0.061177 -0.996250
vn -0.124386 -0.124386 0.984407
vn 0.148155 0.060800 -0.987093
vn 0.142154 -0.035761 0.989198
vn 0.148156 -0.060800 -0.987093
vn 0.142155 0.035761 0.989198
vn 0.180956 -0.262055 0.947936
vn 0.180956 0.262055 0.947936
vn -0.788305 0.535631 -0.302777
vn -0.727102 0.679929 -0.094963
vn -0.788304 -0.535633 -0.302777
vn -0.727102 -0.679930 -0.094963
vn -0.340450 -0.194231 -0.919983
vn -0.340451 0.194231 -0.919982
vn -0.707105 0.707108 0.000000
vn -0.707107 -0.707107 -0.000000
vn 0.306521 -0.253474 0.917494
vn 0.306520 0.253474 0.917495
vn 0.497635 0.853366 -0.155323
vn 0.661359 0.734779 0.150679
vn 0.497635 -0.853366 -0.155324
vn 0.661359 -0.734779 0.150678
vn -0.311916 -0.392570 -0.865215
vn -0.369060 -0.422704 0.827717
vn -0.311916 0.392570 -0.865215
vn -0.369060 0.422704 0.827717
vn -0.389899 0.225266 -0.892880
vn -0.389899 -0.225265 -0.892880
vn -0.389899 0.225266 -0.892880
vn -0.389899 -0.225265 -0.892880
vn 0.387590 -0.311894 0.867465
vn 0.387591 0.311895 0.867465
vn -0.697941 0.697942 -0.160484
vn -0.699012 0.699012 0.150882
vn -0.697941 -0.697942 -0.160484
vn -0.699012 -0.699012 0.150881
vn -0.429352 0.448838 0.783709
vn -0.429352 -0.448837 0.783711
vn -0.406895 -0.513104 -0.755752
vn -0.406897 0.513106 -0.755749
vn 0.698038 0.698039 -0.159638
vn 0.694565 0.694565 -0.187509
vn 0.698039 -0.698038 -0.159638
vn 0.694565 -0.694565 -0.187509
vn -0.221870 -0.221870 0.949498
vn -0.221870 0.221870 0.949498
vn 0.021949 -0.087252 -0.995944
vn -0.038340 -0.093426 0.994888
vn 0.021949 0.087252 -0.995944
vn -0.038340 0.093426 0.994888
vn 0.076915 -0.155143 -0.984893
vn 0.056390 -0.057751 0.996737
vn 0.114168 -0.624411 -0.772707
vn 0.029968 -0.655603 0.754511
vn 0.114168 -0.624411 -0.772707
vn 0.029968 -0.655603 0.754511
vn 0.076915 0.155143 -0.984893
vn 0.056390 0.057751 0.996737
vn 0.076915 0.155143 -0.984893
vn 0.056390 0.057751 0.996737
vn -0.021949 0.087252 -0.995944
vn 0.038340 0.093426 0.994888
vn -0.021949 -0.087252 -0.995944
vn 0.038340 -0.093426 0.994888
vn 0.221870 -0.221870 0.949498
vn 0.221870 0.221870 0.949498
vn -0.694565 0.694565 -0.187509
vn -0.698039 -0.698038 -0.159639
vn -0.694565 -0.694565 -0.187509
vn -0.698039 0.698039 -0.159638
vn 0.699011 -0.699012 0.150882
vn 0.697941 -0.697942 -0.160484
vn 0.697941 0.697942 -0.160484
vn 0.699011 0.699012 0.150883
vn -0.345088 0.195599 -0.917962
vn -0.345089 -0.195599 -0.917962
vn 0.419855 0.316795 0.850507
vn 0.419855 -0.316795 0.850507
vn 0.425364 0.365991 -0.827717
vn 0.394817 0.309067 0.865215
vn 0.425364 -0.365991 -0.827717
vn 0.394817 -0.309067 0.865215
vn -0.697941 -0.697942 -0.160484
vn -0.699012 -0.699012 0.150881
vn -0.697942 0.697941 -0.160484
vn -0.699012 0.699012 0.150882
vn 0.698038 0.698039 -0.159638
vn 0.694565 0.694565 -0.187508
vn 0.698039 -0.698039 -0.159638
vn 0.694565 -0.694565 -0.187509
vn -0.221871 -0.221871 0.949498
vn -0.221870 0.221870 0.949498
vn -0.148155 -0.060800 -0.987093
vn -0.142154 0.035761 0.989198
vn -0.148156 0.060800 -0.987093
vn -0.142155 -0.035761 0.989198
vn 0.148155 0.060800 -0.987093
vn 0.142154 -0.035760 0.989198
vn 0.148156 -0.060800 -0.987093
vn 0.142155 0.035761 0.989198
vn 0.221870 -0.221870 0.949498
vn 0.221870 0.221870 0.949499
vn -0.698039 -0.698038 -0.159639
vn -0.694565 -0.694565 -0.187509
vn -0.698039 0.698038 -0.159638
vn -0.694565 0.694565 -0.187508
vn 0.699012 -0.699012 0.150882
vn 0.697941 -0.697941 -0.160485
vn 0.697942 0.697941 -0.160485
vn 0.699012 0.699011 0.150883
vn -0.697941 0.697942 -0.160484
vn -0.699012 0.699012 0.150882
vn -0.697941 -0.697942 -0.160484
vn -0.699012 -0.699012 0.150881
vn 0.015723 -0.073313 -0.997185
vn 0.015723 0.073313 -0.997185
vn 0.782426 -0.570136 0.250508
vn 0.782426 0.570137 0.250508
vn 0.698038 -0.698039 -0.159638
vn 0.698039 0.698039 -0.159638
vn 0.694565 0.694565 -0.187508
vn 0.694565 -0.694565 -0.187509
vn -0.221871 -0.221871 0.949498
vn -0.221870 0.221870 0.949498
vn 0.021949 -0.087252 -0.995944
vn -0.038340 -0.093426 0.994888
vn 0.021949 0.087252 -0.995944
vn -0.038340 0.093426 0.994888
vn -0.021949 0.087252 -0.995944
vn 0.038340 0.093426 0.994888
vn -0.021949 -0.087252 -0.995944
vn 0.038340 -0.093426 0.994888
vn 0.221870 0.221870 0.949499
vn 0.221871 -0.221871 0.949498
vn -0.698039 -0.698038 -0.159639
vn -0.694565 -0.694565 -0.187509
vn -0.694565 0.694565 -0.187508
vn -0.698038 0.698039 -0.159638
vn 0.697942 -0.697942 -0.160484
vn 0.699012 -0.699012 0.150882
vn 0.697942 0.697941 -0.160485
vn 0.699012 0.699011 0.150882
vn -0.698053 -0.698053 -0.159510
vn -0.699012 -0.699012 0.150881
vn -0.698053 0.698053 -0.159510
vn -0.699012 0.699012 0.150882
vn 0.697774 0.697774 -0.161934
vn 0.695854 0.695854 -0.177693
vn 0.697774 -0.697774 -0.161934
vn 0.695854 -0.695854 -0.177693
vn -0.227635 -0.227635 0.946765
vn -0.227634 0.227634 0.946766
vn -0.148155 -0.060800 -0.987093
vn -0.142154 0.035760 0.989198
vn -0.148156 0.060800 -0.987093
vn -0.142155 -0.035761 0.989198
vn 0.134655 0.045224 -0.989860
vn 0.136466 -0.045144 0.989616
vn 0.134654 -0.045224 -0.989860
vn 0.136466 0.045144 0.989616
vn 0.221871 -0.221871 0.949498
vn 0.221870 0.221870 0.949499
vn -0.698038 -0.698039 -0.159638
vn -0.694565 -0.694565 -0.187510
vn -0.694565 0.694565 -0.187508
vn -0.698039 0.698039 -0.159638
vn 0.697941 -0.697942 -0.160484
vn 0.699012 -0.699012 0.150882
vn 0.697942 0.697941 -0.160485
vn 0.699012 0.699012 0.150882
vn -0.463119 -0.746603 -0.477603
vn -0.188207 -0.303412 0.934088
vn -0.463119 0.746603 -0.477603
vn -0.188207 0.303412 0.934088
vn -0.984040 0.112458 -0.137907
vn -0.968975 0.243506 0.042344
vn -0.984040 -0.112459 -0.137907
vn -0.968975 -0.243506 0.042344
vn -0.951866 0.272591 -0.140164
vn -0.988401 0.145841 0.042344
vn -0.951866 -0.272589 -0.140164
vn -0.988401 -0.145841 0.042344
vn -0.642840 -0.760544 -0.091268
vn -0.643069 -0.751176 0.148987
vn -0.642840 0.760544 -0.091267
vn -0.643070 0.751175 0.148987
vn 0.773779 0.425264 -0.469486
vn 0.883761 0.467938 -0.000000
vn 0.433040 0.673952 0.598553
vn 0.773780 -0.425262 -0.469485
vn 0.883763 -0.467935 -0.000000
vn 0.433044 -0.673952 0.598549
vn 0.732224 0.643620 -0.222715
vn 0.762246 0.641231 -0.088334
vn 0.732224 -0.643619 -0.222716
vn 0.762247 -0.641231 -0.088334
vn -0.133629 -0.247522 0.959623
vn -0.133629 0.247522 0.959623
vn 0.993307 -0.113517 0.021321
vn 0.968422 -0.243366 0.054137
vn 0.993307 0.113518 0.021321
vn 0.968422 0.243366 0.054137
vn 0.951892 0.272600 0.139965
vn 0.987838 0.145760 0.054137
vn 0.951893 -0.272598 0.139965
vn 0.987838 -0.145758 0.054137
vn 0.027596 -0.083421 -0.996132
vn -0.028343 -0.084390 0.996030
vn 0.027596 0.083421 -0.996132
vn -0.028343 0.084390 0.996030
vn 0.124305 -0.025165 -0.991925
vn 0.248875 -0.050402 0.967223
vn 0.124305 0.025165 -0.991925
vn 0.248876 0.050401 0.967223
vn 0.354601 0.351538 -0.866417
vn 0.543968 0.542789 0.639906
vn 0.354600 -0.351536 -0.866419
vn 0.543967 -0.542787 0.639908
vn -0.874274 0.485011 -0.020250
vn -0.802030 0.595780 0.042344
vn -0.874274 -0.485010 -0.020250
vn -0.802031 -0.595780 0.042344
vn -0.782661 -0.622118 -0.020250
vn -0.857354 -0.512983 0.042345
vn -0.782661 0.622119 -0.020250
vn -0.857352 0.512985 0.042344
vn 0.252058 0.252058 0.934309
vn 0.252059 -0.252059 0.934309
vn -0.704807 -0.704807 -0.080593
vn -0.679408 -0.679408 -0.277144
vn -0.704807 0.704807 -0.080593
vn -0.679409 0.679409 -0.277142
vn 0.845423 0.062373 -0.530443
vn 0.988271 0.000000 0.152708
vn 0.845422 -0.062374 -0.530445
vn 0.988271 0.000000 0.152708
vn 0.867109 -0.481036 0.129333
vn 0.801573 -0.595441 0.054137
vn 0.867109 0.481035 0.129333
vn 0.801574 0.595440 0.054137
vn 0.782643 -0.622105 0.021321
vn 0.856864 -0.512692 0.054137
vn 0.782644 0.622105 0.021321
vn 0.856863 0.512693 0.054138
vn 0.549864 0.109375 -0.828062
vn 0.549864 -0.109375 -0.828062
vn -0.997718 0.066153 -0.013502
vn -0.990345 -0.065664 0.122087
vn -0.997718 -0.066153 -0.013502
vn -0.824138 0.054644 0.563747
vn 0.729739 0.247098 -0.637513
vn 0.876449 0.433043 0.210501
vn 0.888191 -0.395014 -0.234692
vn 0.798692 -0.330830 0.502635
vn 0.888191 0.395014 -0.234691
vn 0.798693 0.330830 0.502635
vn 0.729740 -0.247098 -0.637512
vn 0.876449 -0.433042 0.210501
vn 0.691199 0.691199 -0.210922
vn 0.703208 0.703209 0.104857
vn 0.691199 -0.691199 -0.210922
vn 0.703209 -0.703209 0.104858
vn -0.782315 -0.264899 -0.563748
vn -0.896456 -0.442927 0.013502
vn -0.889831 0.439654 -0.122087
vn -0.947087 0.320693 0.013502
vn -0.740492 -0.365868 -0.563748
vn -0.947087 -0.320694 0.013502
vn -0.940088 0.318324 -0.122087
vn -0.896455 0.442928 0.013502
vn -0.613681 0.772047 -0.165342
vn -0.512984 0.857353 0.042344
vn -0.613682 -0.772047 -0.165342
vn -0.512985 -0.857353 0.042344
vn -0.476807 0.859487 -0.184221
vn -0.595781 0.802030 0.042344
vn -0.476806 -0.859487 -0.184222
vn -0.595780 -0.802031 0.042345
vn 0.678466 0.678467 -0.281721
vn 0.631833 0.561174 0.534668
vn 0.507548 0.579632 -0.637513
vn 0.736928 0.645282 0.201366
vn 0.678467 -0.678466 -0.281719
vn 0.631835 -0.561174 0.534666
vn 0.507547 -0.579632 -0.637513
vn 0.736927 -0.645283 0.201366
vn 0.304766 0.186006 -0.934088
vn 0.749935 0.457704 0.477603
vn 0.304766 -0.186006 -0.934088
vn 0.749935 -0.457704 0.477603
vn -0.190289 0.190441 -0.963080
vn -0.190289 -0.190441 -0.963080
vn 0.622104 -0.782644 0.021321
vn 0.512692 -0.856864 0.054137
vn 0.622105 0.782643 0.021321
vn 0.512692 0.856864 0.054137
vn -0.996147 -0.080153 -0.035603
vn 0.065120 -0.179670 0.981569
vn -0.132725 -0.014024 0.991054
vn -0.996147 0.080153 -0.035603
vn 0.065120 0.179670 0.981569
vn -0.132725 0.014024 0.991054
vn -0.752270 -0.658716 -0.013502
vn -0.433114 -0.494627 0.753496
vn -0.658717 0.752270 -0.013502
vn -0.621392 0.544114 0.563748
vn -0.658717 -0.752270 -0.013502
vn -0.746711 -0.653848 0.122087
vn -0.752270 0.658717 -0.013502
vn -0.653848 0.746711 0.122087
vn -0.317869 0.277591 -0.906588
vn -0.317869 -0.277591 -0.906588
vn 0.481128 0.867275 0.127863
vn 0.595442 0.801572 0.054137
vn 0.481127 -0.867276 0.127863
vn 0.595440 -0.801574 0.054137
vn -0.075589 0.102935 -0.991812
vn -0.075589 -0.102935 -0.991812
vn -0.915368 0.292675 -0.276482
vn -0.047288 -0.041776 0.998007
vn -0.951133 0.281633 0.126607
vn -0.915368 -0.292675 -0.276482
vn -0.047288 0.041776 0.998007
vn -0.951133 -0.281633 0.126606
vn -0.371682 -0.188752 -0.908969
vn 0.214367 -0.310368 0.926131
vn -0.878376 -0.474041 0.061165
vn -0.371682 0.188752 -0.908969
vn -0.940124 0.340833 0.000000
vn -0.878376 0.474040 0.061165
vn 0.347760 0.252313 0.902996
vn 0.516240 0.772611 0.369552
vn 0.516241 -0.772611 0.369551
vn -0.361564 0.284282 -0.887950
vn -0.361563 -0.284282 -0.887950
vn -0.715123 -0.698668 -0.021506
vn -0.815949 -0.540673 0.204694
vn -0.430731 -0.501541 0.750285
vn -0.428135 -0.353391 0.831754
vn -0.715122 0.698669 -0.021506
vn -0.815949 0.540673 0.204695
vn -0.430731 0.501542 0.750284
vn -0.428135 0.353392 0.831754
vn -0.154251 0.241253 -0.958125
vn -0.154250 -0.241252 -0.958125
vn -0.706310 -0.707846 -0.008965
vn -0.703917 -0.710057 0.017916
vn -0.706310 0.707846 -0.008963
vn -0.703918 0.710056 0.017912
vn 0.029280 -0.142186 -0.989407
vn 0.068788 -0.343344 0.936687
vn 0.029279 0.142187 -0.989407
vn 0.068787 0.343343 0.936688
vn -0.651834 -0.756272 -0.056267
vn 0.295957 -0.338923 0.893051
vn -0.584920 -0.713231 0.386226
vn -0.651835 0.756270 -0.056267
vn 0.295956 0.338923 0.893052
vn -0.584921 0.713230 0.386226
vn -0.654004 0.481355 -0.583589
vn -0.654005 -0.481356 -0.583586
vn 0.247098 -0.729739 -0.637513
vn 0.413144 -0.836176 0.360725
vn 0.247098 0.729740 -0.637512
vn 0.413145 0.836176 0.360723
vn 0.247096 -0.729741 -0.637512
vn 0.410529 -0.895601 0.171360
vn 0.247099 0.729738 -0.637514
vn 0.410530 0.895600 0.171363
vn -0.439654 -0.889831 -0.122087
vn -0.320693 -0.947087 0.013502
vn -0.210859 0.622721 -0.753496
vn -0.442927 0.896456 0.013502
vn -0.318324 -0.940087 -0.122088
vn -0.442928 -0.896455 0.013502
vn -0.291231 0.589430 -0.753496
vn -0.320694 0.947087 0.013502
vn -0.387708 0.277336 -0.879072
vn -0.387708 -0.277336 -0.879072
vn -0.275251 0.961159 -0.020250
vn -0.145842 0.988401 0.042344
vn -0.275251 -0.961159 -0.020250
vn -0.145841 -0.988401 0.042345
vn -0.118960 0.270727 -0.955278
vn -0.320510 0.173541 0.931213
vn -0.402213 0.915349 0.019027
vn -0.118960 -0.270728 -0.955277
vn -0.402212 -0.915349 0.019027
vn -0.320510 -0.173541 0.931213
vn 0.094773 0.063538 0.993469
vn 0.094774 -0.063538 0.993469
vn 0.273412 -0.954733 0.117181
vn 0.145760 -0.987837 0.054137
vn 0.273410 0.954733 0.117180
vn 0.145757 0.987838 0.054137
vn -0.643618 -0.732224 -0.222717
vn -0.640043 -0.750181 -0.166050
vn -0.643618 0.732224 -0.222718
vn -0.640043 0.750181 -0.166049
vn -0.255814 -0.768590 -0.586368
vn 0.346049 -0.382788 0.856576
vn -0.293065 -0.955371 0.037127
vn -0.255813 0.768589 -0.586370
vn 0.346049 0.382788 0.856576
vn -0.293064 0.955372 0.037128
vn -0.113521 -0.993329 -0.020250
vn -0.243504 -0.968975 0.042345
vn -0.113521 0.993329 -0.020250
vn -0.243506 0.968975 0.042344
vn 0.339747 -0.233959 -0.910953
vn 0.339747 0.233959 -0.910953
vn 0.113519 -0.993307 0.021321
vn 0.243366 -0.968422 0.054137
vn 0.113518 0.993307 0.021321
vn 0.243367 0.968422 0.054137
vn 0.318893 -0.749527 -0.580100
vn 0.537646 -0.843170 -0.000001
vn 0.443638 0.293877 0.846653
vn 0.318897 0.749525 -0.580100
vn 0.537650 0.843168 0.000000
vn 0.443639 -0.293878 0.846652
vn 0.763633 -0.644026 -0.045772
vn 0.739198 -0.637737 0.216514
vn 0.763633 0.644027 -0.045772
vn 0.739197 0.637737 0.216514
vn -0.821803 0.566599 -0.060043
vn -0.999846 0.017547 0.000000
vn -0.994498 -0.016265 0.103489
vn -0.821804 -0.566598 -0.060043
vn -0.999846 -0.017546 -0.000000
vn -0.994498 0.016264 0.103489
vn -0.994050 -0.052911 -0.095213
vn -0.994050 0.052912 -0.095213
vn -0.423478 0.300769 -0.854520
vn -0.423478 -0.300769 -0.854520
vn -0.997472 0.038055 0.060009
vn -0.997472 -0.038054 0.060009
vn -0.986096 -0.155902 -0.057530
vn -0.948170 -0.317764 0.000000
vn -0.989150 -0.146601 0.009467
vn -0.986096 0.155902 -0.057530
vn -0.948171 0.317761 0.000000
vn -0.989150 0.146602 0.009466
vn -0.087379 0.995854 -0.025310
vn -0.429227 0.262171 0.864309
vn 0.027634 0.615091 0.787972
vn -0.429227 -0.262171 0.864309
vn -0.087378 -0.995854 -0.025310
vn 0.027634 -0.615090 0.787972
vn 0.000000 0.862315 -0.506373
vn 0.000000 0.960246 0.279154
vn -0.061394 -0.925936 -0.372657
vn 0.061705 -0.930629 0.360724
vn -0.061394 0.925936 -0.372656
vn 0.061705 0.930630 0.360723
vn -0.066153 -0.997718 -0.013502
vn 0.065664 -0.990345 0.122087
vn 0.066152 0.997718 -0.013502
vn -0.065663 0.990345 0.122087
vn 0.000000 -0.862315 -0.506373
vn 0.000000 -0.960247 0.279153
vn 0.066153 -0.997718 -0.013502
vn -0.043497 -0.656011 0.753497
vn -0.066153 0.997718 -0.013502
vn 0.043497 0.656012 0.753496
vn 0.070997 0.990591 -0.116998
vn 0.398599 0.415206 0.817755
vn 0.047985 0.520718 0.852379
vn 0.070995 -0.990591 -0.117000
vn 0.398598 -0.415205 0.817756
vn 0.047984 -0.520719 0.852379
vn 0.422557 -0.308426 -0.852244
vn 0.422557 0.308425 -0.852244
vn 0.991101 0.125227 -0.045140
vn 0.989275 0.146063 0.000000
vn 0.999658 0.016349 0.020418
vn 0.991101 -0.125226 -0.045140
vn 0.989275 -0.146062 0.000000
vn 0.999658 -0.016349 0.020418
vn 0.988058 -0.078567 -0.132548
vn 0.988058 0.078566 -0.132548
vn 0.520084 -0.097029 0.848586
vn 0.520081 0.097030 0.848587
vn 0.836855 -0.541159 -0.082591
vn 0.998512 -0.054525 0.000000
vn 0.956461 -0.291010 0.022257
vn 0.836855 0.541158 -0.082591
vn 0.998512 0.054524 0.000000
vn 0.956461 0.291009 0.022258
vn -0.113516 -0.993307 0.021321
vn -0.243366 -0.968422 0.054137
vn -0.113518 0.993307 0.021321
vn -0.243366 0.968422 0.054138
vn -0.339747 0.233958 -0.910953
vn -0.339747 -0.233959 -0.910953
vn 0.111626 -0.976753 -0.183012
vn 0.243506 -0.968975 0.042344
vn 0.111624 0.976753 -0.183012
vn 0.243505 0.968975 0.042344
vn 0.292779 0.929394 -0.224739
vn -0.414325 0.258074 0.872773
vn 0.423624 0.905484 0.025309
vn 0.292780 -0.929394 -0.224739
vn -0.414325 -0.258074 0.872773
vn 0.423627 -0.905483 0.025310
vn -0.273414 0.954732 0.117181
vn -0.145760 0.987838 0.054138
vn -0.273411 -0.954733 0.117181
vn -0.145757 -0.987838 0.054137
vn 0.032506 -0.063616 -0.997445
vn 0.367635 -0.361847 0.856686
vn 0.463029 -0.885838 0.029910
vn 0.032506 0.063616 -0.997445
vn 0.367634 0.361847 0.856687
vn 0.463027 0.885839 0.029910
vn 0.270597 -0.944902 -0.184221
vn 0.145841 -0.988401 0.042344
vn 0.270597 0.944902 -0.184221
vn 0.145842 0.988401 0.042344
vn 0.397560 -0.297881 -0.867878
vn 0.397560 0.297882 -0.867878
vn 0.210859 -0.622721 -0.753496
vn 0.442927 -0.896456 0.013502
vn 0.439654 0.889831 -0.122087
vn 0.320692 0.947087 0.013502
vn 0.291230 -0.589431 -0.753496
vn 0.320694 -0.947087 0.013502
vn 0.318324 0.940088 -0.122087
vn 0.442928 0.896456 0.013502
vn -0.324959 0.784516 -0.528145
vn -0.330830 0.798690 0.502639
vn -0.341280 -0.690727 -0.637514
vn -0.261578 -0.950058 0.170198
vn -0.341280 0.690729 -0.637512
vn -0.261577 0.950058 0.170197
vn -0.324957 -0.784518 -0.528142
vn -0.330828 -0.798693 0.502635
vn 0.654006 -0.481356 -0.583586
vn 0.654003 0.481355 -0.583590
vn 0.642387 0.765962 -0.025310
vn -0.382747 0.255940 0.887694
vn 0.719247 0.657401 0.224740
vn -0.382747 -0.255939 0.887694
vn 0.642389 -0.765961 -0.025310
vn 0.719248 -0.657400 0.224739
vn 0.154251 0.241252 -0.958125
vn 0.154252 -0.241253 -0.958125
vn 0.695201 -0.666182 -0.269996
vn 0.786340 -0.617322 -0.024155
vn 0.325551 -0.412639 0.850733
vn 0.670104 -0.642133 0.372325
vn 0.695199 0.666182 -0.269999
vn 0.786339 0.617323 -0.024152
vn 0.325550 0.412638 0.850733
vn 0.670103 0.642134 0.372326
vn 0.361565 -0.284283 -0.887950
vn 0.361564 0.284282 -0.887950
vn -0.516241 -0.772610 0.369553
vn -0.516241 0.772611 0.369551
vn 0.546072 0.284440 -0.787971
vn -0.347760 0.252313 0.902996
vn 0.939824 0.340721 0.025310
vn -0.347760 -0.252313 0.902996
vn 0.546071 -0.284441 -0.787972
vn 0.939822 -0.340725 0.025310
vn 0.927942 -0.304031 -0.215615
vn -0.116730 0.117753 0.986158
vn 0.908089 -0.417938 0.026519
vn -0.116730 -0.117753 0.986158
vn 0.927942 0.304030 -0.215616
vn 0.908089 0.417937 0.026519
vn 0.075589 -0.102935 -0.991812
vn 0.075589 0.102935 -0.991812
vn -0.481129 -0.867275 0.127864
vn -0.595442 -0.801572 0.054137
vn -0.481127 0.867276 0.127863
vn -0.595441 0.801573 0.054137
vn 0.317869 -0.277591 -0.906589
vn 0.317868 0.277591 -0.906589
vn 0.658716 -0.752271 -0.013502
vn 0.621392 -0.544114 0.563747
vn 0.752271 0.658716 -0.013502
vn 0.433114 0.494627 0.753496
vn 0.752271 -0.658716 -0.013502
vn 0.653848 -0.746711 0.122087
vn 0.658715 0.752271 -0.013502
vn 0.746710 0.653849 0.122088
vn 0.995854 0.087377 -0.025309
vn -0.227418 0.182457 0.956551
vn 0.421481 -0.018935 0.906639
vn 0.995853 -0.087381 -0.025310
vn -0.227418 -0.182457 0.956551
vn 0.421481 0.018935 0.906640
vn -0.622103 0.782645 0.021320
vn -0.512693 0.856863 0.054137
vn -0.622105 -0.782643 0.021321
vn -0.512693 -0.856863 0.054137
vn 0.190289 -0.190440 -0.963080
vn 0.190289 0.190441 -0.963080
vn -0.700771 0.613621 -0.363852
vn -0.645281 0.736928 0.201368
vn -0.605349 -0.605350 -0.516821
vn -0.699005 -0.663875 0.265823
vn -0.605350 0.605351 -0.516819
vn -0.699006 0.663875 0.265822
vn -0.700773 -0.613622 -0.363849
vn -0.645281 -0.736929 0.201365
vn 0.485011 -0.874274 -0.020250
vn 0.595780 -0.802030 0.042344
vn 0.485011 0.874274 -0.020250
vn 0.595781 0.802030 0.042345
vn 0.622119 0.782661 -0.020250
vn 0.512985 0.857352 0.042344
vn 0.622118 -0.782661 -0.020250
vn 0.512985 -0.857353 0.042345
vn 0.889831 -0.439654 -0.122087
vn 0.947087 -0.320692 0.013502
vn 0.782315 0.264898 -0.563748
vn 0.896456 0.442927 0.013502
vn 0.940088 -0.318322 -0.122088
vn 0.896456 -0.442927 0.013502
vn 0.740492 0.365868 -0.563748
vn 0.947087 0.320691 0.013502
vn -0.761186 0.369441 -0.533019
vn -0.887151 0.367473 0.279155
vn -0.886459 -0.367185 -0.281720
vn -0.878976 -0.364085 0.307965
vn -0.886460 0.367183 -0.281719
vn -0.878977 0.364083 0.307966
vn -0.761187 -0.369441 -0.533017
vn -0.887153 -0.367469 0.279153
vn 0.997718 -0.066152 -0.013502
vn 0.990345 0.065663 0.122087
vn 0.997718 0.066152 -0.013501
vn 0.824137 -0.054643 0.563748
vn -0.549861 0.109378 -0.828064
vn -0.549863 -0.109374 -0.828063
vn -0.782644 -0.622105 0.021321
vn -0.856864 -0.512692 0.054137
vn -0.782643 0.622105 0.021321
vn -0.856864 0.512692 0.054137
vn -0.867108 0.481037 0.129334
vn -0.801571 0.595443 0.054137
vn -0.867109 -0.481035 0.129333
vn -0.801573 -0.595441 0.054137
vn -0.758374 -0.028152 -0.651212
vn -0.977370 0.064803 0.201366
vn -0.758373 0.028155 -0.651212
vn -0.977370 -0.064803 0.201364
vn 0.766733 0.609456 -0.201704
vn 0.857353 0.512984 0.042344
vn 0.766732 -0.609457 -0.201703
vn 0.857353 -0.512985 0.042344
vn 0.863161 -0.478846 -0.160184
vn 0.802030 -0.595781 0.042344
vn 0.863161 0.478846 -0.160183
vn 0.802030 0.595781 0.042344
vn -0.951893 -0.272599 0.139965
vn -0.987838 -0.145759 0.054137
vn -0.951893 0.272598 0.139965
vn -0.987838 0.145757 0.054137
vn -0.993307 -0.113519 0.021321
vn -0.968422 -0.243366 0.054137
vn -0.993307 0.113518 0.021321
vn -0.968422 0.243367 0.054137
vn 0.961159 0.275252 -0.020250
vn 0.988401 0.145841 0.042344
vn 0.961159 -0.275252 -0.020250
vn 0.988401 -0.145842 0.042344
vn -0.117002 -0.992105 -0.045140
vn -0.137852 -0.990453 0.000000
vn -0.008057 -0.999759 0.020418
vn -0.117003 0.992105 -0.045140
vn -0.137854 0.990453 0.000000
vn -0.008058 0.999759 0.020418
vn -0.573397 -0.817075 -0.060043
vn -0.025838 -0.999666 -0.000000
vn 0.008015 -0.994598 0.103490
vn -0.573395 0.817076 -0.060043
vn -0.025838 0.999666 -0.000000
vn 0.008015 0.994598 0.103490
vn 0.986628 -0.112755 -0.117697
vn 0.968975 -0.243506 0.042344
vn 0.986628 0.112755 -0.117697
vn 0.968975 0.243506 0.042344
vn 0.086758 0.987372 -0.132548
vn 0.086758 -0.987372 -0.132548
vn 0.044666 -0.994454 -0.095213
vn 0.044666 0.994454 -0.095213
vn 0.101340 0.519257 0.848589
vn 0.101340 -0.519258 0.848588
vn 0.029780 0.997754 0.060009
vn 0.029781 -0.997754 0.060009
vn 0.548079 0.832339 -0.082591
vn 0.062804 0.998026 -0.000000
vn 0.298932 0.954015 0.022258
vn 0.548081 -0.832338 -0.082591
vn 0.062804 -0.998026 -0.000000
vn 0.298932 -0.954015 0.022258
vn 0.147718 0.987355 -0.057530
vn 0.309887 0.950773 0.000000
vn 0.138393 0.990332 0.009467
vn 0.147718 -0.987355 -0.057530
vn 0.309889 -0.950773 0.000000
vn 0.138395 -0.990332 0.009467
vn -0.685408 0.496658 0.532492
vn -0.685407 -0.496657 0.532493
vn -0.062889 -0.130573 -0.989442
vn -0.062889 0.130573 -0.989442
vn -0.419855 -0.316795 0.850507
vn -0.419855 0.316795 0.850507
vn 0.329899 -0.171570 -0.928294
vn 0.329898 0.171569 -0.928295
vn 0.406896 -0.513106 -0.755750
vn 0.406894 0.513104 -0.755752
vn 0.429352 -0.448838 0.783710
vn 0.429351 0.448837 0.783711
vn -0.388406 0.290599 0.874467
vn -0.388406 -0.290599 0.874467
vn 0.389898 -0.225265 -0.892880
vn 0.389899 0.225265 -0.892880
vn -0.313974 0.241253 0.918269
vn -0.313973 -0.241253 0.918269
vn 0.345405 0.198875 -0.917139
vn 0.345405 -0.198875 -0.917139
vn -0.249904 0.209112 0.945420
vn -0.249904 -0.209112 0.945420
vn 0.289005 -0.172533 -0.941652
vn 0.289004 0.172532 -0.941652
vn -0.118692 0.116486 0.986075
vn -0.118692 -0.116486 0.986075
vn 0.169661 -0.090200 -0.981366
vn 0.169661 0.090200 -0.981366
vn 0.102386 0.044994 0.993727
vn 0.102386 -0.044994 0.993727
vn 0.075414 -0.055250 -0.995620
vn 0.075414 0.055250 -0.995621
vn 0.000735 0.038131 0.999272
vn 0.000735 -0.038131 0.999272
vn 0.079765 -0.033628 -0.996246
vn 0.079765 0.033628 -0.996246

f 869/869/869 825/825/825 824/824/824
f 869/869/869 824/824/824 868/868/868
f 1195/1195/1195 1078/1078/1078 1079/1079/1079
f 931/931/931 1079/1079/1079 1078/1078/1078
f 931/931/931 1078/1078/1078 930/930/930
f 987/987/987 1079/1079/1079 931/931/931
f 930/930/930 1078/1078/1078 1194/1194/1194
f 847/847/847 930/930/930 986/986/986
f 896/896/896 987/987/987 897/897/897
f 897/897/897 987/987/987 931/931/931
f 897/897/897 931/931/931 845/845/845
f 845/845/845 931/931/931 930/930/930
f 869/869/869 897/897/897 845/845/845
f 869/869/869 845/845/845 825/825/825
f 868/868/868 896/896/896 897/897/897
f 824/824/824 896/896/896 868/868/868
f 790/790/790 789/789/789 820/820/820
f 454/454/454 570/570/570 569/569/569
f 662/662/662 708/708/708 570/570/570
f 707/707/707 453/453/453 569/569/569
f 762/762/762 810/810/810 708/708/708
f 810/810/810 809/809/809 707/707/707
f 810/810/810 707/707/707 708/708/708
f 821/821/821 820/820/820 809/809/809
f 821/821/821 809/809/809 810/810/810
f 790/790/790 821/821/821 810/810/810
f 820/820/820 789/789/789 761/761/761
f 820/820/820 761/761/761 809/809/809
f 867/867/867 866/866/866 822/822/822
f 985/985/985 1077/1077/1077 1193/1193/1193
f 984/984/984 985/985/985 1193/1193/1193
f 928/928/928 984/984/984 1192/1192/1192
f 846/846/846 894/894/894 984/984/984
f 894/894/894 895/895/895 985/985/985
f 844/844/844 846/846/846 928/928/928
f 823/823/823 846/846/846 844/844/844
f 867/867/867 823/823/823 844/844/844
f 867/867/867 844/844/844 895/895/895
f 866/866/866 867/867/867 895/895/895
f 788/788/788 819/819/819 818/818/818
f 452/452/452 451/451/451 567/567/567
f 452/452/452 567/567/567 568/568/568
f 706/706/706 568/568/568 567/567/567
f 660/660/660 452/452/452 568/568/568
f 660/660/660 568/568/568 706/706/706
f 659/659/659 451/451/451 452/452/452
f 807/807/807 659/659/659 759/759/759
f 760/760/760 660/660/660 706/706/706
f 760/760/760 706/706/706 808/808/808
f 808/808/808 706/706/706 705/705/705
f 818/818/818 759/759/759 787/787/787
f 758/758/758 802/802/802 813/813/813
f 813/813/813 815/815/815 817/817/817
f 817/817/817 757/757/757 758/758/758
f 813/813/813 817/817/817 758/758/758
f 835/835/835 834/834/834 828/828/828
f 835/835/835 828/828/828 829/829/829
f 965/965/965 961/961/961 960/960/960
f 965/965/965 960/960/960 964/964/964
f 961/961/961 750/750/750 749/749/749
f 961/961/961 749/749/749 960/960/960
f 754/754/754 750/750/750 961/961/961
f 754/754/754 961/961/961 965/965/965
f 964/964/964 960/960/960 749/749/749
f 964/964/964 749/749/749 753/753/753
f 865/865/865 864/864/864 842/842/842
f 865/865/865 842/842/842 843/843/843
f 758/758/758 865/865/865 843/843/843
f 758/758/758 843/843/843 802/802/802
f 802/802/802 843/843/843 835/835/835
f 802/802/802 835/835/835 813/813/813
f 754/754/754 758/758/758 757/757/757
f 754/754/754 757/757/757 753/753/753
f 750/750/750 754/754/754 753/753/753
f 750/750/750 753/753/753 749/749/749
f 864/864/864 964/964/964 753/753/753
f 864/864/864 753/753/753 757/757/757
f 758/758/758 754/754/754 965/965/965
f 758/758/758 965/965/965 865/865/865
f 865/865/865 965/965/965 964/964/964
f 865/865/865 964/964/964 864/864/864
f 842/842/842 864/864/864 757/757/757
f 757/757/757 817/817/817 828/828/828
f 834/834/834 842/842/842 757/757/757
f 757/757/757 828/828/828 834/834/834
f 813/813/813 835/835/835 829/829/829
f 813/813/813 829/829/829 815/815/815
f 815/815/815 828/828/828 817/817/817
f 843/843/843 842/842/842 834/834/834
f 843/843/843 834/834/834 835/835/835
f 811/811/811 800/800/800 742/742/742
f 742/742/742 741/741/741 816/816/816
f 816/816/816 814/814/814 811/811/811
f 742/742/742 816/816/816 811/811/811
f 831/831/831 827/827/827 826/826/826
f 831/831/831 826/826/826 830/830/830
f 957/957/957 956/956/956 960/960/960
f 957/957/957 960/960/960 961/961/961
f 746/746/746 957/957/957 961/961/961
f 746/746/746 961/961/961 750/750/750
f 956/956/956 745/745/745 749/749/749
f 956/956/956 749/749/749 960/960/960
f 861/861/861 839/839/839 838/838/838
f 861/861/861 838/838/838 860/860/860
f 742/742/742 800/800/800 839/839/839
f 742/742/742 839/839/839 861/861/861
f 800/800/800 811/811/811 831/831/831
f 800/800/800 831/831/831 839/839/839
f 746/746/746 745/745/745 741/741/741
f 746/746/746 741/741/741 742/742/742
f 750/750/750 749/749/749 745/745/745
f 750/750/750 745/745/745 746/746/746
f 860/860/860 741/741/741 745/745/745
f 860/860/860 745/745/745 956/956/956
f 742/742/742 861/861/861 957/957/957
f 742/742/742 957/957/957 746/746/746
f 861/861/861 860/860/860 956/956/956
f 861/861/861 956/956/956 957/957/957
f 741/741/741 860/860/860 838/838/838
f 830/830/830 826/826/826 816/816/816
f 741/741/741 838/838/838 830/830/830
f 830/830/830 816/816/816 741/741/741
f 811/811/811 814/814/814 827/827/827
f 811/811/811 827/827/827 831/831/831
f 814/814/814 816/816/816 826/826/826
f 814/814/814 826/826/826 827/827/827
f 839/839/839 831/831/831 830/830/830
f 839/839/839 830/830/830 838/838/838
f 756/756/756 801/801/801 812/812/812
f 812/812/812 815/815/815 817/817/817
f 817/817/817 755/755/755 756/756/756
f 812/812/812 817/817/817 756/756/756
f 833/833/833 832/832/832 828/828/828
f 833/833/833 828/828/828 829/829/829
f 963/963/963 959/959/959 958/958/958
f 963/963/963 958/958/958 962/962/962
f 959/959/959 748/748/748 747/747/747
f 959/959/959 747/747/747 958/958/958
f 752/752/752 748/748/748 959/959/959
f 752/752/752 959/959/959 963/963/963
f 962/962/962 958/958/958 747/747/747
f 962/962/962 747/747/747 751/751/751
f 863/863/863 862/862/862 840/840/840
f 863/863/863 840/840/840 841/841/841
f 756/756/756 863/863/863 841/841/841
f 756/756/756 841/841/841 801/801/801
f 801/801/801 841/841/841 833/833/833
f 801/801/801 833/833/833 812/812/812
f 752/752/752 756/756/756 755/755/755
f 752/752/752 755/755/755 751/751/751
f 748/748/748 752/752/752 751/751/751
f 748/748/748 751/751/751 747/747/747
f 862/862/862 962/962/962 751/751/751
f 862/862/862 751/751/751 755/755/755
f 756/756/756 752/752/752 963/963/963
f 756/756/756 963/963/963 863/863/863
f 863/863/863 963/963/963 962/962/962
f 863/863/863 962/962/962 862/862/862
f 840/840/840 862/862/862 755/755/755
f 755/755/755 817/817/817 828/828/828
f 832/832/832 840/840/840 755/755/755
f 755/755/755 828/828/828 832/832/832
f 812/812/812 833/833/833 829/829/829
f 812/812/812 829/829/829 815/815/815
f 815/815/815 829/829/829 828/828/828
f 841/841/841 840/840/840 832/832/832
f 841/841/841 832/832/832 833/833/833
f 811/811/811 799/799/799 740/740/740
f 740/740/740 739/739/739 816/816/816
f 816/816/816 814/814/814 811/811/811
f 740/740/740 816/816/816 811/811/811
f 831/831/831 827/827/827 826/826/826
f 831/831/831 826/826/826 830/830/830
f 957/957/957 956/956/956 958/958/958
f 957/957/957 958/958/958 959/959/959
f 744/744/744 957/957/957 959/959/959
f 744/744/744 959/959/959 748/748/748
f 956/956/956 743/743/743 747/747/747
f 956/956/956 747/747/747 958/958/958
f 861/861/861 837/837/837 836/836/836
f 861/861/861 836/836/836 860/860/860
f 740/740/740 799/799/799 837/837/837
f 740/740/740 837/837/837 861/861/861
f 799/799/799 811/811/811 831/831/831
f 799/799/799 831/831/831 837/837/837
f 744/744/744 743/743/743 739/739/739
f 744/744/744 739/739/739 740/740/740
f 748/748/748 747/747/747 743/743/743
f 748/748/748 743/743/743 744/744/744
f 860/860/860 739/739/739 743/743/743
f 860/860/860 743/743/743 956/956/956
f 740/740/740 861/861/861 957/957/957
f 740/740/740 957/957/957 744/744/744
f 861/861/861 860/860/860 956/956/956
f 861/861/861 956/956/956 957/957/957
f 739/739/739 860/860/860 836/836/836
f 830/830/830 826/826/826 816/816/816
f 739/739/739 836/836/836 830/830/830
f 830/830/830 816/816/816 739/739/739
f 811/811/811 814/814/814 827/827/827
f 811/811/811 827/827/827 831/831/831
f 814/814/814 816/816/816 826/826/826
f 814/814/814 826/826/826 827/827/827
f 837/837/837 831/831/831 830/830/830
f 837/837/837 830/830/830 836/836/836
f 1195/1195/1195 1194/1194/1194 1078/1078/1078
f 987/987/987 1195/1195/1195 1079/1079/1079
f 986/986/986 1194/1194/1194 1195/1195/1195
f 986/986/986 1195/1195/1195 987/987/987
f 930/930/930 1194/1194/1194 986/986/986
f 847/847/847 986/986/986 896/896/896
f 896/896/896 986/986/986 987/987/987
f 845/845/845 930/930/930 847/847/847
f 825/825/825 845/845/845 847/847/847
f 825/825/825 847/847/847 824/824/824
f 868/868/868 897/897/897 869/869/869
f 824/824/824 847/847/847 896/896/896
f 790/790/790 820/820/820 821/821/821
f 454/454/454 569/569/569 453/453/453
f 708/708/708 707/707/707 569/569/569
f 708/708/708 569/569/569 570/570/570
f 662/662/662 570/570/570 454/454/454
f 661/661/661 662/662/662 454/454/454
f 661/661/661 454/454/454 453/453/453
f 707/707/707 661/661/661 453/453/453
f 809/809/809 761/761/761 661/661/661
f 809/809/809 661/661/661 707/707/707
f 761/761/761 762/762/762 662/662/662
f 761/761/761 662/662/662 661/661/661
f 762/762/762 708/708/708 662/662/662
f 790/790/790 810/810/810 762/762/762
f 789/789/789 790/790/790 762/762/762
f 789/789/789 762/762/762 761/761/761
f 867/867/867 822/822/822 823/823/823
f 1193/1193/1193 1077/1077/1077 1076/1076/1076
f 1193/1193/1193 1076/1076/1076 1192/1192/1192
f 929/929/929 928/928/928 1076/1076/1076
f 929/929/929 1076/1076/1076 1077/1077/1077
f 985/985/985 929/929/929 1077/1077/1077
f 984/984/984 1193/1193/1193 1192/1192/1192
f 928/928/928 1192/1192/1192 1076/1076/1076
f 846/846/846 984/984/984 928/928/928
f 894/894/894 985/985/985 984/984/984
f 895/895/895 844/844/844 929/929/929
f 895/895/895 929/929/929 985/985/985
f 844/844/844 928/928/928 929/929/929
f 823/823/823 822/822/822 846/846/846
f 866/866/866 895/895/895 894/894/894
f 822/822/822 866/866/866 894/894/894
f 822/822/822 894/894/894 846/846/846
f 788/788/788 818/818/818 787/787/787
f 706/706/706 567/567/567 705/705/705
f 659/659/659 452/452/452 660/660/660
f 705/705/705 567/567/567 451/451/451
f 705/705/705 451/451/451 659/659/659
f 807/807/807 705/705/705 659/659/659
f 759/759/759 659/659/659 660/660/660
f 759/759/759 660/660/660 760/760/760
f 808/808/808 705/705/705 807/807/807
f 819/819/819 808/808/808 807/807/807
f 819/819/819 807/807/807 818/818/818
f 788/788/788 760/760/760 808/808/808
f 788/788/788 808/808/808 819/819/819
f 787/787/787 759/759/759 760/760/760
f 787/787/787 760/760/760 788/788/788
f 818/818/818 807/807/807 759/759/759
f 1241/1241/1241 1243/1243/1243 1228/1228/1228
f 1241/1241/1241 1228/1228/1228 1227/1227/1227
f 1233/1233/1233 1263/1263/1263 1262/1262/1262
f 1262/1262/1262 1309/1309/1309 1308/1308/1308
f 1418/1418/1418 1419/1419/1419 1458/1458/1458
f 1418/1418/1418 1458/1458/1458 1457/1457/1457
f 1458/1458/1458 1460/1460/1460 1476/1476/1476
f 1449/1449/1449 1450/1450/1450 1410/1410/1410
f 1244/1244/1244 1293/1293/1293 1354/1354/1354
f 1354/1354/1354 1410/1410/1410 1450/1450/1450
f 1450/1450/1450 1470/1470/1470 1498/1498/1498
f 1498/1498/1498 1476/1476/1476 1460/1460/1460
f 1207/1207/1207 1244/1244/1244 1354/1354/1354
f 1498/1498/1498 1460/1460/1460 1373/1373/1373
f 1373/1373/1373 1264/1264/1264 1207/1207/1207
f 1498/1498/1498 1373/1373/1373 1207/1207/1207
f 1293/1293/1293 1243/1243/1243 1241/1241/1241
f 1227/1227/1227 1205/1205/1205 1233/1233/1233
f 1418/1418/1418 1457/1457/1457 1475/1475/1475
f 1469/1469/1469 1449/1449/1449 1408/1408/1408
f 1292/1292/1292 1227/1227/1227 1233/1233/1233
f 1418/1418/1418 1475/1475/1475 1469/1469/1469
f 1206/1206/1206 1228/1228/1228 1229/1229/1229
f 1372/1372/1372 1309/1309/1309 1310/1310/1310
f 1372/1372/1372 1310/1310/1310 1373/1373/1373
f 1234/1234/1234 1206/1206/1206 1207/1207/1207
f 1234/1234/1234 1207/1207/1207 1235/1235/1235
f 1263/1263/1263 1235/1235/1235 1264/1264/1264
f 1228/1228/1228 1243/1243/1243 1244/1244/1244
f 1228/1228/1228 1244/1244/1244 1229/1229/1229
f 1458/1458/1458 1419/1419/1419 1420/1420/1420
f 1309/1309/1309 1263/1263/1263 1264/1264/1264
f 1497/1497/1497 1636/1636/1636 1644/1644/1644
f 1474/1474/1474 1497/1497/1497 1644/1644/1644
f 1474/1474/1474 1644/1644/1644 1639/1639/1639
f 1448/1448/1448 1409/1409/1409 1628/1628/1628
f 1459/1459/1459 1639/1639/1639 1622/1622/1622
f 1352/1352/1352 1294/1294/1294 1615/1615/1615
f 1352/1352/1352 1615/1615/1615 1624/1624/1624
f 1409/1409/1409 1352/1352/1352 1624/1624/1624
f 1409/1409/1409 1624/1624/1624 1628/1628/1628
f 1419/1419/1419 1458/1458/1458 1023/1023/1023
f 1419/1419/1419 1023/1023/1023 982/982/982
f 1236/1236/1236 1263/1263/1263 888/888/888
f 1236/1236/1236 888/888/888 885/885/885
f 1206/1206/1206 1236/1236/1236 885/885/885
f 1263/1263/1263 1309/1309/1309 923/923/923
f 1243/1243/1243 1228/1228/1228 881/881/881
f 1309/1309/1309 1372/1372/1372 937/937/937
f 1316/1316/1316 1613/1613/1613 1266/1266/1266
f 1484/1484/1484 1638/1638/1638 1634/1634/1634
f 1484/1484/1484 1634/1634/1634 1462/1462/1462
f 1504/1504/1504 1646/1646/1646 1638/1638/1638
f 1504/1504/1504 1638/1638/1638 1484/1484/1484
f 1478/1478/1478 1642/1642/1642 1646/1646/1646
f 1462/1462/1462 1634/1634/1634 1629/1629/1629
f 1451/1451/1451 1620/1620/1620 1642/1642/1642
f 1378/1378/1378 1618/1618/1618 1316/1316/1316
f 1400/1400/1400 981/981/981 1021/1021/1021
f 1400/1400/1400 1021/1021/1021 1444/1444/1444
f 1217/1217/1217 883/883/883 886/886/886
f 1197/1197/1197 875/875/875 883/883/883
f 1197/1197/1197 883/883/883 1217/1217/1217
f 1340/1340/1340 935/935/935 981/981/981
f 1340/1340/1340 981/981/981 1400/1400/1400
f 1284/1284/1284 918/918/918 935/935/935
f 1284/1284/1284 935/935/935 1340/1340/1340
f 1294/1294/1294 1378/1378/1378 1316/1316/1316
f 1474/1474/1474 1459/1459/1459 1451/1451/1451
f 1474/1474/1474 1451/1451/1451 1478/1478/1478
f 1242/1242/1242 1316/1316/1316 1266/1266/1266
f 1409/1409/1409 1448/1448/1448 1462/1462/1462
f 1639/1639/1639 1644/1644/1644 1646/1646/1646
f 1639/1639/1639 1646/1646/1646 1642/1642/1642
f 1644/1644/1644 1636/1636/1636 1638/1638/1638
f 1644/1644/1644 1638/1638/1638 1646/1646/1646
f 1636/1636/1636 1632/1632/1632 1634/1634/1634
f 1615/1615/1615 1612/1612/1612 1613/1613/1613
f 1632/1632/1632 1628/1628/1628 1629/1629/1629
f 1632/1632/1632 1629/1629/1629 1634/1634/1634
f 1612/1612/1612 1242/1242/1242 1266/1266/1266
f 1459/1459/1459 1620/1620/1620 1451/1451/1451
f 1206/1206/1206 1228/1228/1228 1223/1223/1223
f 1236/1236/1236 1206/1206/1206 1197/1197/1197
f 1419/1419/1419 1340/1340/1340 1400/1400/1400
f 1263/1263/1263 1217/1217/1217 1240/1240/1240
f 1458/1458/1458 1419/1419/1419 1400/1400/1400
f 1458/1458/1458 1400/1400/1400 1444/1444/1444
f 1309/1309/1309 1263/1263/1263 1240/1240/1240
f 1309/1309/1309 1240/1240/1240 1284/1284/1284
f 923/923/923 937/937/937 935/935/935
f 923/923/923 935/935/935 918/918/918
f 877/877/877 885/885/885 883/883/883
f 937/937/937 981/981/981 935/935/935
f 943/943/943 879/879/879 944/944/944
f 982/982/982 1023/1023/1023 1021/1021/1021
f 888/888/888 918/918/918 886/886/886
f 1023/1023/1023 1458/1458/1458 1444/1444/1444
f 1023/1023/1023 1444/1444/1444 1021/1021/1021
f 1227/1227/1227 1228/1228/1228 1206/1206/1206
f 1227/1227/1227 1206/1206/1206 1205/1205/1205
f 1205/1205/1205 1206/1206/1206 1234/1234/1234
f 1205/1205/1205 1234/1234/1234 1233/1233/1233
f 1233/1233/1233 1234/1234/1234 1263/1263/1263
f 1262/1262/1262 1263/1263/1263 1309/1309/1309
f 1308/1308/1308 1309/1309/1309 1372/1372/1372
f 1308/1308/1308 1372/1372/1372 1371/1371/1371
f 1371/1371/1371 1372/1372/1372 1419/1419/1419
f 1371/1371/1371 1419/1419/1419 1418/1418/1418
f 1475/1475/1475 1457/1457/1457 1458/1458/1458
f 1458/1458/1458 1476/1476/1476 1475/1475/1475
f 1475/1475/1475 1476/1476/1476 1498/1498/1498
f 1475/1475/1475 1498/1498/1498 1496/1496/1496
f 1496/1496/1496 1498/1498/1498 1470/1470/1470
f 1496/1496/1496 1470/1470/1470 1469/1469/1469
f 1469/1469/1469 1470/1470/1470 1450/1450/1450
f 1469/1469/1469 1450/1450/1450 1449/1449/1449
f 1449/1449/1449 1410/1410/1410 1408/1408/1408
f 1408/1408/1408 1410/1410/1410 1354/1354/1354
f 1408/1408/1408 1354/1354/1354 1353/1353/1353
f 1207/1207/1207 1229/1229/1229 1244/1244/1244
f 1460/1460/1460 1420/1420/1420 1373/1373/1373
f 1373/1373/1373 1310/1310/1310 1264/1264/1264
f 1264/1264/1264 1235/1235/1235 1207/1207/1207
f 1354/1354/1354 1450/1450/1450 1498/1498/1498
f 1207/1207/1207 1354/1354/1354 1498/1498/1498
f 1353/1353/1353 1354/1354/1354 1293/1293/1293
f 1353/1353/1353 1293/1293/1293 1292/1292/1292
f 1241/1241/1241 1292/1292/1292 1293/1293/1293
f 1293/1293/1293 1244/1244/1244 1243/1243/1243
f 1292/1292/1292 1241/1241/1241 1227/1227/1227
f 1233/1233/1233 1262/1262/1262 1308/1308/1308
f 1308/1308/1308 1371/1371/1371 1418/1418/1418
f 1475/1475/1475 1496/1496/1496 1469/1469/1469
f 1408/1408/1408 1353/1353/1353 1292/1292/1292
f 1233/1233/1233 1308/1308/1308 1418/1418/1418
f 1469/1469/1469 1408/1408/1408 1292/1292/1292
f 1292/1292/1292 1233/1233/1233 1418/1418/1418
f 1418/1418/1418 1469/1469/1469 1292/1292/1292
f 1206/1206/1206 1229/1229/1229 1207/1207/1207
f 1419/1419/1419 1372/1372/1372 1373/1373/1373
f 1419/1419/1419 1373/1373/1373 1420/1420/1420
f 1263/1263/1263 1234/1234/1234 1235/1235/1235
f 1458/1458/1458 1420/1420/1420 1460/1460/1460
f 1309/1309/1309 1264/1264/1264 1310/1310/1310
f 1294/1294/1294 1242/1242/1242 1612/1612/1612
f 1294/1294/1294 1612/1612/1612 1615/1615/1615
f 1468/1468/1468 1448/1448/1448 1632/1632/1632
f 1468/1468/1468 1632/1632/1632 1636/1636/1636
f 1497/1497/1497 1468/1468/1468 1636/1636/1636
f 1448/1448/1448 1628/1628/1628 1632/1632/1632
f 1459/1459/1459 1474/1474/1474 1639/1639/1639
f 1316/1316/1316 1618/1618/1618 1613/1613/1613
f 1478/1478/1478 1646/1646/1646 1504/1504/1504
f 1462/1462/1462 1629/1629/1629 1426/1426/1426
f 1451/1451/1451 1642/1642/1642 1478/1478/1478
f 1378/1378/1378 1626/1626/1626 1618/1618/1618
f 1426/1426/1426 1629/1629/1629 1626/1626/1626
f 1426/1426/1426 1626/1626/1626 1378/1378/1378
f 1497/1497/1497 1474/1474/1474 1478/1478/1478
f 1497/1497/1497 1478/1478/1478 1504/1504/1504
f 1352/1352/1352 1409/1409/1409 1426/1426/1426
f 1352/1352/1352 1426/1426/1426 1378/1378/1378
f 1468/1468/1468 1497/1497/1497 1504/1504/1504
f 1468/1468/1468 1504/1504/1504 1484/1484/1484
f 1294/1294/1294 1352/1352/1352 1378/1378/1378
f 1448/1448/1448 1468/1468/1468 1484/1484/1484
f 1448/1448/1448 1484/1484/1484 1462/1462/1462
f 1242/1242/1242 1294/1294/1294 1316/1316/1316
f 1409/1409/1409 1462/1462/1462 1426/1426/1426
f 1628/1628/1628 1624/1624/1624 1626/1626/1626
f 1628/1628/1628 1626/1626/1626 1629/1629/1629
f 1624/1624/1624 1615/1615/1615 1618/1618/1618
f 1624/1624/1624 1618/1618/1618 1626/1626/1626
f 1636/1636/1636 1634/1634/1634 1638/1638/1638
f 1622/1622/1622 1639/1639/1639 1642/1642/1642
f 1622/1622/1622 1642/1642/1642 1620/1620/1620
f 1615/1615/1615 1613/1613/1613 1618/1618/1618
f 1612/1612/1612 1266/1266/1266 1613/1613/1613
f 1459/1459/1459 1622/1622/1622 1620/1620/1620
f 1206/1206/1206 885/885/885 877/877/877
f 1228/1228/1228 1206/1206/1206 877/877/877
f 1228/1228/1228 877/877/877 881/881/881
f 1263/1263/1263 923/923/923 888/888/888
f 1243/1243/1243 881/881/881 943/943/943
f 1372/1372/1372 1419/1419/1419 982/982/982
f 1372/1372/1372 982/982/982 937/937/937
f 1309/1309/1309 937/937/937 923/923/923
f 1400/1400/1400 981/981/981 1021/1021/1021
f 1400/1400/1400 1021/1021/1021 1444/1444/1444
f 1217/1217/1217 886/886/886 1240/1240/1240
f 1223/1223/1223 879/879/879 875/875/875
f 1223/1223/1223 875/875/875 1197/1197/1197
f 1240/1240/1240 886/886/886 918/918/918
f 1240/1240/1240 918/918/918 1284/1284/1284
f 1250/1250/1250 944/944/944 879/879/879
f 1250/1250/1250 879/879/879 1223/1223/1223
f 1340/1340/1340 933/933/933 981/981/981
f 1340/1340/1340 981/981/981 1400/1400/1400
f 1284/1284/1284 918/918/918 933/933/933
f 1284/1284/1284 933/933/933 1340/1340/1340
f 1206/1206/1206 1223/1223/1223 1197/1197/1197
f 1372/1372/1372 1309/1309/1309 1284/1284/1284
f 1372/1372/1372 1284/1284/1284 1340/1340/1340
f 1236/1236/1236 1197/1197/1197 1217/1217/1217
f 1419/1419/1419 1372/1372/1372 1340/1340/1340
f 1419/1419/1419 1340/1340/1340 1400/1400/1400
f 1263/1263/1263 1236/1236/1236 1217/1217/1217
f 1228/1228/1228 1243/1243/1243 1250/1250/1250
f 1228/1228/1228 1250/1250/1250 1223/1223/1223
f 1458/1458/1458 1419/1419/1419 1400/1400/1400
f 1458/1458/1458 1400/1400/1400 1444/1444/1444
f 881/881/881 877/877/877 875/875/875
f 881/881/881 875/875/875 879/879/879
f 923/923/923 937/937/937 933/933/933
f 923/923/923 933/933/933 918/918/918
f 877/877/877 883/883/883 875/875/875
f 937/937/937 982/982/982 981/981/981
f 937/937/937 981/981/981 933/933/933
f 885/885/885 888/888/888 886/886/886
f 885/885/885 886/886/886 883/883/883
f 943/943/943 881/881/881 879/879/879
f 982/982/982 1021/1021/1021 981/981/981
f 888/888/888 923/923/923 918/918/918
f 1023/1023/1023 1458/1458/1458 1444/1444/1444
f 1023/1023/1023 1444/1444/1444 1021/1021/1021
f 1243/1243/1243 943/943/943 944/944/944
f 1243/1243/1243 944/944/944 1250/1250/1250
f 403/403/403 421/421/421 405/405/405
f 403/403/403 420/420/420 421/421/421
f 414/414/414 386/386/386 387/387/387
f 386/386/386 340/340/340 341/341/341
f 230/230/230 192/192/192 231/231/231
f 230/230/230 191/191/191 192/192/192
f 192/192/192 176/176/176 194/194/194
f 200/200/200 242/242/242 202/202/202
f 406/406/406 298/298/298 358/358/358
f 298/298/298 202/202/202 242/242/242
f 202/202/202 154/154/154 182/182/182
f 154/154/154 194/194/194 176/176/176
f 444/444/444 298/298/298 406/406/406
f 154/154/154 276/276/276 194/194/194
f 276/276/276 444/444/444 388/388/388
f 154/154/154 444/444/444 276/276/276
f 358/358/358 403/403/403 405/405/405
f 420/420/420 414/414/414 442/442/442
f 230/230/230 174/174/174 191/191/191
f 180/180/180 240/240/240 200/200/200
f 356/356/356 414/414/414 420/420/420
f 230/230/230 180/180/180 174/174/174
f 443/443/443 422/422/422 421/421/421
f 275/275/275 342/342/342 341/341/341
f 275/275/275 276/276/276 342/342/342
f 415/415/415 444/444/444 443/443/443
f 415/415/415 416/416/416 444/444/444
f 387/387/387 388/388/388 416/416/416
f 421/421/421 406/406/406 405/405/405
f 421/421/421 422/422/422 406/406/406
f 192/192/192 232/232/232 231/231/231
f 341/341/341 388/388/388 387/387/387
f 153/153/153 4/4/4 12/12/12
f 175/175/175 4/4/4 153/153/153
f 175/175/175 8/8/8 4/4/4
f 201/201/201 20/20/20 241/241/241
f 193/193/193 26/26/26 8/8/8
f 297/297/297 32/32/32 357/357/357
f 297/297/297 24/24/24 32/32/32
f 241/241/241 24/24/24 297/297/297
f 241/241/241 20/20/20 24/24/24
f 231/231/231 624/624/624 192/192/192
f 231/231/231 664/664/664 624/624/624
f 415/415/415 768/768/768 387/387/387
f 415/415/415 772/772/772 768/768/768
f 443/443/443 772/772/772 415/415/415
f 387/387/387 714/714/714 341/341/341
f 405/405/405 776/776/776 421/421/421
f 341/341/341 700/700/700 275/275/275
f 331/331/331 382/382/382 34/34/34
f 164/164/164 14/14/14 10/10/10
f 164/164/164 186/186/186 14/14/14
f 144/144/144 10/10/10 2/2/2
f 144/144/144 164/164/164 10/10/10
f 170/170/170 2/2/2 6/6/6
f 186/186/186 18/18/18 14/14/14
f 196/196/196 6/6/6 28/28/28
f 270/270/270 331/331/331 30/30/30
f 247/247/247 626/626/626 666/666/666
f 247/247/247 204/204/204 626/626/626
f 430/430/430 770/770/770 773/773/773
f 450/450/450 773/773/773 782/782/782
f 450/450/450 430/430/430 773/773/773
f 308/308/308 666/666/666 702/702/702
f 308/308/308 247/247/247 666/666/666
f 364/364/364 702/702/702 718/718/718
f 364/364/364 308/308/308 702/702/702
f 357/357/357 331/331/331 270/270/270
f 175/175/175 196/196/196 193/193/193
f 175/175/175 170/170/170 196/196/196
f 404/404/404 382/382/382 331/331/331
f 241/241/241 186/186/186 201/201/201
f 8/8/8 2/2/2 4/4/4
f 8/8/8 6/6/6 2/2/2
f 4/4/4 10/10/10 12/12/12
f 4/4/4 2/2/2 10/10/10
f 12/12/12 14/14/14 16/16/16
f 32/32/32 34/34/34 36/36/36
f 16/16/16 18/18/18 20/20/20
f 16/16/16 14/14/14 18/18/18
f 36/36/36 382/382/382 404/404/404
f 193/193/193 196/196/196 28/28/28
f 443/443/443 424/424/424 421/421/421
f 415/415/415 450/450/450 443/443/443
f 231/231/231 247/247/247 308/308/308
f 387/387/387 408/408/408 430/430/430
f 192/192/192 247/247/247 231/231/231
f 192/192/192 204/204/204 247/247/247
f 341/341/341 408/408/408 387/387/387
f 341/341/341 364/364/364 408/408/408
f 714/714/714 702/702/702 700/700/700
f 714/714/714 718/718/718 702/702/702
f 780/780/780 773/773/773 772/772/772
f 700/700/700 702/702/702 666/666/666
f 694/694/694 692/692/692 778/778/778
f 664/664/664 626/626/626 624/624/624
f 768/768/768 770/770/770 718/718/718
f 624/624/624 204/204/204 192/192/192
f 624/624/624 626/626/626 204/204/204
f 420/420/420 443/443/443 421/421/421
f 420/420/420 442/442/442 443/443/443
f 442/442/442 415/415/415 443/443/443
f 442/442/442 414/414/414 415/415/415
f 414/414/414 387/387/387 415/415/415
f 386/386/386 341/341/341 387/387/387
f 340/340/340 275/275/275 341/341/341
f 340/340/340 274/274/274 275/275/275
f 274/274/274 231/231/231 275/275/275
f 274/274/274 230/230/230 231/231/231
f 174/174/174 192/192/192 191/191/191
f 192/192/192 174/174/174 176/176/176
f 174/174/174 154/154/154 176/176/176
f 174/174/174 152/152/152 154/154/154
f 152/152/152 182/182/182 154/154/154
f 152/152/152 180/180/180 182/182/182
f 180/180/180 202/202/202 182/182/182
f 180/180/180 200/200/200 202/202/202
f 200/200/200 240/240/240 242/242/242
f 240/240/240 298/298/298 242/242/242
f 240/240/240 296/296/296 298/298/298
f 444/444/444 406/406/406 422/422/422
f 194/194/194 276/276/276 232/232/232
f 276/276/276 388/388/388 342/342/342
f 388/388/388 444/444/444 416/416/416
f 298/298/298 154/154/154 202/202/202
f 444/444/444 154/154/154 298/298/298
f 296/296/296 358/358/358 298/298/298
f 296/296/296 356/356/356 358/358/358
f 403/403/403 358/358/358 356/356/356
f 358/358/358 405/405/405 406/406/406
f 356/356/356 420/420/420 403/403/403
f 414/414/414 340/340/340 386/386/386
f 340/340/340 230/230/230 274/274/274
f 174/174/174 180/180/180 152/152/152
f 240/240/240 356/356/356 296/296/296
f 414/414/414 230/230/230 340/340/340
f 180/180/180 356/356/356 240/240/240
f 356/356/356 230/230/230 414/414/414
f 230/230/230 356/356/356 180/180/180
f 443/443/443 444/444/444 422/422/422
f 231/231/231 276/276/276 275/275/275
f 231/231/231 232/232/232 276/276/276
f 387/387/387 416/416/416 415/415/415
f 192/192/192 194/194/194 232/232/232
f 341/341/341 342/342/342 388/388/388
f 357/357/357 36/36/36 404/404/404
f 357/357/357 32/32/32 36/36/36
f 181/181/181 16/16/16 201/201/201
f 181/181/181 12/12/12 16/16/16
f 153/153/153 12/12/12 181/181/181
f 201/201/201 16/16/16 20/20/20
f 193/193/193 8/8/8 175/175/175
f 331/331/331 34/34/34 30/30/30
f 170/170/170 144/144/144 2/2/2
f 186/186/186 222/222/222 18/18/18
f 196/196/196 170/170/170 6/6/6
f 270/270/270 30/30/30 22/22/22
f 222/222/222 22/22/22 18/18/18
f 222/222/222 270/270/270 22/22/22
f 153/153/153 170/170/170 175/175/175
f 153/153/153 144/144/144 170/170/170
f 297/297/297 222/222/222 241/241/241
f 297/297/297 270/270/270 222/222/222
f 181/181/181 144/144/144 153/153/153
f 181/181/181 164/164/164 144/144/144
f 357/357/357 270/270/270 297/297/297
f 201/201/201 164/164/164 181/181/181
f 201/201/201 186/186/186 164/164/164
f 404/404/404 331/331/331 357/357/357
f 241/241/241 222/222/222 186/186/186
f 20/20/20 22/22/22 24/24/24
f 20/20/20 18/18/18 22/22/22
f 24/24/24 30/30/30 32/32/32
f 24/24/24 22/22/22 30/30/30
f 12/12/12 10/10/10 14/14/14
f 26/26/26 6/6/6 8/8/8
f 26/26/26 28/28/28 6/6/6
f 32/32/32 30/30/30 34/34/34
f 36/36/36 34/34/34 382/382/382
f 193/193/193 28/28/28 26/26/26
f 443/443/443 780/780/780 772/772/772
f 421/421/421 780/780/780 443/443/443
f 421/421/421 776/776/776 780/780/780
f 387/387/387 768/768/768 714/714/714
f 405/405/405 694/694/694 776/776/776
f 275/275/275 664/664/664 231/231/231
f 275/275/275 700/700/700 664/664/664
f 341/341/341 714/714/714 700/700/700
f 247/247/247 626/626/626 666/666/666
f 247/247/247 204/204/204 626/626/626
f 430/430/430 408/408/408 770/770/770
f 424/424/424 782/782/782 778/778/778
f 424/424/424 450/450/450 782/782/782
f 408/408/408 718/718/718 770/770/770
f 408/408/408 364/364/364 718/718/718
f 397/397/397 778/778/778 692/692/692
f 397/397/397 424/424/424 778/778/778
f 308/308/308 666/666/666 703/703/703
f 308/308/308 247/247/247 666/666/666
f 364/364/364 703/703/703 718/718/718
f 364/364/364 308/308/308 703/703/703
f 443/443/443 450/450/450 424/424/424
f 275/275/275 364/364/364 341/341/341
f 275/275/275 308/308/308 364/364/364
f 415/415/415 430/430/430 450/450/450
f 231/231/231 308/308/308 275/275/275
f 231/231/231 247/247/247 308/308/308
f 387/387/387 430/430/430 415/415/415
f 421/421/421 397/397/397 405/405/405
f 421/421/421 424/424/424 397/397/397
f 192/192/192 247/247/247 231/231/231
f 192/192/192 204/204/204 247/247/247
f 776/776/776 782/782/782 780/780/780
f 776/776/776 778/778/778 782/782/782
f 714/714/714 703/703/703 700/700/700
f 714/714/714 718/718/718 703/703/703
f 780/780/780 782/782/782 773/773/773
f 700/700/700 666/666/666 664/664/664
f 700/700/700 703/703/703 666/666/666
f 772/772/772 770/770/770 768/768/768
f 772/772/772 773/773/773 770/770/770
f 694/694/694 778/778/778 776/776/776
f 664/664/664 666/666/666 626/626/626
f 768/768/768 718/718/718 714/714/714
f 624/624/624 204/204/204 192/192/192
f 624/624/624 626/626/626 204/204/204
f 405/405/405 692/692/692 694/694/694
f 405/405/405 397/397/397 692/692/692
f 1245/1245/1245 1225/1225/1225 1247/1247/1247
f 1245/1245/1245 1224/1224/1224 1225/1225/1225
f 1230/1230/1230 1259/1259/1259 1260/1260/1260
f 1259/1259/1259 1305/1305/1305 1306/1306/1306
f 1415/1415/1415 1454/1454/1454 1416/1416/1416
f 1415/1415/1415 1453/1453/1453 1454/1454/1454
f 1454/1454/1454 1473/1473/1473 1456/1456/1456
f 1445/1445/1445 1407/1407/1407 1447/1447/1447
f 1248/1248/1248 1351/1351/1351 1291/1291/1291
f 1351/1351/1351 1447/1447/1447 1407/1407/1407
f 1447/1447/1447 1495/1495/1495 1467/1467/1467
f 1495/1495/1495 1456/1456/1456 1473/1473/1473
f 1204/1204/1204 1351/1351/1351 1248/1248/1248
f 1495/1495/1495 1376/1376/1376 1456/1456/1456
f 1376/1376/1376 1204/1204/1204 1261/1261/1261
f 1495/1495/1495 1204/1204/1204 1376/1376/1376
f 1291/1291/1291 1245/1245/1245 1247/1247/1247
f 1224/1224/1224 1230/1230/1230 1202/1202/1202
f 1415/1415/1415 1471/1471/1471 1453/1453/1453
f 1465/1465/1465 1405/1405/1405 1445/1445/1445
f 1289/1289/1289 1230/1230/1230 1224/1224/1224
f 1415/1415/1415 1465/1465/1465 1471/1471/1471
f 1203/1203/1203 1226/1226/1226 1225/1225/1225
f 1375/1375/1375 1307/1307/1307 1306/1306/1306
f 1375/1375/1375 1376/1376/1376 1307/1307/1307
f 1231/1231/1231 1204/1204/1204 1203/1203/1203
f 1231/1231/1231 1232/1232/1232 1204/1204/1204
f 1260/1260/1260 1261/1261/1261 1232/1232/1232
f 1225/1225/1225 1248/1248/1248 1247/1247/1247
f 1225/1225/1225 1226/1226/1226 1248/1248/1248
f 1454/1454/1454 1417/1417/1417 1416/1416/1416
f 1306/1306/1306 1261/1261/1261 1260/1260/1260
f 1494/1494/1494 1643/1643/1643 1635/1635/1635
f 1472/1472/1472 1643/1643/1643 1494/1494/1494
f 1472/1472/1472 1640/1640/1640 1643/1643/1643
f 1446/1446/1446 1627/1627/1627 1406/1406/1406
f 1455/1455/1455 1621/1621/1621 1640/1640/1640
f 1350/1350/1350 1616/1616/1616 1290/1290/1290
f 1350/1350/1350 1623/1623/1623 1616/1616/1616
f 1406/1406/1406 1623/1623/1623 1350/1350/1350
f 1406/1406/1406 1627/1627/1627 1623/1623/1623
f 1416/1416/1416 1022/1022/1022 1454/1454/1454
f 1416/1416/1416 983/983/983 1022/1022/1022
f 1231/1231/1231 889/889/889 1260/1260/1260
f 1231/1231/1231 884/884/884 889/889/889
f 1203/1203/1203 884/884/884 1231/1231/1231
f 1260/1260/1260 922/922/922 1306/1306/1306
f 1247/1247/1247 880/880/880 1225/1225/1225
f 1306/1306/1306 936/936/936 1375/1375/1375
f 1315/1315/1315 1265/1265/1265 1614/1614/1614
f 1483/1483/1483 1633/1633/1633 1637/1637/1637
f 1483/1483/1483 1461/1461/1461 1633/1633/1633
f 1503/1503/1503 1637/1637/1637 1645/1645/1645
f 1503/1503/1503 1483/1483/1483 1637/1637/1637
f 1477/1477/1477 1645/1645/1645 1641/1641/1641
f 1461/1461/1461 1630/1630/1630 1633/1633/1633
f 1452/1452/1452 1641/1641/1641 1619/1619/1619
f 1377/1377/1377 1315/1315/1315 1617/1617/1617
f 1399/1399/1399 1020/1020/1020 980/980/980
f 1399/1399/1399 1443/1443/1443 1020/1020/1020
f 1216/1216/1216 887/887/887 882/882/882
f 1196/1196/1196 882/882/882 874/874/874
f 1196/1196/1196 1216/1216/1216 882/882/882
f 1339/1339/1339 980/980/980 934/934/934
f 1339/1339/1339 1399/1399/1399 980/980/980
f 1283/1283/1283 934/934/934 919/919/919
f 1283/1283/1283 1339/1339/1339 934/934/934
f 1290/1290/1290 1315/1315/1315 1377/1377/1377
f 1472/1472/1472 1452/1452/1452 1455/1455/1455
f 1472/1472/1472 1477/1477/1477 1452/1452/1452
f 1246/1246/1246 1265/1265/1265 1315/1315/1315
f 1406/1406/1406 1461/1461/1461 1446/1446/1446
f 1640/1640/1640 1645/1645/1645 1643/1643/1643
f 1640/1640/1640 1641/1641/1641 1645/1645/1645
f 1643/1643/1643 1637/1637/1637 1635/1635/1635
f 1643/1643/1643 1645/1645/1645 1637/1637/1637
f 1635/1635/1635 1633/1633/1633 1631/1631/1631
f 1616/1616/1616 1614/1614/1614 1611/1611/1611
f 1631/1631/1631 1630/1630/1630 1627/1627/1627
f 1631/1631/1631 1633/1633/1633 1630/1630/1630
f 1611/1611/1611 1265/1265/1265 1246/1246/1246
f 1455/1455/1455 1452/1452/1452 1619/1619/1619
f 1203/1203/1203 1222/1222/1222 1225/1225/1225
f 1231/1231/1231 1196/1196/1196 1203/1203/1203
f 1416/1416/1416 1399/1399/1399 1339/1339/1339
f 1260/1260/1260 1239/1239/1239 1216/1216/1216
f 1454/1454/1454 1399/1399/1399 1416/1416/1416
f 1454/1454/1454 1443/1443/1443 1399/1399/1399
f 1306/1306/1306 1239/1239/1239 1260/1260/1260
f 1306/1306/1306 1283/1283/1283 1239/1239/1239
f 922/922/922 934/934/934 936/936/936
f 922/922/922 919/919/919 934/934/934
f 876/876/876 882/882/882 884/884/884
f 936/936/936 934/934/934 980/980/980
f 942/942/942 945/945/945 878/878/878
f 983/983/983 1020/1020/1020 1022/1022/1022
f 889/889/889 887/887/887 919/919/919
f 1022/1022/1022 1443/1443/1443 1454/1454/1454
f 1022/1022/1022 1020/1020/1020 1443/1443/1443
f 1224/1224/1224 1203/1203/1203 1225/1225/1225
f 1224/1224/1224 1202/1202/1202 1203/1203/1203
f 1202/1202/1202 1231/1231/1231 1203/1203/1203
f 1202/1202/1202 1230/1230/1230 1231/1231/1231
f 1230/1230/1230 1260/1260/1260 1231/1231/1231
f 1259/1259/1259 1306/1306/1306 1260/1260/1260
f 1305/1305/1305 1375/1375/1375 1306/1306/1306
f 1305/1305/1305 1374/1374/1374 1375/1375/1375
f 1374/1374/1374 1416/1416/1416 1375/1375/1375
f 1374/1374/1374 1415/1415/1415 1416/1416/1416
f 1471/1471/1471 1454/1454/1454 1453/1453/1453
f 1454/1454/1454 1471/1471/1471 1473/1473/1473
f 1471/1471/1471 1495/1495/1495 1473/1473/1473
f 1471/1471/1471 1493/1493/1493 1495/1495/1495
f 1493/1493/1493 1467/1467/1467 1495/1495/1495
f 1493/1493/1493 1465/1465/1465 1467/1467/1467
f 1465/1465/1465 1447/1447/1447 1467/1467/1467
f 1465/1465/1465 1445/1445/1445 1447/1447/1447
f 1445/1445/1445 1405/1405/1405 1407/1407/1407
f 1405/1405/1405 1351/1351/1351 1407/1407/1407
f 1405/1405/1405 1349/1349/1349 1351/1351/1351
f 1204/1204/1204 1248/1248/1248 1226/1226/1226
f 1456/1456/1456 1376/1376/1376 1417/1417/1417
f 1376/1376/1376 1261/1261/1261 1307/1307/1307
f 1261/1261/1261 1204/1204/1204 1232/1232/1232
f 1351/1351/1351 1495/1495/1495 1447/1447/1447
f 1204/1204/1204 1495/1495/1495 1351/1351/1351
f 1349/1349/1349 1291/1291/1291 1351/1351/1351
f 1349/1349/1349 1289/1289/1289 1291/1291/1291
f 1245/1245/1245 1291/1291/1291 1289/1289/1289
f 1291/1291/1291 1247/1247/1247 1248/1248/1248
f 1289/1289/1289 1224/1224/1224 1245/1245/1245
f 1230/1230/1230 1305/1305/1305 1259/1259/1259
f 1305/1305/1305 1415/1415/1415 1374/1374/1374
f 1471/1471/1471 1465/1465/1465 1493/1493/1493
f 1405/1405/1405 1289/1289/1289 1349/1349/1349
f 1230/1230/1230 1415/1415/1415 1305/1305/1305
f 1465/1465/1465 1289/1289/1289 1405/1405/1405
f 1289/1289/1289 1415/1415/1415 1230/1230/1230
f 1415/1415/1415 1289/1289/1289 1465/1465/1465
f 1203/1203/1203 1204/1204/1204 1226/1226/1226
f 1416/1416/1416 1376/1376/1376 1375/1375/1375
f 1416/1416/1416 1417/1417/1417 1376/1376/1376
f 1260/1260/1260 1232/1232/1232 1231/1231/1231
f 1454/1454/1454 1456/1456/1456 1417/1417/1417
f 1306/1306/1306 1307/1307/1307 1261/1261/1261
f 1290/1290/1290 1611/1611/1611 1246/1246/1246
f 1290/1290/1290 1616/1616/1616 1611/1611/1611
f 1466/1466/1466 1631/1631/1631 1446/1446/1446
f 1466/1466/1466 1635/1635/1635 1631/1631/1631
f 1494/1494/1494 1635/1635/1635 1466/1466/1466
f 1446/1446/1446 1631/1631/1631 1627/1627/1627
f 1455/1455/1455 1640/1640/1640 1472/1472/1472
f 1315/1315/1315 1614/1614/1614 1617/1617/1617
f 1477/1477/1477 1503/1503/1503 1645/1645/1645
f 1461/1461/1461 1425/1425/1425 1630/1630/1630
f 1452/1452/1452 1477/1477/1477 1641/1641/1641
f 1377/1377/1377 1617/1617/1617 1625/1625/1625
f 1425/1425/1425 1625/1625/1625 1630/1630/1630
f 1425/1425/1425 1377/1377/1377 1625/1625/1625
f 1494/1494/1494 1477/1477/1477 1472/1472/1472
f 1494/1494/1494 1503/1503/1503 1477/1477/1477
f 1350/1350/1350 1425/1425/1425 1406/1406/1406
f 1350/1350/1350 1377/1377/1377 1425/1425/1425
f 1466/1466/1466 1503/1503/1503 1494/1494/1494
f 1466/1466/1466 1483/1483/1483 1503/1503/1503
f 1290/1290/1290 1377/1377/1377 1350/1350/1350
f 1446/1446/1446 1483/1483/1483 1466/1466/1466
f 1446/1446/1446 1461/1461/1461 1483/1483/1483
f 1246/1246/1246 1315/1315/1315 1290/1290/1290
f 1406/1406/1406 1425/1425/1425 1461/1461/1461
f 1627/1627/1627 1625/1625/1625 1623/1623/1623
f 1627/1627/1627 1630/1630/1630 1625/1625/1625
f 1623/1623/1623 1617/1617/1617 1616/1616/1616
f 1623/1623/1623 1625/1625/1625 1617/1617/1617
f 1635/1635/1635 1637/1637/1637 1633/1633/1633
f 1621/1621/1621 1641/1641/1641 1640/1640/1640
f 1621/1621/1621 1619/1619/1619 1641/1641/1641
f 1616/1616/1616 1617/1617/1617 1614/1614/1614
f 1611/1611/1611 1614/1614/1614 1265/1265/1265
f 1455/1455/1455 1619/1619/1619 1621/1621/1621
f 1203/1203/1203 876/876/876 884/884/884
f 1225/1225/1225 876/876/876 1203/1203/1203
f 1225/1225/1225 880/880/880 876/876/876
f 1260/1260/1260 889/889/889 922/922/922
f 1247/1247/1247 942/942/942 880/880/880
f 1375/1375/1375 983/983/983 1416/1416/1416
f 1375/1375/1375 936/936/936 983/983/983
f 1306/1306/1306 922/922/922 936/936/936
f 1399/1399/1399 1020/1020/1020 980/980/980
f 1399/1399/1399 1443/1443/1443 1020/1020/1020
f 1216/1216/1216 1239/1239/1239 887/887/887
f 1222/1222/1222 874/874/874 878/878/878
f 1222/1222/1222 1196/1196/1196 874/874/874
f 1239/1239/1239 919/919/919 887/887/887
f 1239/1239/1239 1283/1283/1283 919/919/919
f 1249/1249/1249 878/878/878 945/945/945
f 1249/1249/1249 1222/1222/1222 878/878/878
f 1339/1339/1339 980/980/980 932/932/932
f 1339/1339/1339 1399/1399/1399 980/980/980
f 1283/1283/1283 932/932/932 919/919/919
f 1283/1283/1283 1339/1339/1339 932/932/932
f 1203/1203/1203 1196/1196/1196 1222/1222/1222
f 1375/1375/1375 1283/1283/1283 1306/1306/1306
f 1375/1375/1375 1339/1339/1339 1283/1283/1283
f 1231/1231/1231 1216/1216/1216 1196/1196/1196
f 1416/1416/1416 1339/1339/1339 1375/1375/1375
f 1416/1416/1416 1399/1399/1399 1339/1339/1339
f 1260/1260/1260 1216/1216/1216 1231/1231/1231
f 1225/1225/1225 1249/1249/1249 1247/1247/1247
f 1225/1225/1225 1222/1222/1222 1249/1249/1249
f 1454/1454/1454 1399/1399/1399 1416/1416/1416
f 1454/1454/1454 1443/1443/1443 1399/1399/1399
f 880/880/880 874/874/874 876/876/876
f 880/880/880 878/878/878 874/874/874
f 922/922/922 932/932/932 936/936/936
f 922/922/922 919/919/919 932/932/932
f 876/876/876 874/874/874 882/882/882
f 936/936/936 980/980/980 983/983/983
f 936/936/936 932/932/932 980/980/980
f 884/884/884 887/887/887 889/889/889
f 884/884/884 882/882/882 887/887/887
f 942/942/942 878/878/878 880/880/880
f 983/983/983 980/980/980 1020/1020/1020
f 889/889/889 919/919/919 922/922/922
f 1022/1022/1022 1443/1443/1443 1454/1454/1454
f 1022/1022/1022 1020/1020/1020 1443/1443/1443
f 1247/1247/1247 945/945/945 942/942/942
f 1247/1247/1247 1249/1249/1249 945/945/945
f 399/399/399 401/401/401 418/418/418
f 399/399/399 418/418/418 417/417/417
f 411/411/411 384/384/384 383/383/383
f 383/383/383 338/338/338 337/337/337
f 227/227/227 228/228/228 188/188/188
f 227/227/227 188/188/188 187/187/187
f 188/188/188 190/190/190 173/173/173
f 197/197/197 199/199/199 239/239/239
f 402/402/402 355/355/355 295/295/295
f 295/295/295 239/239/239 199/199/199
f 199/199/199 179/179/179 151/151/151
f 151/151/151 173/173/173 190/190/190
f 441/441/441 402/402/402 295/295/295
f 151/151/151 190/190/190 273/273/273
f 273/273/273 385/385/385 441/441/441
f 151/151/151 273/273/273 441/441/441
f 355/355/355 401/401/401 399/399/399
f 417/417/417 439/439/439 411/411/411
f 227/227/227 187/187/187 171/171/171
f 177/177/177 197/197/197 237/237/237
f 353/353/353 417/417/417 411/411/411
f 227/227/227 171/171/171 177/177/177
f 440/440/440 418/418/418 419/419/419
f 272/272/272 338/338/338 339/339/339
f 272/272/272 339/339/339 273/273/273
f 412/412/412 440/440/440 441/441/441
f 412/412/412 441/441/441 413/413/413
f 384/384/384 413/413/413 385/385/385
f 418/418/418 401/401/401 402/402/402
f 418/418/418 402/402/402 419/419/419
f 188/188/188 228/228/228 229/229/229
f 338/338/338 384/384/384 385/385/385
f 150/150/150 11/11/11 3/3/3
f 172/172/172 150/150/150 3/3/3
f 172/172/172 3/3/3 7/7/7
f 198/198/198 238/238/238 19/19/19
f 189/189/189 7/7/7 25/25/25
f 294/294/294 354/354/354 31/31/31
f 294/294/294 31/31/31 23/23/23
f 238/238/238 294/294/294 23/23/23
f 238/238/238 23/23/23 19/19/19
f 228/228/228 188/188/188 623/623/623
f 228/228/228 623/623/623 663/663/663
f 412/412/412 384/384/384 767/767/767
f 412/412/412 767/767/767 771/771/771
f 440/440/440 412/412/412 771/771/771
f 384/384/384 338/338/338 713/713/713
f 401/401/401 418/418/418 775/775/775
f 338/338/338 272/272/272 699/699/699
f 332/332/332 33/33/33 381/381/381
f 163/163/163 9/9/9 13/13/13
f 163/163/163 13/13/13 185/185/185
f 143/143/143 1/1/1 9/9/9
f 143/143/143 9/9/9 163/163/163
f 169/169/169 5/5/5 1/1/1
f 185/185/185 13/13/13 17/17/17
f 195/195/195 27/27/27 5/5/5
f 269/269/269 29/29/29 332/332/332
f 248/248/248 665/665/665 625/625/625
f 248/248/248 625/625/625 203/203/203
f 429/429/429 774/774/774 769/769/769
f 449/449/449 781/781/781 774/774/774
f 449/449/449 774/774/774 429/429/429
f 307/307/307 701/701/701 665/665/665
f 307/307/307 665/665/665 248/248/248
f 363/363/363 717/717/717 701/701/701
f 363/363/363 701/701/701 307/307/307
f 354/354/354 269/269/269 332/332/332
f 172/172/172 189/189/189 195/195/195
f 172/172/172 195/195/195 169/169/169
f 400/400/400 332/332/332 381/381/381
f 238/238/238 198/198/198 185/185/185
f 7/7/7 3/3/3 1/1/1
f 7/7/7 1/1/1 5/5/5
f 3/3/3 11/11/11 9/9/9
f 3/3/3 9/9/9 1/1/1
f 11/11/11 15/15/15 13/13/13
f 31/31/31 35/35/35 33/33/33
f 15/15/15 19/19/19 17/17/17
f 15/15/15 17/17/17 13/13/13
f 35/35/35 400/400/400 381/381/381
f 189/189/189 27/27/27 195/195/195
f 440/440/440 418/418/418 423/423/423
f 412/412/412 440/440/440 449/449/449
f 228/228/228 307/307/307 248/248/248
f 384/384/384 429/429/429 407/407/407
f 188/188/188 228/228/228 248/248/248
f 188/188/188 248/248/248 203/203/203
f 338/338/338 384/384/384 407/407/407
f 338/338/338 407/407/407 363/363/363
f 713/713/713 699/699/699 701/701/701
f 713/713/713 701/701/701 717/717/717
f 779/779/779 771/771/771 774/774/774
f 699/699/699 665/665/665 701/701/701
f 693/693/693 777/777/777 691/691/691
f 663/663/663 623/623/623 625/625/625
f 767/767/767 717/717/717 769/769/769
f 623/623/623 188/188/188 203/203/203
f 623/623/623 203/203/203 625/625/625
f 417/417/417 418/418/418 440/440/440
f 417/417/417 440/440/440 439/439/439
f 439/439/439 440/440/440 412/412/412
f 439/439/439 412/412/412 411/411/411
f 411/411/411 412/412/412 384/384/384
f 383/383/383 384/384/384 338/338/338
f 337/337/337 338/338/338 272/272/272
f 337/337/337 272/272/272 271/271/271
f 271/271/271 272/272/272 228/228/228
f 271/271/271 228/228/228 227/227/227
f 171/171/171 187/187/187 188/188/188
f 188/188/188 173/173/173 171/171/171
f 171/171/171 173/173/173 151/151/151
f 171/171/171 151/151/151 149/149/149
f 149/149/149 151/151/151 179/179/179
f 149/149/149 179/179/179 177/177/177
f 177/177/177 179/179/179 199/199/199
f 177/177/177 199/199/199 197/197/197
f 197/197/197 239/239/239 237/237/237
f 237/237/237 239/239/239 295/295/295
f 237/237/237 295/295/295 293/293/293
f 441/441/441 419/419/419 402/402/402
f 190/190/190 229/229/229 273/273/273
f 273/273/273 339/339/339 385/385/385
f 385/385/385 413/413/413 441/441/441
f 295/295/295 199/199/199 151/151/151
f 441/441/441 295/295/295 151/151/151
f 293/293/293 295/295/295 355/355/355
f 293/293/293 355/355/355 353/353/353
f 399/399/399 353/353/353 355/355/355
f 355/355/355 402/402/402 401/401/401
f 353/353/353 399/399/399 417/417/417
f 411/411/411 383/383/383 337/337/337
f 337/337/337 271/271/271 227/227/227
f 171/171/171 149/149/149 177/177/177
f 237/237/237 293/293/293 353/353/353
f 411/411/411 337/337/337 227/227/227
f 177/177/177 237/237/237 353/353/353
f 353/353/353 411/411/411 227/227/227
f 227/227/227 177/177/177 353/353/353
f 440/440/440 419/419/419 441/441/441
f 228/228/228 272/272/272 273/273/273
f 228/228/228 273/273/273 229/229/229
f 384/384/384 412/412/412 413/413/413
f 188/188/188 229/229/229 190/190/190
f 338/338/338 385/385/385 339/339/339
f 354/354/354 400/400/400 35/35/35
f 354/354/354 35/35/35 31/31/31
f 178/178/178 198/198/198 15/15/15
f 178/178/178 15/15/15 11/11/11
f 150/150/150 178/178/178 11/11/11
f 198/198/198 19/19/19 15/15/15
f 189/189/189 172/172/172 7/7/7
f 332/332/332 29/29/29 33/33/33
f 169/169/169 1/1/1 143/143/143
f 185/185/185 17/17/17 221/221/221
f 195/195/195 5/5/5 169/169/169
f 269/269/269 21/21/21 29/29/29
f 221/221/221 17/17/17 21/21/21
f 221/221/221 21/21/21 269/269/269
f 150/150/150 172/172/172 169/169/169
f 150/150/150 169/169/169 143/143/143
f 294/294/294 238/238/238 221/221/221
f 294/294/294 221/221/221 269/269/269
f 178/178/178 150/150/150 143/143/143
f 178/178/178 143/143/143 163/163/163
f 354/354/354 294/294/294 269/269/269
f 198/198/198 178/178/178 163/163/163
f 198/198/198 163/163/163 185/185/185
f 400/400/400 354/354/354 332/332/332
f 238/238/238 185/185/185 221/221/221
f 19/19/19 23/23/23 21/21/21
f 19/19/19 21/21/21 17/17/17
f 23/23/23 31/31/31 29/29/29
f 23/23/23 29/29/29 21/21/21
f 11/11/11 13/13/13 9/9/9
f 25/25/25 7/7/7 5/5/5
f 25/25/25 5/5/5 27/27/27
f 31/31/31 33/33/33 29/29/29
f 35/35/35 381/381/381 33/33/33
f 189/189/189 25/25/25 27/27/27
f 440/440/440 771/771/771 779/779/779
f 418/418/418 440/440/440 779/779/779
f 418/418/418 779/779/779 775/775/775
f 384/384/384 713/713/713 767/767/767
f 401/401/401 775/775/775 693/693/693
f 272/272/272 228/228/228 663/663/663
f 272/272/272 663/663/663 699/699/699
f 338/338/338 699/699/699 713/713/713
f 248/248/248 665/665/665 625/625/625
f 248/248/248 625/625/625 203/203/203
f 429/429/429 769/769/769 407/407/407
f 423/423/423 777/777/777 781/781/781
f 423/423/423 781/781/781 449/449/449
f 407/407/407 769/769/769 717/717/717
f 407/407/407 717/717/717 363/363/363
f 398/398/398 691/691/691 777/777/777
f 398/398/398 777/777/777 423/423/423
f 307/307/307 704/704/704 665/665/665
f 307/307/307 665/665/665 248/248/248
f 363/363/363 717/717/717 704/704/704
f 363/363/363 704/704/704 307/307/307
f 440/440/440 423/423/423 449/449/449
f 272/272/272 338/338/338 363/363/363
f 272/272/272 363/363/363 307/307/307
f 412/412/412 449/449/449 429/429/429
f 228/228/228 272/272/272 307/307/307
f 228/228/228 307/307/307 248/248/248
f 384/384/384 412/412/412 429/429/429
f 418/418/418 401/401/401 398/398/398
f 418/418/418 398/398/398 423/423/423
f 188/188/188 228/228/228 248/248/248
f 188/188/188 248/248/248 203/203/203
f 775/775/775 779/779/779 781/781/781
f 775/775/775 781/781/781 777/777/777
f 713/713/713 699/699/699 704/704/704
f 713/713/713 704/704/704 717/717/717
f 779/779/779 774/774/774 781/781/781
f 699/699/699 663/663/663 665/665/665
f 699/699/699 665/665/665 704/704/704
f 771/771/771 767/767/767 769/769/769
f 771/771/771 769/769/769 774/774/774
f 693/693/693 775/775/775 777/777/777
f 663/663/663 625/625/625 665/665/665
f 767/767/767 713/713/713 717/717/717
f 623/623/623 188/188/188 203/203/203
f 623/623/623 203/203/203 625/625/625
f 401/401/401 693/693/693 691/691/691
f 401/401/401 691/691/691 398/398/398
f 1604/1604/1604 1596/1596/1596 1577/1577/1577
f 1577/1577/1577 1576/1576/1576 1603/1603/1603
f 1577/1577/1577 1603/1603/1603 1604/1604/1604
f 1607/1607/1607 1606/1606/1606 1585/1585/1585
f 1585/1585/1585 1586/1586/1586 1597/1597/1597
f 1585/1585/1585 1597/1597/1597 1607/1607/1607
f 1606/1606/1606 1607/1607/1607 1604/1604/1604
f 1606/1606/1606 1604/1604/1604 1603/1603/1603
f 1592/1592/1592 1602/1602/1602 1603/1603/1603
f 1603/1603/1603 1576/1576/1576 1575/1575/1575
f 1603/1603/1603 1575/1575/1575 1592/1592/1592
f 1594/1594/1594 1584/1584/1584 1585/1585/1585
f 1585/1585/1585 1606/1606/1606 1605/1605/1605
f 1585/1585/1585 1605/1605/1605 1594/1594/1594
f 1576/1576/1576 1585/1585/1585 1584/1584/1584
f 1576/1576/1576 1584/1584/1584 1575/1575/1575
f 1575/1575/1575 1584/1584/1584 1594/1594/1594
f 1575/1575/1575 1594/1594/1594 1592/1592/1592
f 1605/1605/1605 1602/1602/1602 1592/1592/1592
f 1605/1605/1605 1592/1592/1592 1594/1594/1594
f 1606/1606/1606 1603/1603/1603 1602/1602/1602
f 1606/1606/1606 1602/1602/1602 1605/1605/1605
f 1604/1604/1604 1607/1607/1607 1597/1597/1597
f 1604/1604/1604 1597/1597/1597 1596/1596/1596
f 1586/1586/1586 1577/1577/1577 1596/1596/1596
f 1586/1586/1586 1596/1596/1596 1597/1597/1597
f 1394/1394/1394 1388/1388/1388 1384/1384/1384
f 1384/1384/1384 1383/1383/1383 1393/1393/1393
f 1384/1384/1384 1393/1393/1393 1394/1394/1394
f 1348/1348/1348 1347/1347/1347 1335/1335/1335
f 1335/1335/1335 1336/1336/1336 1341/1341/1341
f 1335/1335/1335 1341/1341/1341 1348/1348/1348
f 1347/1347/1347 1348/1348/1348 1394/1394/1394
f 1347/1347/1347 1394/1394/1394 1393/1393/1393
f 1386/1386/1386 1392/1392/1392 1393/1393/1393
f 1393/1393/1393 1383/1383/1383 1382/1382/1382
f 1393/1393/1393 1382/1382/1382 1386/1386/1386
f 1338/1338/1338 1334/1334/1334 1335/1335/1335
f 1335/1335/1335 1347/1347/1347 1346/1346/1346
f 1335/1335/1335 1346/1346/1346 1338/1338/1338
f 1383/1383/1383 1335/1335/1335 1334/1334/1334
f 1383/1383/1383 1334/1334/1334 1382/1382/1382
f 1382/1382/1382 1334/1334/1334 1338/1338/1338
f 1382/1382/1382 1338/1338/1338 1386/1386/1386
f 1346/1346/1346 1392/1392/1392 1386/1386/1386
f 1346/1346/1346 1386/1386/1386 1338/1338/1338
f 1347/1347/1347 1393/1393/1393 1392/1392/1392
f 1347/1347/1347 1392/1392/1392 1346/1346/1346
f 1394/1394/1394 1348/1348/1348 1341/1341/1341
f 1394/1394/1394 1341/1341/1341 1388/1388/1388
f 1336/1336/1336 1384/1384/1384 1388/1388/1388
f 1336/1336/1336 1388/1388/1388 1341/1341/1341
f 921/921/921 912/912/912 907/907/907
f 907/907/907 906/906/906 915/915/915
f 907/907/907 915/915/915 921/921/921
f 848/848/848 849/849/849 891/891/891
f 848/848/848 891/891/891 890/890/890
f 977/977/977 976/976/976 927/927/927
f 977/977/977 927/927/927 926/926/926
f 955/955/955 911/911/911 871/871/871
f 955/955/955 871/871/871 907/907/907
f 1115/1115/1115 1065/1065/1065 1037/1037/1037
f 1115/1115/1115 1037/1037/1037 1061/1061/1061
f 1033/1033/1033 1005/1005/1005 969/969/969
f 1033/1033/1033 969/969/969 1001/1001/1001
f 1325/1325/1325 1328/1328/1328 1327/1327/1327
f 1325/1325/1325 1327/1327/1327 1324/1324/1324
f 1072/1072/1072 1073/1073/1073 1045/1045/1045
f 1072/1072/1072 1045/1045/1045 1044/1044/1044
f 1044/1044/1044 1045/1045/1045 1012/1012/1012
f 1044/1044/1044 1012/1012/1012 1013/1013/1013
f 1013/1013/1013 1012/1012/1012 976/976/976
f 1013/1013/1013 976/976/976 977/977/977
f 1050/1050/1050 1051/1051/1051 1091/1091/1091
f 1050/1050/1050 1091/1091/1091 1090/1090/1090
f 1166/1166/1166 1167/1167/1167 1073/1073/1073
f 1166/1166/1166 1073/1073/1073 1072/1072/1072
f 1016/1016/1016 1017/1017/1017 1051/1051/1051
f 1016/1016/1016 1051/1051/1051 1050/1050/1050
f 990/990/990 991/991/991 1017/1017/1017
f 990/990/990 1017/1017/1017 1016/1016/1016
f 938/938/938 939/939/939 991/991/991
f 938/938/938 991/991/991 990/990/990
f 890/890/890 891/891/891 939/939/939
f 890/890/890 939/939/939 938/938/938
f 1133/1133/1133 1115/1115/1115 1061/1061/1061
f 1133/1133/1133 1061/1061/1061 1066/1066/1066
f 1066/1066/1066 1061/1061/1061 1033/1033/1033
f 1066/1066/1066 1033/1033/1033 1039/1039/1039
f 1039/1039/1039 1033/1033/1033 1001/1001/1001
f 1039/1039/1039 1001/1001/1001 1006/1006/1006
f 1006/1006/1006 1001/1001/1001 955/955/955
f 1006/1006/1006 955/955/955 970/970/970
f 871/871/871 859/859/859 853/853/853
f 853/853/853 857/857/857 870/870/870
f 853/853/853 870/870/870 871/871/871
f 969/969/969 951/951/951 903/903/903
f 969/969/969 903/903/903 911/911/911
f 1005/1005/1005 997/997/997 951/951/951
f 1005/1005/1005 951/951/951 969/969/969
f 1037/1037/1037 1029/1029/1029 997/997/997
f 1037/1037/1037 997/997/997 1005/1005/1005
f 1065/1065/1065 1057/1057/1057 1029/1029/1029
f 1065/1065/1065 1029/1029/1029 1037/1037/1037
f 1101/1101/1101 1055/1055/1055 1054/1054/1054
f 1101/1101/1101 1054/1054/1054 1100/1100/1100
f 975/975/975 914/914/914 915/915/915
f 975/975/975 915/915/915 972/972/972
f 910/910/910 870/870/870 857/857/857
f 910/910/910 857/857/857 901/901/901
f 972/972/972 915/915/915 906/906/906
f 972/972/972 906/906/906 954/954/954
f 954/954/954 906/906/906 870/870/870
f 954/954/954 870/870/870 910/910/910
f 1114/1114/1114 1060/1060/1060 1036/1036/1036
f 1114/1114/1114 1036/1036/1036 1064/1064/1064
f 1032/1032/1032 1000/1000/1000 968/968/968
f 1032/1032/1032 968/968/968 1004/1004/1004
f 1304/1304/1304 1137/1137/1137 1114/1114/1114
f 1114/1114/1114 1253/1253/1253 1257/1257/1257
f 1114/1114/1114 1257/1257/1257 1304/1304/1304
f 1137/1137/1137 1070/1070/1070 1060/1060/1060
f 1137/1137/1137 1060/1060/1060 1114/1114/1114
f 1070/1070/1070 1042/1042/1042 1032/1032/1032
f 1070/1070/1070 1032/1032/1032 1060/1060/1060
f 1042/1042/1042 1011/1011/1011 1000/1000/1000
f 1042/1042/1042 1000/1000/1000 1032/1032/1032
f 1011/1011/1011 972/972/972 954/954/954
f 1011/1011/1011 954/954/954 1000/1000/1000
f 1122/1122/1122 1064/1064/1064 1055/1055/1055
f 1055/1055/1055 1101/1101/1101 1118/1118/1118
f 1055/1055/1055 1118/1118/1118 1122/1122/1122
f 1064/1064/1064 1036/1036/1036 1027/1027/1027
f 1064/1064/1064 1027/1027/1027 1055/1055/1055
f 1036/1036/1036 1004/1004/1004 995/995/995
f 1036/1036/1036 995/995/995 1027/1027/1027
f 1004/1004/1004 968/968/968 949/949/949
f 1004/1004/1004 949/949/949 995/995/995
f 968/968/968 910/910/910 901/901/901
f 968/968/968 901/901/901 949/949/949
f 1136/1136/1136 1137/1137/1137 1304/1304/1304
f 1136/1136/1136 1304/1304/1304 1303/1303/1303
f 1136/1136/1136 1071/1071/1071 1070/1070/1070
f 1136/1136/1136 1070/1070/1070 1137/1137/1137
f 1071/1071/1071 1043/1043/1043 1042/1042/1042
f 1071/1071/1071 1042/1042/1042 1070/1070/1070
f 1043/1043/1043 1010/1010/1010 1011/1011/1011
f 1043/1043/1043 1011/1011/1011 1042/1042/1042
f 1010/1010/1010 975/975/975 972/972/972
f 1010/1010/1010 972/972/972 1011/1011/1011
f 856/856/856 900/900/900 901/901/901
f 856/856/856 901/901/901 857/857/857
f 900/900/900 948/948/948 949/949/949
f 900/900/900 949/949/949 901/901/901
f 948/948/948 994/994/994 995/995/995
f 948/948/948 995/995/995 949/949/949
f 994/994/994 1024/1024/1024 1027/1027/1027
f 994/994/994 1027/1027/1027 995/995/995
f 1024/1024/1024 1054/1054/1054 1055/1055/1055
f 1024/1024/1024 1055/1055/1055 1027/1027/1027
f 848/848/848 890/890/890 900/900/900
f 848/848/848 900/900/900 856/856/856
f 911/911/911 903/903/903 859/859/859
f 911/911/911 859/859/859 871/871/871
f 970/970/970 955/955/955 907/907/907
f 970/970/970 907/907/907 912/912/912
f 1258/1258/1258 1254/1254/1254 1115/1115/1115
f 1115/1115/1115 1133/1133/1133 1296/1296/1296
f 1115/1115/1115 1296/1296/1296 1258/1258/1258
f 1327/1327/1327 1328/1328/1328 1167/1167/1167
f 1327/1327/1327 1167/1167/1167 1166/1166/1166
f 1324/1324/1324 1327/1327/1327 1166/1166/1166
f 1166/1166/1166 1136/1136/1136 1303/1303/1303
f 1166/1166/1166 1303/1303/1303 1324/1324/1324
f 1119/1119/1119 1103/1103/1103 1057/1057/1057
f 1057/1057/1057 1065/1065/1065 1123/1123/1123
f 1057/1057/1057 1123/1123/1123 1119/1119/1119
f 1092/1092/1092 1090/1090/1090 1091/1091/1091
f 1092/1092/1092 1091/1091/1091 1093/1093/1093
f 926/926/926 927/927/927 921/921/921
f 921/921/921 915/915/915 914/914/914
f 921/921/921 914/914/914 926/926/926
f 907/907/907 871/871/871 870/870/870
f 907/907/907 870/870/870 906/906/906
f 1100/1100/1100 1054/1054/1054 1050/1050/1050
f 1050/1050/1050 1090/1090/1090 1092/1092/1092
f 1050/1050/1050 1092/1092/1092 1100/1100/1100
f 1016/1016/1016 1050/1050/1050 1054/1054/1054
f 1016/1016/1016 1054/1054/1054 1024/1024/1024
f 990/990/990 1016/1016/1016 1024/1024/1024
f 990/990/990 1024/1024/1024 994/994/994
f 938/938/938 990/990/990 994/994/994
f 938/938/938 994/994/994 948/948/948
f 890/890/890 938/938/938 948/948/948
f 890/890/890 948/948/948 900/900/900
f 977/977/977 926/926/926 914/914/914
f 977/977/977 914/914/914 975/975/975
f 1013/1013/1013 977/977/977 975/975/975
f 1013/1013/1013 975/975/975 1010/1010/1010
f 1044/1044/1044 1013/1013/1013 1010/1010/1010
f 1044/1044/1044 1010/1010/1010 1043/1043/1043
f 1072/1072/1072 1044/1044/1044 1043/1043/1043
f 1072/1072/1072 1043/1043/1043 1071/1071/1071
f 1166/1166/1166 1072/1072/1072 1071/1071/1071
f 1166/1166/1166 1071/1071/1071 1136/1136/1136
f 1253/1253/1253 1114/1114/1114 1115/1115/1115
f 1253/1253/1253 1115/1115/1115 1254/1254/1254
f 1033/1033/1033 1061/1061/1061 1060/1060/1060
f 1033/1033/1033 1060/1060/1060 1032/1032/1032
f 955/955/955 1001/1001/1001 1000/1000/1000
f 955/955/955 1000/1000/1000 954/954/954
f 1123/1123/1123 1065/1065/1065 1064/1064/1064
f 1123/1123/1123 1064/1064/1064 1122/1122/1122
f 1037/1037/1037 1005/1005/1005 1004/1004/1004
f 1037/1037/1037 1004/1004/1004 1036/1036/1036
f 969/969/969 911/911/911 910/910/910
f 969/969/969 910/910/910 968/968/968
f 1065/1065/1065 1115/1115/1115 1114/1114/1114
f 1065/1065/1065 1114/1114/1114 1064/1064/1064
f 1061/1061/1061 1037/1037/1037 1036/1036/1036
f 1061/1061/1061 1036/1036/1036 1060/1060/1060
f 1005/1005/1005 1033/1033/1033 1032/1032/1032
f 1005/1005/1005 1032/1032/1032 1004/1004/1004
f 1001/1001/1001 969/969/969 968/968/968
f 1001/1001/1001 968/968/968 1000/1000/1000
f 911/911/911 955/955/955 954/954/954
f 911/911/911 954/954/954 910/910/910
f 859/859/859 849/849/849 853/853/853
f 1091/1091/1091 1094/1094/1094 1093/1093/1093
f 927/927/927 912/912/912 921/921/921
f 1326/1326/1326 1328/1328/1328 1325/1325/1325
f 1103/1103/1103 1094/1094/1094 1091/1091/1091
f 1091/1091/1091 1051/1051/1051 1057/1057/1057
f 1091/1091/1091 1057/1057/1057 1103/1103/1103
f 970/970/970 912/912/912 927/927/927
f 970/970/970 927/927/927 976/976/976
f 859/859/859 903/903/903 891/891/891
f 859/859/859 891/891/891 849/849/849
f 903/903/903 951/951/951 939/939/939
f 903/903/903 939/939/939 891/891/891
f 951/951/951 997/997/997 991/991/991
f 951/951/951 991/991/991 939/939/939
f 997/997/997 1029/1029/1029 1017/1017/1017
f 997/997/997 1017/1017/1017 991/991/991
f 1029/1029/1029 1057/1057/1057 1051/1051/1051
f 1029/1029/1029 1051/1051/1051 1017/1017/1017
f 1326/1326/1326 1296/1296/1296 1133/1133/1133
f 1133/1133/1133 1167/1167/1167 1328/1328/1328
f 1133/1133/1133 1328/1328/1328 1326/1326/1326
f 1133/1133/1133 1066/1066/1066 1073/1073/1073
f 1133/1133/1133 1073/1073/1073 1167/1167/1167
f 1066/1066/1066 1039/1039/1039 1045/1045/1045
f 1066/1066/1066 1045/1045/1045 1073/1073/1073
f 1039/1039/1039 1006/1006/1006 1012/1012/1012
f 1039/1039/1039 1012/1012/1012 1045/1045/1045
f 1006/1006/1006 970/970/970 976/976/976
f 1006/1006/1006 976/976/976 1012/1012/1012
f 853/853/853 849/849/849 848/848/848
f 848/848/848 856/856/856 857/857/857
f 848/848/848 857/857/857 853/853/853
f 1324/1324/1324 1303/1303/1303 1304/1304/1304
f 1304/1304/1304 1257/1257/1257 1258/1258/1258
f 1258/1258/1258 1296/1296/1296 1326/1326/1326
f 1325/1325/1325 1324/1324/1324 1304/1304/1304
f 1258/1258/1258 1326/1326/1326 1325/1325/1325
f 1304/1304/1304 1258/1258/1258 1325/1325/1325
f 1254/1254/1254 1258/1258/1258 1257/1257/1257
f 1254/1254/1254 1257/1257/1257 1253/1253/1253
f 1122/1122/1122 1118/1118/1118 1119/1119/1119
f 1122/1122/1122 1119/1119/1119 1123/1123/1123
f 1119/1119/1119 1118/1118/1118 1101/1101/1101
f 1101/1101/1101 1100/1100/1100 1092/1092/1092
f 1093/1093/1093 1094/1094/1094 1103/1103/1103
f 1101/1101/1101 1092/1092/1092 1093/1093/1093
f 1103/1103/1103 1119/1119/1119 1101/1101/1101
f 1101/1101/1101 1093/1093/1093 1103/1103/1103
f 1084/1084/1084 1085/1085/1085 1131/1131/1131
f 1084/1084/1084 1131/1131/1131 1130/1130/1130
f 1130/1130/1130 1131/1131/1131 1181/1181/1181
f 1130/1130/1130 1181/1181/1181 1180/1180/1180
f 1180/1180/1180 1181/1181/1181 1314/1314/1314
f 1180/1180/1180 1314/1314/1314 1313/1313/1313
f 1313/1313/1313 1314/1314/1314 1424/1424/1424
f 1313/1313/1313 1424/1424/1424 1423/1423/1423
f 1423/1423/1423 1424/1424/1424 1518/1518/1518
f 1423/1423/1423 1518/1518/1518 1517/1517/1517
f 1517/1517/1517 1518/1518/1518 1562/1562/1562
f 1517/1517/1517 1562/1562/1562 1561/1561/1561
f 1561/1561/1561 1562/1562/1562 1590/1590/1590
f 1561/1561/1561 1590/1590/1590 1589/1589/1589
f 1589/1589/1589 1590/1590/1590 1574/1574/1574
f 1589/1589/1589 1574/1574/1574 1573/1573/1573
f 1573/1573/1573 1574/1574/1574 1558/1558/1558
f 1573/1573/1573 1558/1558/1558 1557/1557/1557
f 1557/1557/1557 1558/1558/1558 1514/1514/1514
f 1557/1557/1557 1514/1514/1514 1513/1513/1513
f 1513/1513/1513 1514/1514/1514 1402/1402/1402
f 1513/1513/1513 1402/1402/1402 1401/1401/1401
f 1401/1401/1401 1402/1402/1402 1288/1288/1288
f 1401/1401/1401 1288/1288/1288 1287/1287/1287
f 1287/1287/1287 1288/1288/1288 1179/1179/1179
f 1287/1287/1287 1179/1179/1179 1178/1178/1178
f 1178/1178/1178 1179/1179/1179 1127/1127/1127
f 1178/1178/1178 1127/1127/1127 1126/1126/1126
f 1126/1126/1126 1127/1127/1127 1083/1083/1083
f 1126/1126/1126 1083/1083/1083 1082/1082/1082
f 1082/1082/1082 1083/1083/1083 1085/1085/1085
f 1082/1082/1082 1085/1085/1085 1084/1084/1084
f 1111/1111/1111 1147/1147/1147 1131/1131/1131
f 1111/1111/1111 1131/1131/1131 1085/1085/1085
f 1147/1147/1147 1221/1221/1221 1181/1181/1181
f 1147/1147/1147 1181/1181/1181 1131/1131/1131
f 1221/1221/1221 1318/1318/1318 1314/1314/1314
f 1221/1221/1221 1314/1314/1314 1181/1181/1181
f 1318/1318/1318 1414/1414/1414 1424/1424/1424
f 1318/1318/1318 1424/1424/1424 1314/1314/1314
f 1414/1414/1414 1502/1502/1502 1518/1518/1518
f 1414/1414/1414 1518/1518/1518 1424/1424/1424
f 1502/1502/1502 1550/1550/1550 1562/1562/1562
f 1502/1502/1502 1562/1562/1562 1518/1518/1518
f 1550/1550/1550 1568/1568/1568 1590/1590/1590
f 1550/1550/1550 1590/1590/1590 1562/1562/1562
f 1568/1568/1568 1566/1566/1566 1574/1574/1574
f 1568/1568/1568 1574/1574/1574 1590/1590/1590
f 1566/1566/1566 1546/1546/1546 1558/1558/1558
f 1566/1566/1566 1558/1558/1558 1574/1574/1574
f 1546/1546/1546 1482/1482/1482 1514/1514/1514
f 1546/1546/1546 1514/1514/1514 1558/1558/1558
f 1482/1482/1482 1398/1398/1398 1402/1402/1402
f 1482/1482/1482 1402/1402/1402 1514/1514/1514
f 1398/1398/1398 1300/1300/1300 1288/1288/1288
f 1398/1398/1398 1288/1288/1288 1402/1402/1402
f 1300/1300/1300 1201/1201/1201 1179/1179/1179
f 1300/1300/1300 1179/1179/1179 1288/1288/1288
f 1201/1201/1201 1145/1145/1145 1127/1127/1127
f 1201/1201/1201 1127/1127/1127 1179/1179/1179
f 1145/1145/1145 1107/1107/1107 1083/1083/1083
f 1145/1145/1145 1083/1083/1083 1127/1127/1127
f 1107/1107/1107 1111/1111/1111 1085/1085/1085
f 1107/1107/1107 1085/1085/1085 1083/1083/1083
f 1107/1107/1107 1145/1145/1145 1144/1144/1144
f 1107/1107/1107 1144/1144/1144 1106/1106/1106
f 1189/1189/1189 1238/1238/1238 1220/1220/1220
f 1220/1220/1220 1146/1146/1146 1110/1110/1110
f 1110/1110/1110 1106/1106/1106 1144/1144/1144
f 1144/1144/1144 1200/1200/1200 1299/1299/1299
f 1299/1299/1299 1397/1397/1397 1481/1481/1481
f 1481/1481/1481 1464/1464/1464 1440/1440/1440
f 1481/1481/1481 1440/1440/1440 1360/1360/1360
f 1189/1189/1189 1220/1220/1220 1110/1110/1110
f 1163/1163/1163 1189/1189/1189 1110/1110/1110
f 1299/1299/1299 1481/1481/1481 1360/1360/1360
f 1299/1299/1299 1360/1360/1360 1270/1270/1270
f 1141/1141/1141 1163/1163/1163 1110/1110/1110
f 1161/1161/1161 1141/1141/1141 1110/1110/1110
f 1144/1144/1144 1299/1299/1299 1270/1270/1270
f 1144/1144/1144 1270/1270/1270 1187/1187/1187
f 1161/1161/1161 1110/1110/1110 1144/1144/1144
f 1144/1144/1144 1187/1187/1187 1161/1161/1161
f 1510/1510/1510 1464/1464/1464 1481/1481/1481
f 1481/1481/1481 1545/1545/1545 1565/1565/1565
f 1565/1565/1565 1567/1567/1567 1549/1549/1549
f 1549/1549/1549 1501/1501/1501 1413/1413/1413
f 1413/1413/1413 1317/1317/1317 1220/1220/1220
f 1220/1220/1220 1238/1238/1238 1272/1272/1272
f 1220/1220/1220 1272/1272/1272 1366/1366/1366
f 1510/1510/1510 1481/1481/1481 1565/1565/1565
f 1534/1534/1534 1510/1510/1510 1565/1565/1565
f 1413/1413/1413 1220/1220/1220 1366/1366/1366
f 1413/1413/1413 1366/1366/1366 1442/1442/1442
f 1552/1552/1552 1534/1534/1534 1565/1565/1565
f 1536/1536/1536 1552/1552/1552 1565/1565/1565
f 1549/1549/1549 1413/1413/1413 1442/1442/1442
f 1549/1549/1549 1442/1442/1442 1512/1512/1512
f 1536/1536/1536 1565/1565/1565 1549/1549/1549
f 1549/1549/1549 1512/1512/1512 1536/1536/1536
f 1566/1566/1566 1568/1568/1568 1567/1567/1567
f 1566/1566/1566 1567/1567/1567 1565/1565/1565
f 1147/1147/1147 1111/1111/1111 1110/1110/1110
f 1147/1147/1147 1110/1110/1110 1146/1146/1146
f 1111/1111/1111 1107/1107/1107 1106/1106/1106
f 1111/1111/1111 1106/1106/1106 1110/1110/1110
f 1546/1546/1546 1566/1566/1566 1565/1565/1565
f 1546/1546/1546 1565/1565/1565 1545/1545/1545
f 1221/1221/1221 1147/1147/1147 1146/1146/1146
f 1221/1221/1221 1146/1146/1146 1220/1220/1220
f 1482/1482/1482 1546/1546/1546 1545/1545/1545
f 1482/1482/1482 1545/1545/1545 1481/1481/1481
f 1318/1318/1318 1221/1221/1221 1220/1220/1220
f 1318/1318/1318 1220/1220/1220 1317/1317/1317
f 1398/1398/1398 1482/1482/1482 1481/1481/1481
f 1398/1398/1398 1481/1481/1481 1397/1397/1397
f 1414/1414/1414 1318/1318/1318 1317/1317/1317
f 1414/1414/1414 1317/1317/1317 1413/1413/1413
f 1300/1300/1300 1398/1398/1398 1397/1397/1397
f 1300/1300/1300 1397/1397/1397 1299/1299/1299
f 1502/1502/1502 1414/1414/1414 1413/1413/1413
f 1502/1502/1502 1413/1413/1413 1501/1501/1501
f 1201/1201/1201 1300/1300/1300 1299/1299/1299
f 1201/1201/1201 1299/1299/1299 1200/1200/1200
f 1550/1550/1550 1502/1502/1502 1501/1501/1501
f 1550/1550/1550 1501/1501/1501 1549/1549/1549
f 1145/1145/1145 1201/1201/1201 1200/1200/1200
f 1145/1145/1145 1200/1200/1200 1144/1144/1144
f 1568/1568/1568 1550/1550/1550 1549/1549/1549
f 1568/1568/1568 1549/1549/1549 1567/1567/1567
f 1150/1150/1150 1082/1082/1082 1084/1084/1084
f 1084/1084/1084 1130/1130/1130 1180/1180/1180
f 1180/1180/1180 1313/1313/1313 1423/1423/1423
f 1423/1423/1423 1517/1517/1517 1561/1561/1561
f 1561/1561/1561 1589/1589/1589 1542/1542/1542
f 1561/1561/1561 1542/1542/1542 1535/1535/1535
f 1140/1140/1140 1150/1150/1150 1084/1084/1084
f 1162/1162/1162 1140/1140/1140 1084/1084/1084
f 1561/1561/1561 1535/1535/1535 1511/1511/1511
f 1561/1561/1561 1511/1511/1511 1441/1441/1441
f 1162/1162/1162 1084/1084/1084 1180/1180/1180
f 1188/1188/1188 1162/1162/1162 1180/1180/1180
f 1423/1423/1423 1561/1561/1561 1441/1441/1441
f 1423/1423/1423 1441/1441/1441 1365/1365/1365
f 1271/1271/1271 1188/1188/1188 1180/1180/1180
f 1423/1423/1423 1365/1365/1365 1271/1271/1271
f 1180/1180/1180 1423/1423/1423 1271/1271/1271
f 1551/1551/1551 1542/1542/1542 1589/1589/1589
f 1589/1589/1589 1573/1573/1573 1557/1557/1557
f 1557/1557/1557 1513/1513/1513 1401/1401/1401
f 1401/1401/1401 1287/1287/1287 1178/1178/1178
f 1178/1178/1178 1126/1126/1126 1082/1082/1082
f 1082/1082/1082 1150/1150/1150 1160/1160/1160
f 1082/1082/1082 1160/1160/1160 1186/1186/1186
f 1551/1551/1551 1589/1589/1589 1557/1557/1557
f 1533/1533/1533 1551/1551/1551 1557/1557/1557
f 1178/1178/1178 1082/1082/1082 1186/1186/1186
f 1178/1178/1178 1186/1186/1186 1269/1269/1269
f 1509/1509/1509 1533/1533/1533 1557/1557/1557
f 1439/1439/1439 1509/1509/1509 1557/1557/1557
f 1401/1401/1401 1178/1178/1178 1269/1269/1269
f 1401/1401/1401 1269/1269/1269 1359/1359/1359
f 1439/1439/1439 1557/1557/1557 1401/1401/1401
f 1401/1401/1401 1359/1359/1359 1439/1439/1439
f 1511/1511/1511 1535/1535/1535 1536/1536/1536
f 1511/1511/1511 1536/1536/1536 1512/1512/1512
f 1551/1551/1551 1552/1552/1552 1536/1536/1536
f 1536/1536/1536 1535/1535/1535 1542/1542/1542
f 1536/1536/1536 1542/1542/1542 1551/1551/1551
f 1552/1552/1552 1551/1551/1551 1533/1533/1533
f 1552/1552/1552 1533/1533/1533 1534/1534/1534
f 1533/1533/1533 1509/1509/1509 1510/1510/1510
f 1533/1533/1533 1510/1510/1510 1534/1534/1534
f 1510/1510/1510 1509/1509/1509 1439/1439/1439
f 1439/1439/1439 1440/1440/1440 1464/1464/1464
f 1439/1439/1439 1464/1464/1464 1510/1510/1510
f 1359/1359/1359 1360/1360/1360 1440/1440/1440
f 1359/1359/1359 1440/1440/1440 1439/1439/1439
f 1269/1269/1269 1270/1270/1270 1360/1360/1360
f 1269/1269/1269 1360/1360/1360 1359/1359/1359
f 1186/1186/1186 1187/1187/1187 1270/1270/1270
f 1186/1186/1186 1270/1270/1270 1269/1269/1269
f 1160/1160/1160 1161/1161/1161 1187/1187/1187
f 1160/1160/1160 1187/1187/1187 1186/1186/1186
f 1141/1141/1141 1161/1161/1161 1160/1160/1160
f 1150/1150/1150 1140/1140/1140 1141/1141/1141
f 1160/1160/1160 1150/1150/1150 1141/1141/1141
f 1162/1162/1162 1163/1163/1163 1141/1141/1141
f 1162/1162/1162 1141/1141/1141 1140/1140/1140
f 1188/1188/1188 1189/1189/1189 1163/1163/1163
f 1188/1188/1188 1163/1163/1163 1162/1162/1162
f 1188/1188/1188 1271/1271/1271 1272/1272/1272
f 1238/1238/1238 1189/1189/1189 1188/1188/1188
f 1272/1272/1272 1238/1238/1238 1188/1188/1188
f 1366/1366/1366 1272/1272/1272 1271/1271/1271
f 1366/1366/1366 1271/1271/1271 1365/1365/1365
f 1366/1366/1366 1365/1365/1365 1441/1441/1441
f 1366/1366/1366 1441/1441/1441 1442/1442/1442
f 1441/1441/1441 1511/1511/1511 1512/1512/1512
f 1441/1441/1441 1512/1512/1512 1442/1442/1442
f 48/48/48 72/72/72 51/51/51
f 72/72/72 47/47/47 71/71/71
f 72/72/72 48/48/48 47/47/47
f 39/39/39 65/65/65 38/38/38
f 65/65/65 50/50/50 66/66/66
f 65/65/65 39/39/39 50/50/50
f 38/38/38 48/48/48 39/39/39
f 38/38/38 47/47/47 48/48/48
f 56/56/56 47/47/47 46/46/46
f 47/47/47 70/70/70 71/71/71
f 47/47/47 56/56/56 70/70/70
f 54/54/54 65/65/65 64/64/64
f 65/65/65 37/37/37 38/38/38
f 65/65/65 54/54/54 37/37/37
f 71/71/71 64/64/64 65/65/65
f 71/71/71 70/70/70 64/64/64
f 70/70/70 54/54/54 64/64/64
f 70/70/70 56/56/56 54/54/54
f 37/37/37 56/56/56 46/46/46
f 37/37/37 54/54/54 56/56/56
f 38/38/38 46/46/46 47/47/47
f 38/38/38 37/37/37 46/46/46
f 48/48/48 50/50/50 39/39/39
f 48/48/48 51/51/51 50/50/50
f 66/66/66 51/51/51 72/72/72
f 66/66/66 50/50/50 51/51/51
f 258/258/258 268/268/268 260/260/260
f 268/268/268 257/257/257 267/267/267
f 268/268/268 258/258/258 257/257/257
f 304/304/304 315/315/315 303/303/303
f 315/315/315 306/306/306 316/316/316
f 315/315/315 304/304/304 306/306/306
f 303/303/303 258/258/258 304/304/304
f 303/303/303 257/257/257 258/258/258
f 262/262/262 257/257/257 256/256/256
f 257/257/257 266/266/266 267/267/267
f 257/257/257 262/262/262 266/266/266
f 310/310/310 315/315/315 314/314/314
f 315/315/315 302/302/302 303/303/303
f 315/315/315 310/310/310 302/302/302
f 267/267/267 314/314/314 315/315/315
f 267/267/267 266/266/266 314/314/314
f 266/266/266 310/310/310 314/314/314
f 266/266/266 262/262/262 310/310/310
f 302/302/302 262/262/262 256/256/256
f 302/302/302 310/310/310 262/262/262
f 303/303/303 256/256/256 257/257/257
f 303/303/303 302/302/302 256/256/256
f 258/258/258 306/306/306 304/304/304
f 258/258/258 260/260/260 306/306/306
f 316/316/316 260/260/260 268/268/268
f 316/316/316 306/306/306 260/260/260
f 716/716/716 732/732/732 724/724/724
f 732/732/732 722/722/722 731/731/731
f 732/732/732 716/716/716 722/722/722
f 805/805/805 766/766/766 806/806/806
f 805/805/805 765/765/765 766/766/766
f 669/669/669 712/712/712 670/670/670
f 669/669/669 711/711/711 712/712/712
f 684/684/684 786/786/786 728/728/728
f 684/684/684 732/732/732 786/786/786
f 532/532/532 610/610/610 582/582/582
f 532/532/532 586/586/586 610/610/610
f 616/616/616 680/680/680 644/644/644
f 616/616/616 648/648/648 680/680/680
f 325/325/325 319/319/319 320/320/320
f 325/325/325 324/324/324 319/319/319
f 573/573/573 602/602/602 574/574/574
f 573/573/573 601/601/601 602/602/602
f 601/601/601 634/634/634 602/602/602
f 601/601/601 633/633/633 634/634/634
f 633/633/633 670/670/670 634/634/634
f 633/633/633 669/669/669 670/670/670
f 595/595/595 558/558/558 596/596/596
f 595/595/595 557/557/557 558/558/558
f 481/481/481 574/574/574 482/482/482
f 481/481/481 573/573/573 574/574/574
f 627/627/627 596/596/596 628/628/628
f 627/627/627 595/595/595 596/596/596
f 657/657/657 628/628/628 658/658/658
f 657/657/657 627/627/627 628/628/628
f 697/697/697 658/658/658 698/698/698
f 697/697/697 657/657/657 658/658/658
f 765/765/765 698/698/698 766/766/766
f 765/765/765 697/697/697 698/698/698
f 514/514/514 586/586/586 532/532/532
f 514/514/514 580/580/580 586/586/586
f 580/580/580 616/616/616 586/586/586
f 580/580/580 608/608/608 616/616/616
f 608/608/608 648/648/648 616/616/616
f 608/608/608 639/639/639 648/648/648
f 639/639/639 684/684/684 648/648/648
f 639/639/639 675/675/675 684/684/684
f 786/786/786 798/798/798 792/792/792
f 798/798/798 785/785/785 796/796/796
f 798/798/798 786/786/786 785/785/785
f 680/680/680 733/733/733 685/685/685
f 680/680/680 728/728/728 733/733/733
f 644/644/644 685/685/685 650/650/650
f 644/644/644 680/680/680 685/685/685
f 610/610/610 650/650/650 618/618/618
f 610/610/610 644/644/644 650/650/650
f 582/582/582 618/618/618 590/590/590
f 582/582/582 610/610/610 618/618/618
f 548/548/548 593/593/593 594/594/594
f 548/548/548 547/547/547 593/593/593
f 671/671/671 722/722/722 721/721/721
f 671/671/671 672/672/672 722/722/722
f 727/727/727 796/796/796 785/785/785
f 727/727/727 738/738/738 796/796/796
f 672/672/672 731/731/731 722/722/722
f 672/672/672 683/683/683 731/731/731
f 683/683/683 785/785/785 731/731/731
f 683/683/683 727/727/727 785/785/785
f 531/531/531 609/609/609 585/585/585
f 531/531/531 581/581/581 609/609/609
f 615/615/615 679/679/679 647/647/647
f 615/615/615 643/643/643 679/679/679
f 344/344/344 531/531/531 512/512/512
f 531/531/531 391/391/391 395/395/395
f 531/531/531 344/344/344 391/391/391
f 512/512/512 585/585/585 578/578/578
f 512/512/512 531/531/531 585/585/585
f 578/578/578 615/615/615 606/606/606
f 578/578/578 585/585/585 615/615/615
f 606/606/606 647/647/647 636/636/636
f 606/606/606 615/615/615 647/647/647
f 636/636/636 683/683/683 672/672/672
f 636/636/636 647/647/647 683/683/683
f 525/525/525 594/594/594 581/581/581
f 594/594/594 529/529/529 548/548/548
f 594/594/594 525/525/525 529/529/529
f 581/581/581 622/622/622 609/609/609
f 581/581/581 594/594/594 622/622/622
f 609/609/609 654/654/654 643/643/643
f 609/609/609 622/622/622 654/654/654
f 643/643/643 690/690/690 679/679/679
f 643/643/643 654/654/654 690/690/690
f 679/679/679 738/738/738 727/727/727
f 679/679/679 690/690/690 738/738/738
f 511/511/511 344/344/344 512/512/512
f 511/511/511 343/343/343 344/344/344
f 511/511/511 578/578/578 577/577/577
f 511/511/511 512/512/512 578/578/578
f 577/577/577 606/606/606 605/605/605
f 577/577/577 578/578/578 606/606/606
f 605/605/605 636/636/636 635/635/635
f 605/605/605 606/606/606 636/636/636
f 635/635/635 672/672/672 671/671/671
f 635/635/635 636/636/636 672/672/672
f 795/795/795 738/738/738 737/737/737
f 795/795/795 796/796/796 738/738/738
f 737/737/737 690/690/690 689/689/689
f 737/737/737 738/738/738 690/690/690
f 689/689/689 654/654/654 653/653/653
f 689/689/689 690/690/690 654/654/654
f 653/653/653 622/622/622 621/621/621
f 653/653/653 654/654/654 622/622/622
f 621/621/621 594/594/594 593/593/593
f 621/621/621 622/622/622 594/594/594
f 805/805/805 737/737/737 765/765/765
f 805/805/805 795/795/795 737/737/737
f 728/728/728 792/792/792 733/733/733
f 728/728/728 786/786/786 792/792/792
f 675/675/675 732/732/732 684/684/684
f 675/675/675 724/724/724 732/732/732
f 392/392/392 532/532/532 396/396/396
f 532/532/532 352/352/352 514/514/514
f 532/532/532 392/392/392 352/352/352
f 319/319/319 482/482/482 320/320/320
f 319/319/319 481/481/481 482/482/482
f 324/324/324 481/481/481 319/319/319
f 481/481/481 343/343/343 511/511/511
f 481/481/481 324/324/324 343/343/343
f 530/530/530 590/590/590 544/544/544
f 590/590/590 526/526/526 582/582/582
f 590/590/590 530/530/530 526/526/526
f 552/552/552 558/558/558 557/557/557
f 552/552/552 553/553/553 558/558/558
f 711/711/711 716/716/716 712/712/712
f 716/716/716 721/721/721 722/722/722
f 716/716/716 711/711/711 721/721/721
f 732/732/732 785/785/785 786/786/786
f 732/732/732 731/731/731 785/785/785
f 547/547/547 595/595/595 593/593/593
f 595/595/595 552/552/552 557/557/557
f 595/595/595 547/547/547 552/552/552
f 627/627/627 593/593/593 595/595/595
f 627/627/627 621/621/621 593/593/593
f 657/657/657 621/621/621 627/627/627
f 657/657/657 653/653/653 621/621/621
f 697/697/697 653/653/653 657/657/657
f 697/697/697 689/689/689 653/653/653
f 765/765/765 689/689/689 697/697/697
f 765/765/765 737/737/737 689/689/689
f 669/669/669 721/721/721 711/711/711
f 669/669/669 671/671/671 721/721/721
f 633/633/633 671/671/671 669/669/669
f 633/633/633 635/635/635 671/671/671
f 601/601/601 635/635/635 633/633/633
f 601/601/601 605/605/605 635/635/635
f 573/573/573 605/605/605 601/601/601
f 573/573/573 577/577/577 605/605/605
f 481/481/481 577/577/577 573/573/573
f 481/481/481 511/511/511 577/577/577
f 395/395/395 532/532/532 531/531/531
f 395/395/395 396/396/396 532/532/532
f 616/616/616 585/585/585 586/586/586
f 616/616/616 615/615/615 585/585/585
f 684/684/684 647/647/647 648/648/648
f 684/684/684 683/683/683 647/647/647
f 526/526/526 581/581/581 582/582/582
f 526/526/526 525/525/525 581/581/581
f 610/610/610 643/643/643 644/644/644
f 610/610/610 609/609/609 643/643/643
f 680/680/680 727/727/727 728/728/728
f 680/680/680 679/679/679 727/727/727
f 582/582/582 531/531/531 532/532/532
f 582/582/582 581/581/581 531/531/531
f 586/586/586 609/609/609 610/610/610
f 586/586/586 585/585/585 609/609/609
f 644/644/644 615/615/615 616/616/616
f 644/644/644 643/643/643 615/615/615
f 648/648/648 679/679/679 680/680/680
f 648/648/648 647/647/647 679/679/679
f 728/728/728 683/683/683 684/684/684
f 728/728/728 727/727/727 683/683/683
f 792/792/792 798/798/798 806/806/806
f 558/558/558 553/553/553 554/554/554
f 712/712/712 716/716/716 724/724/724
f 326/326/326 325/325/325 320/320/320
f 544/544/544 558/558/558 554/554/554
f 558/558/558 590/590/590 596/596/596
f 558/558/558 544/544/544 590/590/590
f 675/675/675 712/712/712 724/724/724
f 675/675/675 670/670/670 712/712/712
f 792/792/792 766/766/766 733/733/733
f 792/792/792 806/806/806 766/766/766
f 733/733/733 698/698/698 685/685/685
f 733/733/733 766/766/766 698/698/698
f 685/685/685 658/658/658 650/650/650
f 685/685/685 698/698/698 658/658/658
f 650/650/650 628/628/628 618/618/618
f 650/650/650 658/658/658 628/628/628
f 618/618/618 596/596/596 590/590/590
f 618/618/618 628/628/628 596/596/596
f 326/326/326 514/514/514 352/352/352
f 514/514/514 320/320/320 482/482/482
f 514/514/514 326/326/326 320/320/320
f 514/514/514 574/574/574 580/580/580
f 514/514/514 482/482/482 574/574/574
f 580/580/580 602/602/602 608/608/608
f 580/580/580 574/574/574 602/602/602
f 608/608/608 634/634/634 639/639/639
f 608/608/608 602/602/602 634/634/634
f 639/639/639 670/670/670 675/675/675
f 639/639/639 634/634/634 670/670/670
f 798/798/798 805/805/805 806/806/806
f 805/805/805 796/796/796 795/795/795
f 805/805/805 798/798/798 796/796/796
f 324/324/324 344/344/344 343/343/343
f 344/344/344 392/392/392 391/391/391
f 392/392/392 326/326/326 352/352/352
f 325/325/325 344/344/344 324/324/324
f 392/392/392 325/325/325 326/326/326
f 344/344/344 325/325/325 392/392/392
f 396/396/396 391/391/391 392/392/392
f 396/396/396 395/395/395 391/391/391
f 525/525/525 530/530/530 529/529/529
f 525/525/525 526/526/526 530/530/530
f 530/530/530 548/548/548 529/529/529
f 548/548/548 552/552/552 547/547/547
f 553/553/553 544/544/544 554/554/554
f 548/548/548 553/553/553 552/552/552
f 544/544/544 548/548/548 530/530/530
f 548/548/548 544/544/544 553/553/553
f 559/559/559 518/518/518 560/560/560
f 559/559/559 517/517/517 518/518/518
f 517/517/517 466/466/466 518/518/518
f 517/517/517 465/465/465 466/466/466
f 465/465/465 334/334/334 466/466/466
f 465/465/465 333/333/333 334/334/334
f 333/333/333 226/226/226 334/334/334
f 333/333/333 225/225/225 226/226/226
f 225/225/225 130/130/130 226/226/226
f 225/225/225 129/129/129 130/130/130
f 129/129/129 88/88/88 130/130/130
f 129/129/129 87/87/87 88/88/88
f 87/87/87 60/60/60 88/88/88
f 87/87/87 59/59/59 60/60/60
f 59/59/59 74/74/74 60/60/60
f 59/59/59 73/73/73 74/74/74
f 73/73/73 92/92/92 74/74/74
f 73/73/73 91/91/91 92/92/92
f 91/91/91 134/134/134 92/92/92
f 91/91/91 133/133/133 134/134/134
f 133/133/133 246/246/246 134/134/134
f 133/133/133 245/245/245 246/246/246
f 245/245/245 360/360/360 246/246/246
f 245/245/245 359/359/359 360/360/360
f 359/359/359 470/470/470 360/360/360
f 359/359/359 469/469/469 470/470/470
f 469/469/469 522/522/522 470/470/470
f 469/469/469 521/521/521 522/522/522
f 521/521/521 566/566/566 522/522/522
f 521/521/521 565/565/565 566/566/566
f 565/565/565 560/560/560 566/566/566
f 565/565/565 559/559/559 560/560/560
f 538/538/538 518/518/518 500/500/500
f 538/538/538 560/560/560 518/518/518
f 500/500/500 466/466/466 428/428/428
f 500/500/500 518/518/518 466/466/466
f 428/428/428 334/334/334 328/328/328
f 428/428/428 466/466/466 334/334/334
f 328/328/328 226/226/226 234/234/234
f 328/328/328 334/334/334 226/226/226
f 234/234/234 130/130/130 148/148/148
f 234/234/234 226/226/226 130/130/130
f 148/148/148 88/88/88 100/100/100
f 148/148/148 130/130/130 88/88/88
f 100/100/100 60/60/60 80/80/80
f 100/100/100 88/88/88 60/60/60
f 80/80/80 74/74/74 84/84/84
f 80/80/80 60/60/60 74/74/74
f 84/84/84 92/92/92 104/104/104
f 84/84/84 74/74/74 92/92/92
f 104/104/104 134/134/134 168/168/168
f 104/104/104 92/92/92 134/134/134
f 168/168/168 246/246/246 252/252/252
f 168/168/168 134/134/134 246/246/246
f 252/252/252 360/360/360 350/350/350
f 252/252/252 246/246/246 360/360/360
f 350/350/350 470/470/470 448/448/448
f 350/350/350 360/360/360 470/470/470
f 448/448/448 522/522/522 502/502/502
f 448/448/448 470/470/470 522/522/522
f 502/502/502 566/566/566 542/542/542
f 502/502/502 522/522/522 566/566/566
f 542/542/542 560/560/560 538/538/538
f 542/542/542 566/566/566 560/560/560
f 542/542/542 501/501/501 502/502/502
f 542/542/542 541/541/541 501/501/501
f 462/462/462 427/427/427 410/410/410
f 427/427/427 537/537/537 499/499/499
f 537/537/537 501/501/501 541/541/541
f 501/501/501 349/349/349 447/447/447
f 349/349/349 167/167/167 251/251/251
f 167/167/167 210/210/210 184/184/184
f 167/167/167 278/278/278 210/210/210
f 462/462/462 537/537/537 427/427/427
f 490/490/490 537/537/537 462/462/462
f 349/349/349 278/278/278 167/167/167
f 349/349/349 378/378/378 278/278/278
f 508/508/508 537/537/537 490/490/490
f 486/486/486 537/537/537 508/508/508
f 501/501/501 378/378/378 349/349/349
f 501/501/501 460/460/460 378/378/378
f 486/486/486 501/501/501 537/537/537
f 501/501/501 486/486/486 460/460/460
f 140/140/140 167/167/167 184/184/184
f 167/167/167 83/83/83 103/103/103
f 83/83/83 99/99/99 79/79/79
f 99/99/99 233/233/233 147/147/147
f 233/233/233 427/427/427 327/327/327
f 427/427/427 380/380/380 410/410/410
f 427/427/427 280/280/280 380/380/380
f 140/140/140 83/83/83 167/167/167
f 116/116/116 83/83/83 140/140/140
f 233/233/233 280/280/280 427/427/427
f 233/233/233 212/212/212 280/280/280
f 96/96/96 83/83/83 116/116/116
f 118/118/118 83/83/83 96/96/96
f 99/99/99 212/212/212 233/233/233
f 99/99/99 142/142/142 212/212/212
f 118/118/118 99/99/99 83/83/83
f 99/99/99 118/118/118 142/142/142
f 84/84/84 79/79/79 80/80/80
f 84/84/84 83/83/83 79/79/79
f 500/500/500 537/537/537 538/538/538
f 500/500/500 499/499/499 537/537/537
f 538/538/538 541/541/541 542/542/542
f 538/538/538 537/537/537 541/541/541
f 104/104/104 83/83/83 84/84/84
f 104/104/104 103/103/103 83/83/83
f 428/428/428 499/499/499 500/500/500
f 428/428/428 427/427/427 499/499/499
f 168/168/168 103/103/103 104/104/104
f 168/168/168 167/167/167 103/103/103
f 328/328/328 427/427/427 428/428/428
f 328/328/328 327/327/327 427/427/427
f 252/252/252 167/167/167 168/168/168
f 252/252/252 251/251/251 167/167/167
f 234/234/234 327/327/327 328/328/328
f 234/234/234 233/233/233 327/327/327
f 350/350/350 251/251/251 252/252/252
f 350/350/350 349/349/349 251/251/251
f 148/148/148 233/233/233 234/234/234
f 148/148/148 147/147/147 233/233/233
f 448/448/448 349/349/349 350/350/350
f 448/448/448 447/447/447 349/349/349
f 100/100/100 147/147/147 148/148/148
f 100/100/100 99/99/99 147/147/147
f 502/502/502 447/447/447 448/448/448
f 502/502/502 501/501/501 447/447/447
f 80/80/80 99/99/99 100/100/100
f 80/80/80 79/79/79 99/99/99
f 496/496/496 559/559/559 565/565/565
f 559/559/559 465/465/465 517/517/517
f 465/465/465 225/225/225 333/333/333
f 225/225/225 87/87/87 129/129/129
f 87/87/87 105/105/105 59/59/59
f 87/87/87 117/117/117 105/105/105
f 507/507/507 559/559/559 496/496/496
f 489/489/489 559/559/559 507/507/507
f 87/87/87 141/141/141 117/117/117
f 87/87/87 211/211/211 141/141/141
f 489/489/489 465/465/465 559/559/559
f 461/461/461 465/465/465 489/489/489
f 225/225/225 211/211/211 87/87/87
f 225/225/225 279/279/279 211/211/211
f 379/379/379 465/465/465 461/461/461
f 225/225/225 379/379/379 279/279/279
f 465/465/465 379/379/379 225/225/225
f 95/95/95 59/59/59 105/105/105
f 59/59/59 91/91/91 73/73/73
f 91/91/91 245/245/245 133/133/133
f 245/245/245 469/469/469 359/359/359
f 469/469/469 565/565/565 521/521/521
f 565/565/565 485/485/485 496/496/496
f 565/565/565 459/459/459 485/485/485
f 95/95/95 91/91/91 59/59/59
f 115/115/115 91/91/91 95/95/95
f 469/469/469 459/459/459 565/565/565
f 469/469/469 377/377/377 459/459/459
f 139/139/139 91/91/91 115/115/115
f 209/209/209 91/91/91 139/139/139
f 245/245/245 377/377/377 469/469/469
f 245/245/245 277/277/277 377/377/377
f 209/209/209 245/245/245 91/91/91
f 245/245/245 209/209/209 277/277/277
f 141/141/141 118/118/118 117/117/117
f 141/141/141 142/142/142 118/118/118
f 95/95/95 118/118/118 96/96/96
f 118/118/118 105/105/105 117/117/117
f 118/118/118 95/95/95 105/105/105
f 96/96/96 115/115/115 95/95/95
f 96/96/96 116/116/116 115/115/115
f 115/115/115 140/140/140 139/139/139
f 115/115/115 116/116/116 140/140/140
f 140/140/140 209/209/209 139/139/139
f 209/209/209 184/184/184 210/210/210
f 209/209/209 140/140/140 184/184/184
f 277/277/277 210/210/210 278/278/278
f 277/277/277 209/209/209 210/210/210
f 377/377/377 278/278/278 378/378/378
f 377/377/377 277/277/277 278/278/278
f 459/459/459 378/378/378 460/460/460
f 459/459/459 377/377/377 378/378/378
f 485/485/485 460/460/460 486/486/486
f 485/485/485 459/459/459 460/460/460
f 508/508/508 485/485/485 486/486/486
f 496/496/496 508/508/508 507/507/507
f 485/485/485 508/508/508 496/496/496
f 489/489/489 508/508/508 490/490/490
f 489/489/489 507/507/507 508/508/508
f 461/461/461 490/490/490 462/462/462
f 461/461/461 489/489/489 490/490/490
f 461/461/461 380/380/380 379/379/379
f 410/410/410 461/461/461 462/462/462
f 380/380/380 461/461/461 410/410/410
f 280/280/280 379/379/379 380/380/380
f 280/280/280 279/279/279 379/379/379
f 280/280/280 211/211/211 279/279/279
f 280/280/280 212/212/212 211/211/211
f 211/211/211 142/142/142 141/141/141
f 211/211/211 212/212/212 142/142/142
f 1601/1601/1601 1580/1580/1580 1595/1595/1595
f 1580/1580/1580 1600/1600/1600 1579/1579/1579
f 1580/1580/1580 1601/1601/1601 1600/1600/1600
f 1610/1610/1610 1582/1582/1582 1609/1609/1609
f 1582/1582/1582 1598/1598/1598 1583/1583/1583
f 1582/1582/1582 1610/1610/1610 1598/1598/1598
f 1609/1609/1609 1601/1601/1601 1610/1610/1610
f 1609/1609/1609 1600/1600/1600 1601/1601/1601
f 1591/1591/1591 1600/1600/1600 1599/1599/1599
f 1600/1600/1600 1578/1578/1578 1579/1579/1579
f 1600/1600/1600 1591/1591/1591 1578/1578/1578
f 1593/1593/1593 1582/1582/1582 1581/1581/1581
f 1582/1582/1582 1608/1608/1608 1609/1609/1609
f 1582/1582/1582 1593/1593/1593 1608/1608/1608
f 1579/1579/1579 1581/1581/1581 1582/1582/1582
f 1579/1579/1579 1578/1578/1578 1581/1581/1581
f 1578/1578/1578 1593/1593/1593 1581/1581/1581
f 1578/1578/1578 1591/1591/1591 1593/1593/1593
f 1608/1608/1608 1591/1591/1591 1599/1599/1599
f 1608/1608/1608 1593/1593/1593 1591/1591/1591
f 1609/1609/1609 1599/1599/1599 1600/1600/1600
f 1609/1609/1609 1608/1608/1608 1599/1599/1599
f 1601/1601/1601 1598/1598/1598 1610/1610/1610
f 1601/1601/1601 1595/1595/1595 1598/1598/1598
f 1583/1583/1583 1595/1595/1595 1580/1580/1580
f 1583/1583/1583 1598/1598/1598 1595/1595/1595
f 1391/1391/1391 1381/1381/1381 1387/1387/1387
f 1381/1381/1381 1390/1390/1390 1380/1380/1380
f 1381/1381/1381 1391/1391/1391 1390/1390/1390
f 1345/1345/1345 1332/1332/1332 1344/1344/1344
f 1332/1332/1332 1342/1342/1342 1333/1333/1333
f 1332/1332/1332 1345/1345/1345 1342/1342/1342
f 1344/1344/1344 1391/1391/1391 1345/1345/1345
f 1344/1344/1344 1390/1390/1390 1391/1391/1391
f 1385/1385/1385 1390/1390/1390 1389/1389/1389
f 1390/1390/1390 1379/1379/1379 1380/1380/1380
f 1390/1390/1390 1385/1385/1385 1379/1379/1379
f 1337/1337/1337 1332/1332/1332 1331/1331/1331
f 1332/1332/1332 1343/1343/1343 1344/1344/1344
f 1332/1332/1332 1337/1337/1337 1343/1343/1343
f 1380/1380/1380 1331/1331/1331 1332/1332/1332
f 1380/1380/1380 1379/1379/1379 1331/1331/1331
f 1379/1379/1379 1337/1337/1337 1331/1331/1331
f 1379/1379/1379 1385/1385/1385 1337/1337/1337
f 1343/1343/1343 1385/1385/1385 1389/1389/1389
f 1343/1343/1343 1337/1337/1337 1385/1385/1385
f 1344/1344/1344 1389/1389/1389 1390/1390/1390
f 1344/1344/1344 1343/1343/1343 1389/1389/1389
f 1391/1391/1391 1342/1342/1342 1345/1345/1345
f 1391/1391/1391 1387/1387/1387 1342/1342/1342
f 1333/1333/1333 1387/1387/1387 1381/1381/1381
f 1333/1333/1333 1342/1342/1342 1387/1387/1387
f 920/920/920 905/905/905 913/913/913
f 905/905/905 917/917/917 904/904/904
f 905/905/905 920/920/920 917/917/917
f 850/850/850 893/893/893 851/851/851
f 850/850/850 892/892/892 893/893/893
f 978/978/978 925/925/925 979/979/979
f 978/978/978 924/924/924 925/925/925
f 953/953/953 873/873/873 909/909/909
f 953/953/953 905/905/905 873/873/873
f 1113/1113/1113 1035/1035/1035 1063/1063/1063
f 1113/1113/1113 1059/1059/1059 1035/1035/1035
f 1031/1031/1031 967/967/967 1003/1003/1003
f 1031/1031/1031 999/999/999 967/967/967
f 1322/1322/1322 1329/1329/1329 1330/1330/1330
f 1322/1322/1322 1321/1321/1321 1329/1329/1329
f 1074/1074/1074 1047/1047/1047 1075/1075/1075
f 1074/1074/1074 1046/1046/1046 1047/1047/1047
f 1046/1046/1046 1015/1015/1015 1047/1047/1047
f 1046/1046/1046 1014/1014/1014 1015/1015/1015
f 1014/1014/1014 979/979/979 1015/1015/1015
f 1014/1014/1014 978/978/978 979/979/979
f 1048/1048/1048 1089/1089/1089 1049/1049/1049
f 1048/1048/1048 1088/1088/1088 1089/1089/1089
f 1164/1164/1164 1075/1075/1075 1165/1165/1165
f 1164/1164/1164 1074/1074/1074 1075/1075/1075
f 1018/1018/1018 1049/1049/1049 1019/1019/1019
f 1018/1018/1018 1048/1048/1048 1049/1049/1049
f 988/988/988 1019/1019/1019 989/989/989
f 988/988/988 1018/1018/1018 1019/1019/1019
f 940/940/940 989/989/989 941/941/941
f 940/940/940 988/988/988 989/989/989
f 892/892/892 941/941/941 893/893/893
f 892/892/892 940/940/940 941/941/941
f 1132/1132/1132 1059/1059/1059 1113/1113/1113
f 1132/1132/1132 1067/1067/1067 1059/1059/1059
f 1067/1067/1067 1031/1031/1031 1059/1059/1059
f 1067/1067/1067 1038/1038/1038 1031/1031/1031
f 1038/1038/1038 999/999/999 1031/1031/1031
f 1038/1038/1038 1007/1007/1007 999/999/999
f 1007/1007/1007 953/953/953 999/999/999
f 1007/1007/1007 971/971/971 953/953/953
f 873/873/873 852/852/852 858/858/858
f 852/852/852 872/872/872 855/855/855
f 852/852/852 873/873/873 872/872/872
f 967/967/967 902/902/902 950/950/950
f 967/967/967 909/909/909 902/902/902
f 1003/1003/1003 950/950/950 996/996/996
f 1003/1003/1003 967/967/967 950/950/950
f 1035/1035/1035 996/996/996 1028/1028/1028
f 1035/1035/1035 1003/1003/1003 996/996/996
f 1063/1063/1063 1028/1028/1028 1056/1056/1056
f 1063/1063/1063 1035/1035/1035 1028/1028/1028
f 1099/1099/1099 1052/1052/1052 1053/1053/1053
f 1099/1099/1099 1098/1098/1098 1052/1052/1052
f 973/973/973 917/917/917 916/916/916
f 973/973/973 974/974/974 917/917/917
f 908/908/908 855/855/855 872/872/872
f 908/908/908 899/899/899 855/855/855
f 974/974/974 904/904/904 917/917/917
f 974/974/974 952/952/952 904/904/904
f 952/952/952 872/872/872 904/904/904
f 952/952/952 908/908/908 872/872/872
f 1112/1112/1112 1034/1034/1034 1058/1058/1058
f 1112/1112/1112 1062/1062/1062 1034/1034/1034
f 1030/1030/1030 966/966/966 998/998/998
f 1030/1030/1030 1002/1002/1002 966/966/966
f 1302/1302/1302 1112/1112/1112 1135/1135/1135
f 1112/1112/1112 1255/1255/1255 1251/1251/1251
f 1112/1112/1112 1302/1302/1302 1255/1255/1255
f 1135/1135/1135 1058/1058/1058 1069/1069/1069
f 1135/1135/1135 1112/1112/1112 1058/1058/1058
f 1069/1069/1069 1030/1030/1030 1041/1041/1041
f 1069/1069/1069 1058/1058/1058 1030/1030/1030
f 1041/1041/1041 998/998/998 1009/1009/1009
f 1041/1041/1041 1030/1030/1030 998/998/998
f 1009/1009/1009 952/952/952 974/974/974
f 1009/1009/1009 998/998/998 952/952/952
f 1120/1120/1120 1053/1053/1053 1062/1062/1062
f 1053/1053/1053 1116/1116/1116 1099/1099/1099
f 1053/1053/1053 1120/1120/1120 1116/1116/1116
f 1062/1062/1062 1026/1026/1026 1034/1034/1034
f 1062/1062/1062 1053/1053/1053 1026/1026/1026
f 1034/1034/1034 993/993/993 1002/1002/1002
f 1034/1034/1034 1026/1026/1026 993/993/993
f 1002/1002/1002 947/947/947 966/966/966
f 1002/1002/1002 993/993/993 947/947/947
f 966/966/966 899/899/899 908/908/908
f 966/966/966 947/947/947 899/899/899
f 1134/1134/1134 1302/1302/1302 1135/1135/1135
f 1134/1134/1134 1301/1301/1301 1302/1302/1302
f 1134/1134/1134 1069/1069/1069 1068/1068/1068
f 1134/1134/1134 1135/1135/1135 1069/1069/1069
f 1068/1068/1068 1041/1041/1041 1040/1040/1040
f 1068/1068/1068 1069/1069/1069 1041/1041/1041
f 1040/1040/1040 1009/1009/1009 1008/1008/1008
f 1040/1040/1040 1041/1041/1041 1009/1009/1009
f 1008/1008/1008 974/974/974 973/973/973
f 1008/1008/1008 1009/1009/1009 974/974/974
f 854/854/854 899/899/899 898/898/898
f 854/854/854 855/855/855 899/899/899
f 898/898/898 947/947/947 946/946/946
f 898/898/898 899/899/899 947/947/947
f 946/946/946 993/993/993 992/992/992
f 946/946/946 947/947/947 993/993/993
f 992/992/992 1026/1026/1026 1025/1025/1025
f 992/992/992 993/993/993 1026/1026/1026
f 1025/1025/1025 1053/1053/1053 1052/1052/1052
f 1025/1025/1025 1026/1026/1026 1053/1053/1053
f 850/850/850 898/898/898 892/892/892
f 850/850/850 854/854/854 898/898/898
f 909/909/909 858/858/858 902/902/902
f 909/909/909 873/873/873 858/858/858
f 971/971/971 905/905/905 953/953/953
f 971/971/971 913/913/913 905/905/905
f 1256/1256/1256 1113/1113/1113 1252/1252/1252
f 1113/1113/1113 1295/1295/1295 1132/1132/1132
f 1113/1113/1113 1256/1256/1256 1295/1295/1295
f 1329/1329/1329 1165/1165/1165 1330/1330/1330
f 1329/1329/1329 1164/1164/1164 1165/1165/1165
f 1321/1321/1321 1164/1164/1164 1329/1329/1329
f 1164/1164/1164 1301/1301/1301 1134/1134/1134
f 1164/1164/1164 1321/1321/1321 1301/1301/1301
f 1117/1117/1117 1056/1056/1056 1102/1102/1102
f 1056/1056/1056 1121/1121/1121 1063/1063/1063
f 1056/1056/1056 1117/1117/1117 1121/1121/1121
f 1095/1095/1095 1089/1089/1089 1088/1088/1088
f 1095/1095/1095 1096/1096/1096 1089/1089/1089
f 924/924/924 920/920/920 925/925/925
f 920/920/920 916/916/916 917/917/917
f 920/920/920 924/924/924 916/916/916
f 905/905/905 872/872/872 873/873/873
f 905/905/905 904/904/904 872/872/872
f 1098/1098/1098 1048/1048/1048 1052/1052/1052
f 1048/1048/1048 1095/1095/1095 1088/1088/1088
f 1048/1048/1048 1098/1098/1098 1095/1095/1095
f 1018/1018/1018 1052/1052/1052 1048/1048/1048
f 1018/1018/1018 1025/1025/1025 1052/1052/1052
f 988/988/988 1025/1025/1025 1018/1018/1018
f 988/988/988 992/992/992 1025/1025/1025
f 940/940/940 992/992/992 988/988/988
f 940/940/940 946/946/946 992/992/992
f 892/892/892 946/946/946 940/940/940
f 892/892/892 898/898/898 946/946/946
f 978/978/978 916/916/916 924/924/924
f 978/978/978 973/973/973 916/916/916
f 1014/1014/1014 973/973/973 978/978/978
f 1014/1014/1014 1008/1008/1008 973/973/973
f 1046/1046/1046 1008/1008/1008 1014/1014/1014
f 1046/1046/1046 1040/1040/1040 1008/1008/1008
f 1074/1074/1074 1040/1040/1040 1046/1046/1046
f 1074/1074/1074 1068/1068/1068 1040/1040/1040
f 1164/1164/1164 1068/1068/1068 1074/1074/1074
f 1164/1164/1164 1134/1134/1134 1068/1068/1068
f 1251/1251/1251 1113/1113/1113 1112/1112/1112
f 1251/1251/1251 1252/1252/1252 1113/1113/1113
f 1031/1031/1031 1058/1058/1058 1059/1059/1059
f 1031/1031/1031 1030/1030/1030 1058/1058/1058
f 953/953/953 998/998/998 999/999/999
f 953/953/953 952/952/952 998/998/998
f 1121/1121/1121 1062/1062/1062 1063/1063/1063
f 1121/1121/1121 1120/1120/1120 1062/1062/1062
f 1035/1035/1035 1002/1002/1002 1003/1003/1003
f 1035/1035/1035 1034/1034/1034 1002/1002/1002
f 967/967/967 908/908/908 909/909/909
f 967/967/967 966/966/966 908/908/908
f 1063/1063/1063 1112/1112/1112 1113/1113/1113
f 1063/1063/1063 1062/1062/1062 1112/1112/1112
f 1059/1059/1059 1034/1034/1034 1035/1035/1035
f 1059/1059/1059 1058/1058/1058 1034/1034/1034
f 1003/1003/1003 1030/1030/1030 1031/1031/1031
f 1003/1003/1003 1002/1002/1002 1030/1030/1030
f 999/999/999 966/966/966 967/967/967
f 999/999/999 998/998/998 966/966/966
f 909/909/909 952/952/952 953/953/953
f 909/909/909 908/908/908 952/952/952
f 858/858/858 852/852/852 851/851/851
f 1089/1089/1089 1096/1096/1096 1097/1097/1097
f 925/925/925 920/920/920 913/913/913
f 1323/1323/1323 1322/1322/1322 1330/1330/1330
f 1102/1102/1102 1089/1089/1089 1097/1097/1097
f 1089/1089/1089 1056/1056/1056 1049/1049/1049
f 1089/1089/1089 1102/1102/1102 1056/1056/1056
f 971/971/971 925/925/925 913/913/913
f 971/971/971 979/979/979 925/925/925
f 858/858/858 893/893/893 902/902/902
f 858/858/858 851/851/851 893/893/893
f 902/902/902 941/941/941 950/950/950
f 902/902/902 893/893/893 941/941/941
f 950/950/950 989/989/989 996/996/996
f 950/950/950 941/941/941 989/989/989
f 996/996/996 1019/1019/1019 1028/1028/1028
f 996/996/996 989/989/989 1019/1019/1019
f 1028/1028/1028 1049/1049/1049 1056/1056/1056
f 1028/1028/1028 1019/1019/1019 1049/1049/1049
f 1323/1323/1323 1132/1132/1132 1295/1295/1295
f 1132/1132/1132 1330/1330/1330 1165/1165/1165
f 1132/1132/1132 1323/1323/1323 1330/1330/1330
f 1132/1132/1132 1075/1075/1075 1067/1067/1067
f 1132/1132/1132 1165/1165/1165 1075/1075/1075
f 1067/1067/1067 1047/1047/1047 1038/1038/1038
f 1067/1067/1067 1075/1075/1075 1047/1047/1047
f 1038/1038/1038 1015/1015/1015 1007/1007/1007
f 1038/1038/1038 1047/1047/1047 1015/1015/1015
f 1007/1007/1007 979/979/979 971/971/971
f 1007/1007/1007 1015/1015/1015 979/979/979
f 852/852/852 850/850/850 851/851/851
f 850/850/850 855/855/855 854/854/854
f 850/850/850 852/852/852 855/855/855
f 1321/1321/1321 1302/1302/1302 1301/1301/1301
f 1302/1302/1302 1256/1256/1256 1255/1255/1255
f 1256/1256/1256 1323/1323/1323 1295/1295/1295
f 1322/1322/1322 1302/1302/1302 1321/1321/1321
f 1256/1256/1256 1322/1322/1322 1323/1323/1323
f 1302/1302/1302 1322/1322/1322 1256/1256/1256
f 1252/1252/1252 1255/1255/1255 1256/1256/1256
f 1252/1252/1252 1251/1251/1251 1255/1255/1255
f 1120/1120/1120 1117/1117/1117 1116/1116/1116
f 1120/1120/1120 1121/1121/1121 1117/1117/1117
f 1117/1117/1117 1099/1099/1099 1116/1116/1116
f 1099/1099/1099 1095/1095/1095 1098/1098/1098
f 1096/1096/1096 1102/1102/1102 1097/1097/1097
f 1099/1099/1099 1096/1096/1096 1095/1095/1095
f 1102/1102/1102 1099/1099/1099 1117/1117/1117
f 1099/1099/1099 1102/1102/1102 1096/1096/1096
f 1086/1086/1086 1129/1129/1129 1087/1087/1087
f 1086/1086/1086 1128/1128/1128 1129/1129/1129
f 1128/1128/1128 1183/1183/1183 1129/1129/1129
f 1128/1128/1128 1182/1182/1182 1183/1183/1183
f 1182/1182/1182 1312/1312/1312 1183/1183/1183
f 1182/1182/1182 1311/1311/1311 1312/1312/1312
f 1311/1311/1311 1422/1422/1422 1312/1312/1312
f 1311/1311/1311 1421/1421/1421 1422/1422/1422
f 1421/1421/1421 1520/1520/1520 1422/1422/1422
f 1421/1421/1421 1519/1519/1519 1520/1520/1520
f 1519/1519/1519 1560/1560/1560 1520/1520/1520
f 1519/1519/1519 1559/1559/1559 1560/1560/1560
f 1559/1559/1559 1588/1588/1588 1560/1560/1560
f 1559/1559/1559 1587/1587/1587 1588/1588/1588
f 1587/1587/1587 1572/1572/1572 1588/1588/1588
f 1587/1587/1587 1571/1571/1571 1572/1572/1572
f 1571/1571/1571 1556/1556/1556 1572/1572/1572
f 1571/1571/1571 1555/1555/1555 1556/1556/1556
f 1555/1555/1555 1516/1516/1516 1556/1556/1556
f 1555/1555/1555 1515/1515/1515 1516/1516/1516
f 1515/1515/1515 1404/1404/1404 1516/1516/1516
f 1515/1515/1515 1403/1403/1403 1404/1404/1404
f 1403/1403/1403 1286/1286/1286 1404/1404/1404
f 1403/1403/1403 1285/1285/1285 1286/1286/1286
f 1285/1285/1285 1177/1177/1177 1286/1286/1286
f 1285/1285/1285 1176/1176/1176 1177/1177/1177
f 1176/1176/1176 1125/1125/1125 1177/1177/1177
f 1176/1176/1176 1124/1124/1124 1125/1125/1125
f 1124/1124/1124 1081/1081/1081 1125/1125/1125
f 1124/1124/1124 1080/1080/1080 1081/1081/1081
f 1080/1080/1080 1087/1087/1087 1081/1081/1081
f 1080/1080/1080 1086/1086/1086 1087/1087/1087
f 1109/1109/1109 1129/1129/1129 1149/1149/1149
f 1109/1109/1109 1087/1087/1087 1129/1129/1129
f 1149/1149/1149 1183/1183/1183 1219/1219/1219
f 1149/1149/1149 1129/1129/1129 1183/1183/1183
f 1219/1219/1219 1312/1312/1312 1320/1320/1320
f 1219/1219/1219 1183/1183/1183 1312/1312/1312
f 1320/1320/1320 1422/1422/1422 1412/1412/1412
f 1320/1320/1320 1312/1312/1312 1422/1422/1422
f 1412/1412/1412 1520/1520/1520 1500/1500/1500
f 1412/1412/1412 1422/1422/1422 1520/1520/1520
f 1500/1500/1500 1560/1560/1560 1548/1548/1548
f 1500/1500/1500 1520/1520/1520 1560/1560/1560
f 1548/1548/1548 1588/1588/1588 1570/1570/1570
f 1548/1548/1548 1560/1560/1560 1588/1588/1588
f 1570/1570/1570 1572/1572/1572 1564/1564/1564
f 1570/1570/1570 1588/1588/1588 1572/1572/1572
f 1564/1564/1564 1556/1556/1556 1544/1544/1544
f 1564/1564/1564 1572/1572/1572 1556/1556/1556
f 1544/1544/1544 1516/1516/1516 1480/1480/1480
f 1544/1544/1544 1556/1556/1556 1516/1516/1516
f 1480/1480/1480 1404/1404/1404 1396/1396/1396
f 1480/1480/1480 1516/1516/1516 1404/1404/1404
f 1396/1396/1396 1286/1286/1286 1298/1298/1298
f 1396/1396/1396 1404/1404/1404 1286/1286/1286
f 1298/1298/1298 1177/1177/1177 1199/1199/1199
f 1298/1298/1298 1286/1286/1286 1177/1177/1177
f 1199/1199/1199 1125/1125/1125 1143/1143/1143
f 1199/1199/1199 1177/1177/1177 1125/1125/1125
f 1143/1143/1143 1081/1081/1081 1105/1105/1105
f 1143/1143/1143 1125/1125/1125 1081/1081/1081
f 1105/1105/1105 1087/1087/1087 1109/1109/1109
f 1105/1105/1105 1081/1081/1081 1087/1087/1087
f 1105/1105/1105 1142/1142/1142 1143/1143/1143
f 1105/1105/1105 1104/1104/1104 1142/1142/1142
f 1185/1185/1185 1218/1218/1218 1237/1237/1237
f 1218/1218/1218 1108/1108/1108 1148/1148/1148
f 1108/1108/1108 1142/1142/1142 1104/1104/1104
f 1142/1142/1142 1297/1297/1297 1198/1198/1198
f 1297/1297/1297 1479/1479/1479 1395/1395/1395
f 1479/1479/1479 1438/1438/1438 1463/1463/1463
f 1479/1479/1479 1358/1358/1358 1438/1438/1438
f 1185/1185/1185 1108/1108/1108 1218/1218/1218
f 1157/1157/1157 1108/1108/1108 1185/1185/1185
f 1297/1297/1297 1358/1358/1358 1479/1479/1479
f 1297/1297/1297 1268/1268/1268 1358/1358/1358
f 1139/1139/1139 1108/1108/1108 1157/1157/1157
f 1159/1159/1159 1108/1108/1108 1139/1139/1139
f 1142/1142/1142 1268/1268/1268 1297/1297/1297
f 1142/1142/1142 1191/1191/1191 1268/1268/1268
f 1159/1159/1159 1142/1142/1142 1108/1108/1108
f 1142/1142/1142 1159/1159/1159 1191/1191/1191
f 1508/1508/1508 1479/1479/1479 1463/1463/1463
f 1479/1479/1479 1563/1563/1563 1543/1543/1543
f 1563/1563/1563 1547/1547/1547 1569/1569/1569
f 1547/1547/1547 1411/1411/1411 1499/1499/1499
f 1411/1411/1411 1218/1218/1218 1319/1319/1319
f 1218/1218/1218 1274/1274/1274 1237/1237/1237
f 1218/1218/1218 1356/1356/1356 1274/1274/1274
f 1508/1508/1508 1563/1563/1563 1479/1479/1479
f 1532/1532/1532 1563/1563/1563 1508/1508/1508
f 1411/1411/1411 1356/1356/1356 1218/1218/1218
f 1411/1411/1411 1436/1436/1436 1356/1356/1356
f 1554/1554/1554 1563/1563/1563 1532/1532/1532
f 1530/1530/1530 1563/1563/1563 1554/1554/1554
f 1547/1547/1547 1436/1436/1436 1411/1411/1411
f 1547/1547/1547 1506/1506/1506 1436/1436/1436
f 1530/1530/1530 1547/1547/1547 1563/1563/1563
f 1547/1547/1547 1530/1530/1530 1506/1506/1506
f 1564/1564/1564 1569/1569/1569 1570/1570/1570
f 1564/1564/1564 1563/1563/1563 1569/1569/1569
f 1149/1149/1149 1108/1108/1108 1109/1109/1109
f 1149/1149/1149 1148/1148/1148 1108/1108/1108
f 1109/1109/1109 1104/1104/1104 1105/1105/1105
f 1109/1109/1109 1108/1108/1108 1104/1104/1104
f 1544/1544/1544 1563/1563/1563 1564/1564/1564
f 1544/1544/1544 1543/1543/1543 1563/1563/1563
f 1219/1219/1219 1148/1148/1148 1149/1149/1149
f 1219/1219/1219 1218/1218/1218 1148/1148/1148
f 1480/1480/1480 1543/1543/1543 1544/1544/1544
f 1480/1480/1480 1479/1479/1479 1543/1543/1543
f 1320/1320/1320 1218/1218/1218 1219/1219/1219
f 1320/1320/1320 1319/1319/1319 1218/1218/1218
f 1396/1396/1396 1479/1479/1479 1480/1480/1480
f 1396/1396/1396 1395/1395/1395 1479/1479/1479
f 1412/1412/1412 1319/1319/1319 1320/1320/1320
f 1412/1412/1412 1411/1411/1411 1319/1319/1319
f 1298/1298/1298 1395/1395/1395 1396/1396/1396
f 1298/1298/1298 1297/1297/1297 1395/1395/1395
f 1500/1500/1500 1411/1411/1411 1412/1412/1412
f 1500/1500/1500 1499/1499/1499 1411/1411/1411
f 1199/1199/1199 1297/1297/1297 1298/1298/1298
f 1199/1199/1199 1198/1198/1198 1297/1297/1297
f 1548/1548/1548 1499/1499/1499 1500/1500/1500
f 1548/1548/1548 1547/1547/1547 1499/1499/1499
f 1143/1143/1143 1198/1198/1198 1199/1199/1199
f 1143/1143/1143 1142/1142/1142 1198/1198/1198
f 1570/1570/1570 1547/1547/1547 1548/1548/1548
f 1570/1570/1570 1569/1569/1569 1547/1547/1547
f 1151/1151/1151 1086/1086/1086 1080/1080/1080
f 1086/1086/1086 1182/1182/1182 1128/1128/1128
f 1182/1182/1182 1421/1421/1421 1311/1311/1311
f 1421/1421/1421 1559/1559/1559 1519/1519/1519
f 1559/1559/1559 1541/1541/1541 1587/1587/1587
f 1559/1559/1559 1529/1529/1529 1541/1541/1541
f 1138/1138/1138 1086/1086/1086 1151/1151/1151
f 1156/1156/1156 1086/1086/1086 1138/1138/1138
f 1559/1559/1559 1505/1505/1505 1529/1529/1529
f 1559/1559/1559 1435/1435/1435 1505/1505/1505
f 1156/1156/1156 1182/1182/1182 1086/1086/1086
f 1184/1184/1184 1182/1182/1182 1156/1156/1156
f 1421/1421/1421 1435/1435/1435 1559/1559/1559
f 1421/1421/1421 1355/1355/1355 1435/1435/1435
f 1273/1273/1273 1182/1182/1182 1184/1184/1184
f 1421/1421/1421 1273/1273/1273 1355/1355/1355
f 1182/1182/1182 1273/1273/1273 1421/1421/1421
f 1553/1553/1553 1587/1587/1587 1541/1541/1541
f 1587/1587/1587 1555/1555/1555 1571/1571/1571
f 1555/1555/1555 1403/1403/1403 1515/1515/1515
f 1403/1403/1403 1176/1176/1176 1285/1285/1285
f 1176/1176/1176 1080/1080/1080 1124/1124/1124
f 1080/1080/1080 1158/1158/1158 1151/1151/1151
f 1080/1080/1080 1190/1190/1190 1158/1158/1158
f 1553/1553/1553 1555/1555/1555 1587/1587/1587
f 1531/1531/1531 1555/1555/1555 1553/1553/1553
f 1176/1176/1176 1190/1190/1190 1080/1080/1080
f 1176/1176/1176 1267/1267/1267 1190/1190/1190
f 1507/1507/1507 1555/1555/1555 1531/1531/1531
f 1437/1437/1437 1555/1555/1555 1507/1507/1507
f 1403/1403/1403 1267/1267/1267 1176/1176/1176
f 1403/1403/1403 1357/1357/1357 1267/1267/1267
f 1437/1437/1437 1403/1403/1403 1555/1555/1555
f 1403/1403/1403 1437/1437/1437 1357/1357/1357
f 1505/1505/1505 1530/1530/1530 1529/1529/1529
f 1505/1505/1505 1506/1506/1506 1530/1530/1530
f 1553/1553/1553 1530/1530/1530 1554/1554/1554
f 1530/1530/1530 1541/1541/1541 1529/1529/1529
f 1530/1530/1530 1553/1553/1553 1541/1541/1541
f 1554/1554/1554 1531/1531/1531 1553/1553/1553
f 1554/1554/1554 1532/1532/1532 1531/1531/1531
f 1531/1531/1531 1508/1508/1508 1507/1507/1507
f 1531/1531/1531 1532/1532/1532 1508/1508/1508
f 1508/1508/1508 1437/1437/1437 1507/1507/1507
f 1437/1437/1437 1463/1463/1463 1438/1438/1438
f 1437/1437/1437 1508/1508/1508 1463/1463/1463
f 1357/1357/1357 1438/1438/1438 1358/1358/1358
f 1357/1357/1357 1437/1437/1437 1438/1438/1438
f 1267/1267/1267 1358/1358/1358 1268/1268/1268
f 1267/1267/1267 1357/1357/1357 1358/1358/1358
f 1190/1190/1190 1268/1268/1268 1191/1191/1191
f 1190/1190/1190 1267/1267/1267 1268/1268/1268
f 1158/1158/1158 1191/1191/1191 1159/1159/1159
f 1158/1158/1158 1190/1190/1190 1191/1191/1191
f 1139/1139/1139 1158/1158/1158 1159/1159/1159
f 1151/1151/1151 1139/1139/1139 1138/1138/1138
f 1158/1158/1158 1139/1139/1139 1151/1151/1151
f 1156/1156/1156 1139/1139/1139 1157/1157/1157
f 1156/1156/1156 1138/1138/1138 1139/1139/1139
f 1184/1184/1184 1157/1157/1157 1185/1185/1185
f 1184/1184/1184 1156/1156/1156 1157/1157/1157
f 1184/1184/1184 1274/1274/1274 1273/1273/1273
f 1237/1237/1237 1184/1184/1184 1185/1185/1185
f 1274/1274/1274 1184/1184/1184 1237/1237/1237
f 1356/1356/1356 1273/1273/1273 1274/1274/1274
f 1356/1356/1356 1355/1355/1355 1273/1273/1273
f 1356/1356/1356 1435/1435/1435 1355/1355/1355
f 1356/1356/1356 1436/1436/1436 1435/1435/1435
f 1435/1435/1435 1506/1506/1506 1505/1505/1505
f 1435/1435/1435 1436/1436/1436 1506/1506/1506
f 45/45/45 52/52/52 69/69/69
f 69/69/69 68/68/68 44/44/44
f 69/69/69 44/44/44 45/45/45
f 42/42/42 41/41/41 62/62/62
f 62/62/62 63/63/63 49/49/49
f 62/62/62 49/49/49 42/42/42
f 41/41/41 42/42/42 45/45/45
f 41/41/41 45/45/45 44/44/44
f 55/55/55 43/43/43 44/44/44
f 44/44/44 68/68/68 67/67/67
f 44/44/44 67/67/67 55/55/55
f 53/53/53 61/61/61 62/62/62
f 62/62/62 41/41/41 40/40/40
f 62/62/62 40/40/40 53/53/53
f 68/68/68 62/62/62 61/61/61
f 68/68/68 61/61/61 67/67/67
f 67/67/67 61/61/61 53/53/53
f 67/67/67 53/53/53 55/55/55
f 40/40/40 43/43/43 55/55/55
f 40/40/40 55/55/55 53/53/53
f 41/41/41 44/44/44 43/43/43
f 41/41/41 43/43/43 40/40/40
f 45/45/45 42/42/42 49/49/49
f 45/45/45 49/49/49 52/52/52
f 63/63/63 69/69/69 52/52/52
f 63/63/63 52/52/52 49/49/49
f 255/255/255 259/259/259 265/265/265
f 265/265/265 264/264/264 254/254/254
f 265/265/265 254/254/254 255/255/255
f 301/301/301 300/300/300 312/312/312
f 312/312/312 313/313/313 305/305/305
f 312/312/312 305/305/305 301/301/301
f 300/300/300 301/301/301 255/255/255
f 300/300/300 255/255/255 254/254/254
f 261/261/261 253/253/253 254/254/254
f 254/254/254 264/264/264 263/263/263
f 254/254/254 263/263/263 261/261/261
f 309/309/309 311/311/311 312/312/312
f 312/312/312 300/300/300 299/299/299
f 312/312/312 299/299/299 309/309/309
f 264/264/264 312/312/312 311/311/311
f 264/264/264 311/311/311 263/263/263
f 263/263/263 311/311/311 309/309/309
f 263/263/263 309/309/309 261/261/261
f 299/299/299 253/253/253 261/261/261
f 299/299/299 261/261/261 309/309/309
f 300/300/300 254/254/254 253/253/253
f 300/300/300 253/253/253 299/299/299
f 255/255/255 301/301/301 305/305/305
f 255/255/255 305/305/305 259/259/259
f 313/313/313 265/265/265 259/259/259
f 313/313/313 259/259/259 305/305/305
f 715/715/715 723/723/723 730/730/730
f 730/730/730 729/729/729 720/720/720
f 730/730/730 720/720/720 715/715/715
f 803/803/803 804/804/804 764/764/764
f 803/803/803 764/764/764 763/763/763
f 667/667/667 668/668/668 710/710/710
f 667/667/667 710/710/710 709/709/709
f 682/682/682 726/726/726 784/784/784
f 682/682/682 784/784/784 730/730/730
f 534/534/534 584/584/584 612/612/612
f 534/534/534 612/612/612 588/588/588
f 614/614/614 642/642/642 678/678/678
f 614/614/614 678/678/678 646/646/646
f 322/322/322 318/318/318 317/317/317
f 322/322/322 317/317/317 321/321/321
f 571/571/571 572/572/572 600/600/600
f 571/571/571 600/600/600 599/599/599
f 599/599/599 600/600/600 632/632/632
f 599/599/599 632/632/632 631/631/631
f 631/631/631 632/632/632 668/668/668
f 631/631/631 668/668/668 667/667/667
f 597/597/597 598/598/598 556/556/556
f 597/597/597 556/556/556 555/555/555
f 479/479/479 480/480/480 572/572/572
f 479/479/479 572/572/572 571/571/571
f 629/629/629 630/630/630 598/598/598
f 629/629/629 598/598/598 597/597/597
f 655/655/655 656/656/656 630/630/630
f 655/655/655 630/630/630 629/629/629
f 695/695/695 696/696/696 656/656/656
f 695/695/695 656/656/656 655/655/655
f 763/763/763 764/764/764 696/696/696
f 763/763/763 696/696/696 695/695/695
f 513/513/513 534/534/534 588/588/588
f 513/513/513 588/588/588 579/579/579
f 579/579/579 588/588/588 614/614/614
f 579/579/579 614/614/614 607/607/607
f 607/607/607 614/614/614 646/646/646
f 607/607/607 646/646/646 640/640/640
f 640/640/640 646/646/646 682/682/682
f 640/640/640 682/682/682 676/676/676
f 784/784/784 791/791/791 797/797/797
f 797/797/797 794/794/794 783/783/783
f 797/797/797 783/783/783 784/784/784
f 678/678/678 686/686/686 734/734/734
f 678/678/678 734/734/734 726/726/726
f 642/642/642 649/649/649 686/686/686
f 642/642/642 686/686/686 678/678/678
f 612/612/612 617/617/617 649/649/649
f 612/612/612 649/649/649 642/642/642
f 584/584/584 589/589/589 617/617/617
f 584/584/584 617/617/617 612/612/612
f 546/546/546 592/592/592 591/591/591
f 546/546/546 591/591/591 545/545/545
f 673/673/673 719/719/719 720/720/720
f 673/673/673 720/720/720 674/674/674
f 725/725/725 783/783/783 794/794/794
f 725/725/725 794/794/794 736/736/736
f 674/674/674 720/720/720 729/729/729
f 674/674/674 729/729/729 681/681/681
f 681/681/681 729/729/729 783/783/783
f 681/681/681 783/783/783 725/725/725
f 533/533/533 587/587/587 611/611/611
f 533/533/533 611/611/611 583/583/583
f 613/613/613 645/645/645 677/677/677
f 613/613/613 677/677/677 641/641/641
f 346/346/346 510/510/510 533/533/533
f 533/533/533 393/393/393 389/389/389
f 533/533/533 389/389/389 346/346/346
f 510/510/510 576/576/576 587/587/587
f 510/510/510 587/587/587 533/533/533
f 576/576/576 604/604/604 613/613/613
f 576/576/576 613/613/613 587/587/587
f 604/604/604 638/638/638 645/645/645
f 604/604/604 645/645/645 613/613/613
f 638/638/638 674/674/674 681/681/681
f 638/638/638 681/681/681 645/645/645
f 523/523/523 583/583/583 592/592/592
f 592/592/592 546/546/546 527/527/527
f 592/592/592 527/527/527 523/523/523
f 583/583/583 611/611/611 620/620/620
f 583/583/583 620/620/620 592/592/592
f 611/611/611 641/641/641 652/652/652
f 611/611/611 652/652/652 620/620/620
f 641/641/641 677/677/677 688/688/688
f 641/641/641 688/688/688 652/652/652
f 677/677/677 725/725/725 736/736/736
f 677/677/677 736/736/736 688/688/688
f 509/509/509 510/510/510 346/346/346
f 509/509/509 346/346/346 345/345/345
f 509/509/509 575/575/575 576/576/576
f 509/509/509 576/576/576 510/510/510
f 575/575/575 603/603/603 604/604/604
f 575/575/575 604/604/604 576/576/576
f 603/603/603 637/637/637 638/638/638
f 603/603/603 638/638/638 604/604/604
f 637/637/637 673/673/673 674/674/674
f 637/637/637 674/674/674 638/638/638
f 793/793/793 735/735/735 736/736/736
f 793/793/793 736/736/736 794/794/794
f 735/735/735 687/687/687 688/688/688
f 735/735/735 688/688/688 736/736/736
f 687/687/687 651/651/651 652/652/652
f 687/687/687 652/652/652 688/688/688
f 651/651/651 619/619/619 620/620/620
f 651/651/651 620/620/620 652/652/652
f 619/619/619 591/591/591 592/592/592
f 619/619/619 592/592/592 620/620/620
f 803/803/803 763/763/763 735/735/735
f 803/803/803 735/735/735 793/793/793
f 726/726/726 734/734/734 791/791/791
f 726/726/726 791/791/791 784/784/784
f 676/676/676 682/682/682 730/730/730
f 676/676/676 730/730/730 723/723/723
f 390/390/390 394/394/394 534/534/534
f 534/534/534 513/513/513 351/351/351
f 534/534/534 351/351/351 390/390/390
f 317/317/317 318/318/318 480/480/480
f 317/317/317 480/480/480 479/479/479
f 321/321/321 317/317/317 479/479/479
f 479/479/479 509/509/509 345/345/345
f 479/479/479 345/345/345 321/321/321
f 528/528/528 543/543/543 589/589/589
f 589/589/589 584/584/584 524/524/524
f 589/589/589 524/524/524 528/528/528
f 549/549/549 555/555/555 556/556/556
f 549/549/549 556/556/556 550/550/550
f 709/709/709 710/710/710 715/715/715
f 715/715/715 720/720/720 719/719/719
f 715/715/715 719/719/719 709/709/709
f 730/730/730 784/784/784 783/783/783
f 730/730/730 783/783/783 729/729/729
f 545/545/545 591/591/591 597/597/597
f 597/597/597 555/555/555 549/549/549
f 597/597/597 549/549/549 545/545/545
f 629/629/629 597/597/597 591/591/591
f 629/629/629 591/591/591 619/619/619
f 655/655/655 629/629/629 619/619/619
f 655/655/655 619/619/619 651/651/651
f 695/695/695 655/655/655 651/651/651
f 695/695/695 651/651/651 687/687/687
f 763/763/763 695/695/695 687/687/687
f 763/763/763 687/687/687 735/735/735
f 667/667/667 709/709/709 719/719/719
f 667/667/667 719/719/719 673/673/673
f 631/631/631 667/667/667 673/673/673
f 631/631/631 673/673/673 637/637/637
f 599/599/599 631/631/631 637/637/637
f 599/599/599 637/637/637 603/603/603
f 571/571/571 599/599/599 603/603/603
f 571/571/571 603/603/603 575/575/575
f 479/479/479 571/571/571 575/575/575
f 479/479/479 575/575/575 509/509/509
f 393/393/393 533/533/533 534/534/534
f 393/393/393 534/534/534 394/394/394
f 614/614/614 588/588/588 587/587/587
f 614/614/614 587/587/587 613/613/613
f 682/682/682 646/646/646 645/645/645
f 682/682/682 645/645/645 681/681/681
f 524/524/524 584/584/584 583/583/583
f 524/524/524 583/583/583 523/523/523
f 612/612/612 642/642/642 641/641/641
f 612/612/612 641/641/641 611/611/611
f 678/678/678 726/726/726 725/725/725
f 678/678/678 725/725/725 677/677/677
f 584/584/584 534/534/534 533/533/533
f 584/584/584 533/533/533 583/583/583
f 588/588/588 612/612/612 611/611/611
f 588/588/588 611/611/611 587/587/587
f 642/642/642 614/614/614 613/613/613
f 642/642/642 613/613/613 641/641/641
f 646/646/646 678/678/678 677/677/677
f 646/646/646 677/677/677 645/645/645
f 726/726/726 682/682/682 681/681/681
f 726/726/726 681/681/681 725/725/725
f 791/791/791 804/804/804 797/797/797
f 556/556/556 551/551/551 550/550/550
f 710/710/710 723/723/723 715/715/715
f 323/323/323 318/318/318 322/322/322
f 543/543/543 551/551/551 556/556/556
f 556/556/556 598/598/598 589/589/589
f 556/556/556 589/589/589 543/543/543
f 676/676/676 723/723/723 710/710/710
f 676/676/676 710/710/710 668/668/668
f 791/791/791 734/734/734 764/764/764
f 791/791/791 764/764/764 804/804/804
f 734/734/734 686/686/686 696/696/696
f 734/734/734 696/696/696 764/764/764
f 686/686/686 649/649/649 656/656/656
f 686/686/686 656/656/656 696/696/696
f 649/649/649 617/617/617 630/630/630
f 649/649/649 630/630/630 656/656/656
f 617/617/617 589/589/589 598/598/598
f 617/617/617 598/598/598 630/630/630
f 323/323/323 351/351/351 513/513/513
f 513/513/513 480/480/480 318/318/318
f 513/513/513 318/318/318 323/323/323
f 513/513/513 579/579/579 572/572/572
f 513/513/513 572/572/572 480/480/480
f 579/579/579 607/607/607 600/600/600
f 579/579/579 600/600/600 572/572/572
f 607/607/607 640/640/640 632/632/632
f 607/607/607 632/632/632 600/600/600
f 640/640/640 676/676/676 668/668/668
f 640/640/640 668/668/668 632/632/632
f 797/797/797 804/804/804 803/803/803
f 803/803/803 793/793/793 794/794/794
f 803/803/803 794/794/794 797/797/797
f 321/321/321 345/345/345 346/346/346
f 346/346/346 389/389/389 390/390/390
f 390/390/390 351/351/351 323/323/323
f 322/322/322 321/321/321 346/346/346
f 390/390/390 323/323/323 322/322/322
f 346/346/346 390/390/390 322/322/322
f 394/394/394 390/390/390 389/389/389
f 394/394/394 389/389/389 393/393/393
f 523/523/523 527/527/527 528/528/528
f 523/523/523 528/528/528 524/524/524
f 528/528/528 527/527/527 546/546/546
f 546/546/546 545/545/545 549/549/549
f 550/550/550 551/551/551 543/543/543
f 546/546/546 549/549/549 550/550/550
f 543/543/543 528/528/528 546/546/546
f 546/546/546 550/550/550 543/543/543
f 561/561/561 562/562/562 516/516/516
f 561/561/561 516/516/516 515/515/515
f 515/515/515 516/516/516 464/464/464
f 515/515/515 464/464/464 463/463/463
f 463/463/463 464/464/464 336/336/336
f 463/463/463 336/336/336 335/335/335
f 335/335/335 336/336/336 224/224/224
f 335/335/335 224/224/224 223/223/223
f 223/223/223 224/224/224 128/128/128
f 223/223/223 128/128/128 127/127/127
f 127/127/127 128/128/128 86/86/86
f 127/127/127 86/86/86 85/85/85
f 85/85/85 86/86/86 58/58/58
f 85/85/85 58/58/58 57/57/57
f 57/57/57 58/58/58 76/76/76
f 57/57/57 76/76/76 75/75/75
f 75/75/75 76/76/76 90/90/90
f 75/75/75 90/90/90 89/89/89
f 89/89/89 90/90/90 132/132/132
f 89/89/89 132/132/132 131/131/131
f 131/131/131 132/132/132 244/244/244
f 131/131/131 244/244/244 243/243/243
f 243/243/243 244/244/244 362/362/362
f 243/243/243 362/362/362 361/361/361
f 361/361/361 362/362/362 468/468/468
f 361/361/361 468/468/468 467/467/467
f 467/467/467 468/468/468 520/520/520
f 467/467/467 520/520/520 519/519/519
f 519/519/519 520/520/520 564/564/564
f 519/519/519 564/564/564 563/563/563
f 563/563/563 564/564/564 562/562/562
f 563/563/563 562/562/562 561/561/561
f 536/536/536 498/498/498 516/516/516
f 536/536/536 516/516/516 562/562/562
f 498/498/498 426/426/426 464/464/464
f 498/498/498 464/464/464 516/516/516
f 426/426/426 330/330/330 336/336/336
f 426/426/426 336/336/336 464/464/464
f 330/330/330 236/236/236 224/224/224
f 330/330/330 224/224/224 336/336/336
f 236/236/236 146/146/146 128/128/128
f 236/236/236 128/128/128 224/224/224
f 146/146/146 98/98/98 86/86/86
f 146/146/146 86/86/86 128/128/128
f 98/98/98 78/78/78 58/58/58
f 98/98/98 58/58/58 86/86/86
f 78/78/78 82/82/82 76/76/76
f 78/78/78 76/76/76 58/58/58
f 82/82/82 102/102/102 90/90/90
f 82/82/82 90/90/90 76/76/76
f 102/102/102 166/166/166 132/132/132
f 102/102/102 132/132/132 90/90/90
f 166/166/166 250/250/250 244/244/244
f 166/166/166 244/244/244 132/132/132
f 250/250/250 348/348/348 362/362/362
f 250/250/250 362/362/362 244/244/244
f 348/348/348 446/446/446 468/468/468
f 348/348/348 468/468/468 362/362/362
f 446/446/446 504/504/504 520/520/520
f 446/446/446 520/520/520 468/468/468
f 504/504/504 540/540/540 564/564/564
f 504/504/504 564/564/564 520/520/520
f 540/540/540 536/536/536 562/562/562
f 540/540/540 562/562/562 564/564/564
f 540/540/540 504/504/504 503/503/503
f 540/540/540 503/503/503 539/539/539
f 456/456/456 409/409/409 425/425/425
f 425/425/425 497/497/497 535/535/535
f 535/535/535 539/539/539 503/503/503
f 503/503/503 445/445/445 347/347/347
f 347/347/347 249/249/249 165/165/165
f 165/165/165 183/183/183 208/208/208
f 165/165/165 208/208/208 284/284/284
f 456/456/456 425/425/425 535/535/535
f 488/488/488 456/456/456 535/535/535
f 347/347/347 165/165/165 284/284/284
f 347/347/347 284/284/284 376/376/376
f 506/506/506 488/488/488 535/535/535
f 484/484/484 506/506/506 535/535/535
f 503/503/503 347/347/347 376/376/376
f 503/503/503 376/376/376 458/458/458
f 484/484/484 535/535/535 503/503/503
f 503/503/503 458/458/458 484/484/484
f 138/138/138 183/183/183 165/165/165
f 165/165/165 101/101/101 81/81/81
f 81/81/81 77/77/77 97/97/97
f 97/97/97 145/145/145 235/235/235
f 235/235/235 329/329/329 425/425/425
f 425/425/425 409/409/409 374/374/374
f 425/425/425 374/374/374 282/282/282
f 138/138/138 165/165/165 81/81/81
f 114/114/114 138/138/138 81/81/81
f 235/235/235 425/425/425 282/282/282
f 235/235/235 282/282/282 206/206/206
f 94/94/94 114/114/114 81/81/81
f 112/112/112 94/94/94 81/81/81
f 97/97/97 235/235/235 206/206/206
f 97/97/97 206/206/206 136/136/136
f 112/112/112 81/81/81 97/97/97
f 97/97/97 136/136/136 112/112/112
f 82/82/82 78/78/78 77/77/77
f 82/82/82 77/77/77 81/81/81
f 498/498/498 536/536/536 535/535/535
f 498/498/498 535/535/535 497/497/497
f 536/536/536 540/540/540 539/539/539
f 536/536/536 539/539/539 535/535/535
f 102/102/102 82/82/82 81/81/81
f 102/102/102 81/81/81 101/101/101
f 426/426/426 498/498/498 497/497/497
f 426/426/426 497/497/497 425/425/425
f 166/166/166 102/102/102 101/101/101
f 166/166/166 101/101/101 165/165/165
f 330/330/330 426/426/426 425/425/425
f 330/330/330 425/425/425 329/329/329
f 250/250/250 166/166/166 165/165/165
f 250/250/250 165/165/165 249/249/249
f 236/236/236 330/330/330 329/329/329
f 236/236/236 329/329/329 235/235/235
f 348/348/348 250/250/250 249/249/249
f 348/348/348 249/249/249 347/347/347
f 146/146/146 236/236/236 235/235/235
f 146/146/146 235/235/235 145/145/145
f 446/446/446 348/348/348 347/347/347
f 446/446/446 347/347/347 445/445/445
f 98/98/98 146/146/146 145/145/145
f 98/98/98 145/145/145 97/97/97
f 504/504/504 446/446/446 445/445/445
f 504/504/504 445/445/445 503/503/503
f 78/78/78 98/98/98 97/97/97
f 78/78/78 97/97/97 77/77/77
f 495/495/495 563/563/563 561/561/561
f 561/561/561 515/515/515 463/463/463
f 463/463/463 335/335/335 223/223/223
f 223/223/223 127/127/127 85/85/85
f 85/85/85 57/57/57 106/106/106
f 85/85/85 106/106/106 111/111/111
f 505/505/505 495/495/495 561/561/561
f 487/487/487 505/505/505 561/561/561
f 85/85/85 111/111/111 135/135/135
f 85/85/85 135/135/135 205/205/205
f 487/487/487 561/561/561 463/463/463
f 455/455/455 487/487/487 463/463/463
f 223/223/223 85/85/85 205/205/205
f 223/223/223 205/205/205 281/281/281
f 373/373/373 455/455/455 463/463/463
f 223/223/223 281/281/281 373/373/373
f 463/463/463 223/223/223 373/373/373
f 93/93/93 106/106/106 57/57/57
f 57/57/57 75/75/75 89/89/89
f 89/89/89 131/131/131 243/243/243
f 243/243/243 361/361/361 467/467/467
f 467/467/467 519/519/519 563/563/563
f 563/563/563 495/495/495 483/483/483
f 563/563/563 483/483/483 457/457/457
f 93/93/93 57/57/57 89/89/89
f 113/113/113 93/93/93 89/89/89
f 467/467/467 563/563/563 457/457/457
f 467/467/467 457/457/457 375/375/375
f 137/137/137 113/113/113 89/89/89
f 207/207/207 137/137/137 89/89/89
f 243/243/243 467/467/467 375/375/375
f 243/243/243 375/375/375 283/283/283
f 207/207/207 89/89/89 243/243/243
f 243/243/243 283/283/283 207/207/207
f 135/135/135 111/111/111 112/112/112
f 135/135/135 112/112/112 136/136/136
f 93/93/93 94/94/94 112/112/112
f 112/112/112 111/111/111 106/106/106
f 112/112/112 106/106/106 93/93/93
f 94/94/94 93/93/93 113/113/113
f 94/94/94 113/113/113 114/114/114
f 113/113/113 137/137/137 138/138/138
f 113/113/113 138/138/138 114/114/114
f 138/138/138 137/137/137 207/207/207
f 207/207/207 208/208/208 183/183/183
f 207/207/207 183/183/183 138/138/138
f 283/283/283 284/284/284 208/208/208
f 283/283/283 208/208/208 207/207/207
f 375/375/375 376/376/376 284/284/284
f 375/375/375 284/284/284 283/283/283
f 457/457/457 458/458/458 376/376/376
f 457/457/457 376/376/376 375/375/375
f 483/483/483 484/484/484 458/458/458
f 483/483/483 458/458/458 457/457/457
f 506/506/506 484/484/484 483/483/483
f 495/495/495 505/505/505 506/506/506
f 483/483/483 495/495/495 506/506/506
f 487/487/487 488/488/488 506/506/506
f 487/487/487 506/506/506 505/505/505
f 455/455/455 456/456/456 488/488/488
f 455/455/455 488/488/488 487/487/487
f 455/455/455 373/373/373 374/374/374
f 409/409/409 456/456/456 455/455/455
f 374/374/374 409/409/409 455/455/455
f 282/282/282 374/374/374 373/373/373
f 282/282/282 373/373/373 281/281/281
f 282/282/282 281/281/281 205/205/205
f 282/282/282 205/205/205 206/206/206
f 205/205/205 135/135/135 136/136/136
f 205/205/205 136/136/136 206/206/206
f 1363/1363/1363 1364/1364/1364 1430/1430/1430
f 1363/1363/1363 1430/1430/1430 1429/1429/1429
f 1429/1429/1429 1430/1430/1430 1488/1488/1488
f 1429/1429/1429 1488/1488/1488 1487/1487/1487
f 1487/1487/1487 1488/1488/1488 1524/1524/1524
f 1487/1487/1487 1524/1524/1524 1523/1523/1523
f 1523/1523/1523 1524/1524/1524 1538/1538/1538
f 1523/1523/1523 1538/1538/1538 1537/1537/1537
f 1537/1537/1537 1538/1538/1538 1522/1522/1522
f 1537/1537/1537 1522/1522/1522 1521/1521/1521
f 1521/1521/1521 1522/1522/1522 1486/1486/1486
f 1521/1521/1521 1486/1486/1486 1485/1485/1485
f 1485/1485/1485 1486/1486/1486 1428/1428/1428
f 1485/1485/1485 1428/1428/1428 1427/1427/1427
f 1427/1427/1427 1428/1428/1428 1362/1362/1362
f 1427/1427/1427 1362/1362/1362 1361/1361/1361
f 1361/1361/1361 1362/1362/1362 1276/1276/1276
f 1361/1361/1361 1276/1276/1276 1275/1275/1275
f 1275/1275/1275 1276/1276/1276 1209/1209/1209
f 1275/1275/1275 1209/1209/1209 1208/1208/1208
f 1208/1208/1208 1209/1209/1209 1169/1169/1169
f 1208/1208/1208 1169/1169/1169 1168/1168/1168
f 1168/1168/1168 1169/1169/1169 1153/1153/1153
f 1168/1168/1168 1153/1153/1153 1152/1152/1152
f 1152/1152/1152 1153/1153/1153 1171/1171/1171
f 1152/1152/1152 1171/1171/1171 1170/1170/1170
f 1170/1170/1170 1171/1171/1171 1211/1211/1211
f 1170/1170/1170 1211/1211/1211 1210/1210/1210
f 1488/1488/1488 1430/1430/1430 1364/1364/1364
f 1364/1364/1364 1278/1278/1278 1211/1211/1211
f 1211/1211/1211 1171/1171/1171 1153/1153/1153
f 1153/1153/1153 1169/1169/1169 1209/1209/1209
f 1209/1209/1209 1276/1276/1276 1362/1362/1362
f 1362/1362/1362 1428/1428/1428 1486/1486/1486
f 1486/1486/1486 1522/1522/1522 1538/1538/1538
f 1538/1538/1538 1524/1524/1524 1488/1488/1488
f 1488/1488/1488 1364/1364/1364 1211/1211/1211
f 1211/1211/1211 1153/1153/1153 1209/1209/1209
f 1209/1209/1209 1362/1362/1362 1486/1486/1486
f 1486/1486/1486 1538/1538/1538 1488/1488/1488
f 1488/1488/1488 1211/1211/1211 1209/1209/1209
f 1209/1209/1209 1486/1486/1486 1488/1488/1488
f 1210/1210/1210 1211/1211/1211 1278/1278/1278
f 1210/1210/1210 1278/1278/1278 1277/1277/1277
f 1277/1277/1277 1278/1278/1278 1364/1364/1364
f 1277/1277/1277 1364/1364/1364 1363/1363/1363
f 1277/1277/1277 1363/1363/1363 1429/1429/1429
f 1429/1429/1429 1487/1487/1487 1523/1523/1523
f 1523/1523/1523 1537/1537/1537 1521/1521/1521
f 1521/1521/1521 1485/1485/1485 1427/1427/1427
f 1427/1427/1427 1361/1361/1361 1275/1275/1275
f 1275/1275/1275 1208/1208/1208 1168/1168/1168
f 1168/1168/1168 1152/1152/1152 1170/1170/1170
f 1170/1170/1170 1210/1210/1210 1277/1277/1277
f 1277/1277/1277 1429/1429/1429 1523/1523/1523
f 1523/1523/1523 1521/1521/1521 1427/1427/1427
f 1427/1427/1427 1275/1275/1275 1168/1168/1168
f 1168/1168/1168 1170/1170/1170 1277/1277/1277
f 1277/1277/1277 1523/1523/1523 1427/1427/1427
f 1427/1427/1427 1168/1168/1168 1277/1277/1277
f 291/291/291 219/219/219 220/220/220
f 291/291/291 220/220/220 292/292/292
f 219/219/219 157/157/157 158/158/158
f 219/219/219 158/158/158 220/220/220
f 157/157/157 125/125/125 126/126/126
f 157/157/157 126/126/126 158/158/158
f 125/125/125 107/107/107 108/108/108
f 125/125/125 108/108/108 126/126/126
f 107/107/107 123/123/123 124/124/124
f 107/107/107 124/124/124 108/108/108
f 123/123/123 155/155/155 156/156/156
f 123/123/123 156/156/156 124/124/124
f 155/155/155 217/217/217 218/218/218
f 155/155/155 218/218/218 156/156/156
f 217/217/217 289/289/289 290/290/290
f 217/217/217 290/290/290 218/218/218
f 289/289/289 369/369/369 370/370/370
f 289/289/289 370/370/370 290/290/290
f 369/369/369 431/431/431 432/432/432
f 369/369/369 432/432/432 370/370/370
f 431/431/431 475/475/475 476/476/476
f 431/431/431 476/476/476 432/432/432
f 475/475/475 491/491/491 492/492/492
f 475/475/475 492/492/492 476/476/476
f 491/491/491 477/477/477 478/478/478
f 491/491/491 478/478/478 492/492/492
f 477/477/477 433/433/433 434/434/434
f 477/477/477 434/434/434 478/478/478
f 292/292/292 220/220/220 158/158/158
f 158/158/158 126/126/126 108/108/108
f 108/108/108 124/124/124 156/156/156
f 156/156/156 218/218/218 290/290/290
f 290/290/290 370/370/370 432/432/432
f 432/432/432 476/476/476 492/492/492
f 492/492/492 478/478/478 434/434/434
f 434/434/434 372/372/372 292/292/292
f 292/292/292 158/158/158 108/108/108
f 108/108/108 156/156/156 290/290/290
f 290/290/290 432/432/432 492/492/492
f 492/492/492 434/434/434 292/292/292
f 292/292/292 108/108/108 290/290/290
f 290/290/290 492/492/492 292/292/292
f 433/433/433 371/371/371 372/372/372
f 433/433/433 372/372/372 434/434/434
f 371/371/371 291/291/291 292/292/292
f 371/371/371 292/292/292 372/372/372
f 219/219/219 291/291/291 371/371/371
f 371/371/371 433/433/433 477/477/477
f 477/477/477 491/491/491 475/475/475
f 475/475/475 431/431/431 369/369/369
f 369/369/369 289/289/289 217/217/217
f 217/217/217 155/155/155 123/123/123
f 123/123/123 107/107/107 125/125/125
f 125/125/125 157/157/157 219/219/219
f 219/219/219 371/371/371 477/477/477
f 477/477/477 475/475/475 369/369/369
f 369/369/369 217/217/217 123/123/123
f 123/123/123 125/125/125 219/219/219
f 219/219/219 477/477/477 369/369/369
f 369/369/369 123/123/123 219/219/219
f 1367/1367/1367 1431/1431/1431 1432/1432/1432
f 1367/1367/1367 1432/1432/1432 1368/1368/1368
f 1431/1431/1431 1489/1489/1489 1490/1490/1490
f 1431/1431/1431 1490/1490/1490 1432/1432/1432
f 1489/1489/1489 1525/1525/1525 1526/1526/1526
f 1489/1489/1489 1526/1526/1526 1490/1490/1490
f 1525/1525/1525 1539/1539/1539 1540/1540/1540
f 1525/1525/1525 1540/1540/1540 1526/1526/1526
f 1539/1539/1539 1527/1527/1527 1528/1528/1528
f 1539/1539/1539 1528/1528/1528 1540/1540/1540
f 1527/1527/1527 1491/1491/1491 1492/1492/1492
f 1527/1527/1527 1492/1492/1492 1528/1528/1528
f 1491/1491/1491 1433/1433/1433 1434/1434/1434
f 1491/1491/1491 1434/1434/1434 1492/1492/1492
f 1433/1433/1433 1369/1369/1369 1370/1370/1370
f 1433/1433/1433 1370/1370/1370 1434/1434/1434
f 1369/1369/1369 1281/1281/1281 1282/1282/1282
f 1369/1369/1369 1282/1282/1282 1370/1370/1370
f 1281/1281/1281 1214/1214/1214 1215/1215/1215
f 1281/1281/1281 1215/1215/1215 1282/1282/1282
f 1214/1214/1214 1174/1174/1174 1175/1175/1175
f 1214/1214/1214 1175/1175/1175 1215/1215/1215
f 1174/1174/1174 1154/1154/1154 1155/1155/1155
f 1174/1174/1174 1155/1155/1155 1175/1175/1175
f 1154/1154/1154 1172/1172/1172 1173/1173/1173
f 1154/1154/1154 1173/1173/1173 1155/1155/1155
f 1172/1172/1172 1212/1212/1212 1213/1213/1213
f 1172/1172/1172 1213/1213/1213 1173/1173/1173
f 1368/1368/1368 1432/1432/1432 1490/1490/1490
f 1490/1490/1490 1526/1526/1526 1540/1540/1540
f 1540/1540/1540 1528/1528/1528 1492/1492/1492
f 1492/1492/1492 1434/1434/1434 1370/1370/1370
f 1370/1370/1370 1282/1282/1282 1215/1215/1215
f 1215/1215/1215 1175/1175/1175 1155/1155/1155
f 1155/1155/1155 1173/1173/1173 1213/1213/1213
f 1213/1213/1213 1280/1280/1280 1368/1368/1368
f 1368/1368/1368 1490/1490/1490 1540/1540/1540
f 1540/1540/1540 1492/1492/1492 1370/1370/1370
f 1370/1370/1370 1215/1215/1215 1155/1155/1155
f 1155/1155/1155 1213/1213/1213 1368/1368/1368
f 1368/1368/1368 1540/1540/1540 1370/1370/1370
f 1370/1370/1370 1155/1155/1155 1368/1368/1368
f 1212/1212/1212 1279/1279/1279 1280/1280/1280
f 1212/1212/1212 1280/1280/1280 1213/1213/1213
f 1279/1279/1279 1367/1367/1367 1368/1368/1368
f 1279/1279/1279 1368/1368/1368 1280/1280/1280
f 1431/1431/1431 1367/1367/1367 1279/1279/1279
f 1279/1279/1279 1212/1212/1212 1172/1172/1172
f 1172/1172/1172 1154/1154/1154 1174/1174/1174
f 1174/1174/1174 1214/1214/1214 1281/1281/1281
f 1281/1281/1281 1369/1369/1369 1433/1433/1433
f 1433/1433/1433 1491/1491/1491 1527/1527/1527
f 1527/1527/1527 1539/1539/1539 1525/1525/1525
f 1525/1525/1525 1489/1489/1489 1431/1431/1431
f 1431/1431/1431 1279/1279/1279 1172/1172/1172
f 1172/1172/1172 1174/1174/1174 1281/1281/1281
f 1281/1281/1281 1433/1433/1433 1527/1527/1527
f 1527/1527/1527 1525/1525/1525 1431/1431/1431
f 1431/1431/1431 1172/1172/1172 1281/1281/1281
f 1281/1281/1281 1527/1527/1527 1431/1431/1431
f 285/285/285 286/286/286 214/214/214
f 285/285/285 214/214/214 213/213/213
f 213/213/213 214/214/214 160/160/160
f 213/213/213 160/160/160 159/159/159
f 159/159/159 160/160/160 120/120/120
f 159/159/159 120/120/120 119/119/119
f 119/119/119 120/120/120 110/110/110
f 119/119/119 110/110/110 109/109/109
f 109/109/109 110/110/110 122/122/122
f 109/109/109 122/122/122 121/121/121
f 121/121/121 122/122/122 162/162/162
f 121/121/121 162/162/162 161/161/161
f 161/161/161 162/162/162 216/216/216
f 161/161/161 216/216/216 215/215/215
f 215/215/215 216/216/216 288/288/288
f 215/215/215 288/288/288 287/287/287
f 287/287/287 288/288/288 368/368/368
f 287/287/287 368/368/368 367/367/367
f 367/367/367 368/368/368 438/438/438
f 367/367/367 438/438/438 437/437/437
f 437/437/437 438/438/438 474/474/474
f 437/437/437 474/474/474 473/473/473
f 473/473/473 474/474/474 494/494/494
f 473/473/473 494/494/494 493/493/493
f 493/493/493 494/494/494 472/472/472
f 493/493/493 472/472/472 471/471/471
f 471/471/471 472/472/472 436/436/436
f 471/471/471 436/436/436 435/435/435
f 160/160/160 214/214/214 286/286/286
f 286/286/286 366/366/366 436/436/436
f 436/436/436 472/472/472 494/494/494
f 494/494/494 474/474/474 438/438/438
f 438/438/438 368/368/368 288/288/288
f 288/288/288 216/216/216 162/162/162
f 162/162/162 122/122/122 110/110/110
f 110/110/110 120/120/120 160/160/160
f 160/160/160 286/286/286 436/436/436
f 436/436/436 494/494/494 438/438/438
f 438/438/438 288/288/288 162/162/162
f 162/162/162 110/110/110 160/160/160
f 160/160/160 436/436/436 438/438/438
f 438/438/438 162/162/162 160/160/160
f 435/435/435 436/436/436 366/366/366
f 435/435/435 366/366/366 365/365/365
f 365/365/365 366/366/366 286/286/286
f 365/365/365 286/286/286 285/285/285
f 365/365/365 285/285/285 213/213/213
f 213/213/213 159/159/159 119/119/119
f 119/119/119 109/109/109 121/121/121
f 121/121/121 161/161/161 215/215/215
f 215/215/215 287/287/287 367/367/367
f 367/367/367 437/437/437 473/473/473
f 473/473/473 493/493/493 471/471/471
f 471/471/471 435/435/435 365/365/365
f 365/365/365 213/213/213 119/119/119
f 119/119/119 121/121/121 215/215/215
f 215/215/215 367/367/367 473/473/473
f 473/473/473 471/471/471 365/365/365
f 365/365/365 119/119/119 215/215/215
f 215/215/215 473/473/473 365/365/365
