# WaveFront *.obj file (generated by Autodesk ATF)

g hemisphere

v 0.000000 -0.500000 -0.250000
v -0.048257 -0.497666 -0.250000
v -0.096063 -0.490685 -0.250000
v -0.142973 -0.479123 -0.250000
v -0.188547 -0.463087 -0.250000
v -0.232362 -0.442728 -0.250000
v -0.274006 -0.418235 -0.250000
v -0.313093 -0.389837 -0.250000
v -0.349256 -0.357799 -0.250000
v -0.382158 -0.322421 -0.250000
v -0.411492 -0.284032 -0.250000
v -0.436984 -0.242992 -0.250000
v -0.458396 -0.199682 -0.250000
v -0.475528 -0.154508 -0.250000
v -0.488221 -0.107892 -0.250000
v -0.496354 -0.060268 -0.250000
v -0.499854 -0.012082 -0.250000
v -0.498687 0.036217 -0.250000
v -0.492863 0.084179 -0.250000
v -0.482438 0.131354 -0.250000
v -0.467508 0.177302 -0.250000
v -0.448213 0.221596 -0.250000
v -0.424734 0.263820 -0.250000
v -0.397289 0.303581 -0.250000
v -0.366134 0.340508 -0.250000
v -0.331561 0.374255 -0.250000
v -0.293893 0.404508 -0.250000
v -0.253480 0.430985 -0.250000
v -0.210701 0.453437 -0.250000
v -0.165954 0.471656 -0.250000
v -0.119658 0.485471 -0.250000
v -0.072245 0.494753 -0.250000
v -0.024157 0.499416 -0.250000
v 0.024157 0.499416 -0.250000
v 0.072245 0.494753 -0.250000
v 0.119658 0.485471 -0.250000
v 0.165954 0.471656 -0.250000
v 0.210701 0.453437 -0.250000
v 0.253480 0.430985 -0.250000
v 0.293893 0.404508 -0.250000
v 0.331561 0.374255 -0.250000
v 0.366134 0.340508 -0.250000
v 0.397289 0.303581 -0.250000
v 0.424734 0.263820 -0.250000
v 0.448213 0.221596 -0.250000
v 0.467508 0.177302 -0.250000
v 0.482438 0.131354 -0.250000
v 0.492863 0.084179 -0.250000
v 0.498687 0.036217 -0.250000
v 0.499854 -0.012082 -0.250000
v 0.496354 -0.060268 -0.250000
v 0.488221 -0.107892 -0.250000
v 0.475528 -0.154508 -0.250000
v 0.458396 -0.199682 -0.250000
v 0.436984 -0.242992 -0.250000
v 0.411492 -0.284032 -0.250000
v 0.382158 -0.322421 -0.250000
v 0.349256 -0.357799 -0.250000
v 0.313093 -0.389837 -0.250000
v 0.274006 -0.418235 -0.250000
v 0.232362 -0.442728 -0.250000
v 0.188547 -0.463087 -0.250000
v 0.142973 -0.479123 -0.250000
v 0.096063 -0.490685 -0.250000
v 0.048257 -0.497666 -0.250000
v -0.000000 0.000000 0.250000
v -0.497592 0.000000 -0.200991
v -0.490393 0.000000 -0.152455
v -0.478470 0.000000 -0.104858
v -0.461940 0.000000 -0.058658
v -0.440961 0.000000 -0.014302
v -0.415735 0.000000 0.027785
v -0.386505 0.000000 0.067197
v -0.353553 0.000000 0.103553
v -0.317197 0.000000 0.136505
v -0.277785 0.000000 0.165735
v -0.235698 0.000000 0.190961
v -0.191342 0.000000 0.211940
v -0.145142 0.000000 0.228470
v -0.097545 0.000000 0.240393
v -0.049009 0.000000 0.247592
v 0.036043 -0.496285 -0.200991
v 0.035521 -0.489104 -0.152455
v 0.034658 -0.477213 -0.104858
v 0.033461 -0.460726 -0.058658
v 0.031941 -0.439802 -0.014302
v 0.030114 -0.414643 0.027785
v 0.027996 -0.385490 0.067197
v 0.025610 -0.352625 0.103553
v 0.022976 -0.316363 0.136505
v 0.020121 -0.277055 0.165735
v 0.017073 -0.235079 0.190961
v 0.013860 -0.190839 0.211940
v 0.010513 -0.144761 0.228470
v 0.007066 -0.097289 0.240393
v 0.003550 -0.048880 0.247592
v -0.001184 -0.048994 0.247592
v -0.002357 -0.097517 0.240393
v -0.003507 -0.145100 0.228470
v -0.004624 -0.191286 0.211940
v -0.005695 -0.235630 0.190961
v -0.006712 -0.277704 0.165735
v -0.007665 -0.317104 0.136505
v -0.008543 -0.353450 0.103553
v -0.009339 -0.386392 0.067197
v -0.010046 -0.415613 0.027785
v -0.010655 -0.440832 -0.014302
v -0.011162 -0.461805 -0.058658
v -0.011562 -0.478330 -0.104858
v -0.011850 -0.490249 -0.152455
v -0.012024 -0.497447 -0.200991
v 0.083773 -0.490490 -0.200991
v 0.082561 -0.483393 -0.152455
v 0.080554 -0.471641 -0.104858
v 0.077771 -0.455346 -0.058658
v 0.074239 -0.434666 -0.014302
v 0.069992 -0.409801 0.027785
v 0.065071 -0.380988 0.067197
v 0.059523 -0.348507 0.103553
v 0.053402 -0.312669 0.136505
v 0.046767 -0.273820 0.165735
v 0.039681 -0.232334 0.190961
v 0.032214 -0.188611 0.211940
v 0.024436 -0.143071 0.228470
v 0.016422 -0.096153 0.240393
v 0.008251 -0.048309 0.247592
v 0.130721 -0.480115 -0.200991
v 0.128830 -0.473168 -0.152455
v 0.125698 -0.461664 -0.104858
v 0.121355 -0.445714 -0.058658
v 0.115844 -0.425472 -0.014302
v 0.109217 -0.401132 0.027785
v 0.101538 -0.372929 0.067197
v 0.092881 -0.341135 0.103553
v 0.083330 -0.306055 0.136505
v 0.072976 -0.268028 0.165735
v 0.061920 -0.227420 0.190961
v 0.050267 -0.184621 0.211940
v 0.038130 -0.140044 0.228470
v 0.025626 -0.094119 0.240393
v 0.012875 -0.047287 0.247592
v 0.176449 -0.465257 -0.200991
v 0.173896 -0.458525 -0.152455
v 0.169668 -0.447377 -0.104858
v 0.163806 -0.431921 -0.058658
v 0.156367 -0.412305 -0.014302
v 0.147422 -0.388719 0.027785
v 0.137057 -0.361389 0.067197
v 0.125372 -0.330578 0.103553
v 0.112479 -0.296584 0.136505
v 0.098504 -0.259734 0.165735
v 0.083580 -0.220382 0.190961
v 0.067851 -0.178908 0.211940
v 0.051468 -0.135710 0.228470
v 0.034590 -0.091206 0.240393
v 0.017379 -0.045824 0.247592
v 0.220529 -0.446055 -0.200991
v 0.217338 -0.439601 -0.152455
v 0.212054 -0.428914 -0.104858
v 0.204728 -0.414095 -0.058658
v 0.195430 -0.395289 -0.014302
v 0.184250 -0.372676 0.027785
v 0.171296 -0.346474 0.067197
v 0.156692 -0.316935 0.103553
v 0.140579 -0.284344 0.136505
v 0.123112 -0.249014 0.165735
v 0.104460 -0.211286 0.190961
v 0.084801 -0.171524 0.211940
v 0.064326 -0.130110 0.228470
v 0.043231 -0.087442 0.240393
v 0.021720 -0.043933 0.247592
v 0.262550 -0.422689 -0.200991
v 0.258751 -0.416573 -0.152455
v 0.252460 -0.406445 -0.104858
v 0.243738 -0.392403 -0.058658
v 0.232669 -0.374582 -0.014302
v 0.219358 -0.353153 0.027785
v 0.203936 -0.328324 0.067197
v 0.186549 -0.300332 0.103553
v 0.167366 -0.269448 0.136505
v 0.146571 -0.235970 0.165735
v 0.124364 -0.200218 0.190961
v 0.100960 -0.162539 0.211940
v 0.076583 -0.123294 0.228470
v 0.051469 -0.082861 0.240393
v 0.025859 -0.041631 0.247592
v 0.302119 -0.395376 -0.200991
v 0.297748 -0.389655 -0.152455
v 0.290509 -0.380182 -0.104858
v 0.280473 -0.367047 -0.058658
v 0.267735 -0.350377 -0.014302
v 0.252419 -0.330334 0.027785
v 0.234671 -0.307108 0.067197
v 0.214664 -0.280926 0.103553
v 0.192590 -0.252037 0.136505
v 0.168661 -0.220722 0.165735
v 0.143107 -0.187281 0.190961
v 0.116176 -0.152036 0.211940
v 0.088125 -0.115327 0.228470
v 0.059226 -0.077507 0.240393
v 0.029756 -0.038941 0.247592
v 0.338868 -0.364371 -0.200991
v 0.333965 -0.359099 -0.152455
v 0.325846 -0.350369 -0.104858
v 0.314588 -0.338264 -0.058658
v 0.300301 -0.322902 -0.014302
v 0.283122 -0.304430 0.027785
v 0.263216 -0.283026 0.067197
v 0.240775 -0.258896 0.103553
v 0.216016 -0.232273 0.136505
v 0.189176 -0.203413 0.165735
v 0.160514 -0.172595 0.190961
v 0.130307 -0.140114 0.211940
v 0.098844 -0.106283 0.228470
v 0.066430 -0.071429 0.240393
v 0.033376 -0.035887 0.247592
v 0.372453 -0.329965 -0.200991
v 0.367064 -0.325190 -0.152455
v 0.358140 -0.317284 -0.104858
v 0.345767 -0.306323 -0.058658
v 0.330064 -0.292411 -0.014302
v 0.311182 -0.275683 0.027785
v 0.289303 -0.256300 0.067197
v 0.264639 -0.234449 0.103553
v 0.237425 -0.210340 0.136505
v 0.207925 -0.184206 0.165735
v 0.176423 -0.156297 0.190961
v 0.143221 -0.126883 0.211940
v 0.108641 -0.096247 0.228470
v 0.073014 -0.064684 0.240393
v 0.036683 -0.032499 0.247592
v 0.402561 -0.292477 -0.200991
v 0.396736 -0.288246 -0.152455
v 0.387090 -0.281238 -0.104858
v 0.373717 -0.271521 -0.058658
v 0.356745 -0.259190 -0.014302
v 0.336337 -0.244363 0.027785
v 0.312689 -0.227182 0.067197
v 0.286031 -0.207813 0.103553
v 0.256617 -0.186444 0.136505
v 0.224733 -0.163278 0.165735
v 0.190684 -0.138540 0.190961
v 0.154799 -0.112468 0.211940
v 0.117423 -0.085313 0.228470
v 0.078916 -0.057336 0.240393
v 0.039649 -0.028807 0.247592
v 0.428910 -0.252259 -0.200991
v 0.422704 -0.248609 -0.152455
v 0.412427 -0.242565 -0.104858
v 0.398178 -0.234185 -0.058658
v 0.380095 -0.223549 -0.014302
v 0.358351 -0.210761 0.027785
v 0.333156 -0.195943 0.067197
v 0.304752 -0.179237 0.103553
v 0.273414 -0.160806 0.136505
v 0.239442 -0.140826 0.165735
v 0.203165 -0.119490 0.190961
v 0.164931 -0.097003 0.211940
v 0.125108 -0.073581 0.228470
v 0.084081 -0.049451 0.240393
v 0.042244 -0.024845 0.247592
v 0.451254 -0.209686 -0.200991
v 0.444725 -0.206652 -0.152455
v 0.433912 -0.201628 -0.104858
v 0.418921 -0.194662 -0.058658
v 0.399896 -0.185821 -0.014302
v 0.377019 -0.175191 0.027785
v 0.350512 -0.162874 0.067197
v 0.320629 -0.148988 0.103553
v 0.287658 -0.133667 0.136505
v 0.251916 -0.117059 0.165735
v 0.213749 -0.099324 0.190961
v 0.173523 -0.080632 0.211940
v 0.131626 -0.061163 0.228470
v 0.088461 -0.041106 0.240393
v 0.044445 -0.020652 0.247592
v 0.469385 -0.165155 -0.200991
v 0.462593 -0.162765 -0.152455
v 0.451347 -0.158808 -0.104858
v 0.435753 -0.153321 -0.058658
v 0.415963 -0.146358 -0.014302
v 0.392168 -0.137986 0.027785
v 0.364595 -0.128284 0.067197
v 0.333511 -0.117347 0.103553
v 0.299215 -0.105280 0.136505
v 0.262038 -0.092199 0.165735
v 0.222337 -0.078230 0.190961
v 0.180495 -0.063508 0.211940
v 0.136914 -0.048174 0.228470
v 0.092016 -0.032376 0.240393
v 0.046230 -0.016266 0.247592
v 0.483133 -0.119082 -0.200991
v 0.476143 -0.117359 -0.152455
v 0.464567 -0.114505 -0.104858
v 0.448517 -0.110549 -0.058658
v 0.428147 -0.105529 -0.014302
v 0.403654 -0.099492 0.027785
v 0.375274 -0.092497 0.067197
v 0.343280 -0.084611 0.103553
v 0.307979 -0.075910 0.136505
v 0.269713 -0.066478 0.165735
v 0.228849 -0.056406 0.190961
v 0.185782 -0.045791 0.211940
v 0.140925 -0.034735 0.228470
v 0.094711 -0.023344 0.240393
v 0.047584 -0.011729 0.247592
v 0.492371 -0.071897 -0.200991
v 0.485247 -0.070856 -0.152455
v 0.473449 -0.069134 -0.104858
v 0.457092 -0.066745 -0.058658
v 0.436333 -0.063714 -0.014302
v 0.411372 -0.060069 0.027785
v 0.382449 -0.055846 0.067197
v 0.349843 -0.051085 0.103553
v 0.313868 -0.045831 0.136505
v 0.274870 -0.040137 0.165735
v 0.233225 -0.034056 0.190961
v 0.189334 -0.027647 0.211940
v 0.143619 -0.020971 0.228470
v 0.096522 -0.014094 0.240393
v 0.048494 -0.007081 0.247592
v 0.497011 -0.024040 -0.200991
v 0.489820 -0.023693 -0.152455
v 0.477911 -0.023117 -0.104858
v 0.461400 -0.022318 -0.058658
v 0.440446 -0.021304 -0.014302
v 0.415249 -0.020086 0.027785
v 0.386054 -0.018673 0.067197
v 0.353141 -0.017081 0.103553
v 0.316826 -0.015325 0.136505
v 0.277461 -0.013421 0.165735
v 0.235423 -0.011387 0.190961
v 0.191118 -0.009244 0.211940
v 0.144973 -0.007012 0.228470
v 0.097431 -0.004713 0.240393
v 0.048951 -0.002368 0.247592
v 0.497011 0.024040 -0.200991
v 0.489820 0.023693 -0.152455
v 0.477911 0.023117 -0.104858
v 0.461400 0.022318 -0.058658
v 0.440446 0.021304 -0.014302
v 0.415249 0.020086 0.027785
v 0.386054 0.018673 0.067197
v 0.353141 0.017081 0.103553
v 0.316826 0.015325 0.136505
v 0.277461 0.013421 0.165735
v 0.235423 0.011387 0.190961
v 0.191118 0.009244 0.211940
v 0.144973 0.007012 0.228470
v 0.097431 0.004713 0.240393
v 0.048951 0.002368 0.247592
v 0.492371 0.071897 -0.200991
v 0.485247 0.070856 -0.152455
v 0.473449 0.069134 -0.104858
v 0.457092 0.066745 -0.058658
v 0.436333 0.063714 -0.014302
v 0.411372 0.060069 0.027785
v 0.382449 0.055846 0.067197
v 0.349843 0.051085 0.103553
v 0.313868 0.045831 0.136505
v 0.274870 0.040137 0.165735
v 0.233225 0.034056 0.190961
v 0.189334 0.027647 0.211940
v 0.143619 0.020971 0.228470
v 0.096522 0.014094 0.240393
v 0.048494 0.007081 0.247592
v 0.483133 0.119082 -0.200991
v 0.476143 0.117359 -0.152455
v 0.464567 0.114505 -0.104858
v 0.448517 0.110549 -0.058658
v 0.428147 0.105529 -0.014302
v 0.403654 0.099492 0.027785
v 0.375274 0.092497 0.067197
v 0.343280 0.084611 0.103553
v 0.307979 0.075910 0.136505
v 0.269713 0.066478 0.165735
v 0.228849 0.056406 0.190961
v 0.185782 0.045791 0.211940
v 0.140925 0.034735 0.228470
v 0.094711 0.023344 0.240393
v 0.047584 0.011729 0.247592
v 0.469385 0.165155 -0.200991
v 0.462593 0.162765 -0.152455
v 0.451347 0.158808 -0.104858
v 0.435753 0.153321 -0.058658
v 0.415963 0.146358 -0.014302
v 0.392168 0.137986 0.027785
v 0.364595 0.128284 0.067197
v 0.333511 0.117347 0.103553
v 0.299215 0.105280 0.136505
v 0.262038 0.092199 0.165735
v 0.222337 0.078230 0.190961
v 0.180495 0.063508 0.211940
v 0.136914 0.048174 0.228470
v 0.092016 0.032376 0.240393
v 0.046230 0.016266 0.247592
v 0.451254 0.209686 -0.200991
v 0.444725 0.206652 -0.152455
v 0.433912 0.201628 -0.104858
v 0.418921 0.194662 -0.058658
v 0.399896 0.185821 -0.014302
v 0.377019 0.175191 0.027785
v 0.350512 0.162874 0.067197
v 0.320629 0.148988 0.103553
v 0.287658 0.133667 0.136505
v 0.251916 0.117059 0.165735
v 0.213749 0.099324 0.190961
v 0.173523 0.080632 0.211940
v 0.131626 0.061163 0.228470
v 0.088461 0.041106 0.240393
v 0.044445 0.020652 0.247592
v 0.428910 0.252259 -0.200991
v 0.422704 0.248609 -0.152455
v 0.412427 0.242565 -0.104858
v 0.398178 0.234185 -0.058658
v 0.380095 0.223549 -0.014302
v 0.358351 0.210761 0.027785
v 0.333156 0.195943 0.067197
v 0.304752 0.179237 0.103553
v 0.273414 0.160806 0.136505
v 0.239442 0.140826 0.165735
v 0.203165 0.119490 0.190961
v 0.164931 0.097003 0.211940
v 0.125108 0.073581 0.228470
v 0.084081 0.049451 0.240393
v 0.042244 0.024845 0.247592
v 0.402561 0.292477 -0.200991
v 0.396736 0.288246 -0.152455
v 0.387090 0.281238 -0.104858
v 0.373717 0.271521 -0.058658
v 0.356745 0.259190 -0.014302
v 0.336337 0.244363 0.027785
v 0.312689 0.227182 0.067197
v 0.286031 0.207813 0.103553
v 0.256617 0.186444 0.136505
v 0.224733 0.163278 0.165735
v 0.190684 0.138540 0.190961
v 0.154799 0.112468 0.211940
v 0.117423 0.085313 0.228470
v 0.078916 0.057336 0.240393
v 0.039649 0.028807 0.247592
v 0.372453 0.329965 -0.200991
v 0.367064 0.325190 -0.152455
v 0.358140 0.317284 -0.104858
v 0.345767 0.306323 -0.058658
v 0.330064 0.292411 -0.014302
v 0.311182 0.275683 0.027785
v 0.289303 0.256300 0.067197
v 0.264639 0.234449 0.103553
v 0.237425 0.210340 0.136505
v 0.207925 0.184206 0.165735
v 0.176423 0.156297 0.190961
v 0.143221 0.126883 0.211940
v 0.108641 0.096247 0.228470
v 0.073014 0.064684 0.240393
v 0.036683 0.032499 0.247592
v 0.338868 0.364371 -0.200991
v 0.333965 0.359099 -0.152455
v 0.325846 0.350369 -0.104858
v 0.314588 0.338264 -0.058658
v 0.300301 0.322902 -0.014302
v 0.283122 0.304430 0.027785
v 0.263216 0.283026 0.067197
v 0.240775 0.258896 0.103553
v 0.216016 0.232273 0.136505
v 0.189176 0.203413 0.165735
v 0.160514 0.172595 0.190961
v 0.130307 0.140114 0.211940
v 0.098844 0.106283 0.228470
v 0.066430 0.071429 0.240393
v 0.033376 0.035887 0.247592
v 0.302119 0.395376 -0.200991
v 0.297748 0.389655 -0.152455
v 0.290509 0.380182 -0.104858
v 0.280473 0.367047 -0.058658
v 0.267735 0.350377 -0.014302
v 0.252419 0.330334 0.027785
v 0.234671 0.307108 0.067197
v 0.214664 0.280926 0.103553
v 0.192590 0.252037 0.136505
v 0.168661 0.220722 0.165735
v 0.143107 0.187281 0.190961
v 0.116176 0.152036 0.211940
v 0.088125 0.115327 0.228470
v 0.059226 0.077507 0.240393
v 0.029756 0.038941 0.247592
v 0.262550 0.422689 -0.200991
v 0.258751 0.416573 -0.152455
v 0.252460 0.406445 -0.104858
v 0.243738 0.392403 -0.058658
v 0.232669 0.374582 -0.014302
v 0.219358 0.353153 0.027785
v 0.203936 0.328324 0.067197
v 0.186549 0.300332 0.103553
v 0.167366 0.269448 0.136505
v 0.146571 0.235970 0.165735
v 0.124364 0.200218 0.190961
v 0.100960 0.162539 0.211940
v 0.076583 0.123294 0.228470
v 0.051469 0.082861 0.240393
v 0.025859 0.041631 0.247592
v 0.220529 0.446055 -0.200991
v 0.217338 0.439601 -0.152455
v 0.212054 0.428914 -0.104858
v 0.204728 0.414095 -0.058658
v 0.195430 0.395289 -0.014302
v 0.184250 0.372676 0.027785
v 0.171296 0.346474 0.067197
v 0.156692 0.316935 0.103553
v 0.140579 0.284344 0.136505
v 0.123112 0.249014 0.165735
v 0.104460 0.211286 0.190961
v 0.084801 0.171524 0.211940
v 0.064326 0.130110 0.228470
v 0.043231 0.087442 0.240393
v 0.021720 0.043933 0.247592
v 0.176449 0.465257 -0.200991
v 0.173896 0.458525 -0.152455
v 0.169668 0.447377 -0.104858
v 0.163806 0.431921 -0.058658
v 0.156367 0.412305 -0.014302
v 0.147422 0.388719 0.027785
v 0.137057 0.361389 0.067197
v 0.125372 0.330578 0.103553
v 0.112479 0.296584 0.136505
v 0.098504 0.259734 0.165735
v 0.083580 0.220382 0.190961
v 0.067851 0.178908 0.211940
v 0.051468 0.135710 0.228470
v 0.034590 0.091206 0.240393
v 0.017379 0.045824 0.247592
v 0.130721 0.480115 -0.200991
v 0.128830 0.473168 -0.152455
v 0.125698 0.461664 -0.104858
v 0.121355 0.445714 -0.058658
v 0.115844 0.425472 -0.014302
v 0.109217 0.401132 0.027785
v 0.101538 0.372929 0.067197
v 0.092881 0.341135 0.103553
v 0.083330 0.306055 0.136505
v 0.072976 0.268028 0.165735
v 0.061920 0.227420 0.190961
v 0.050267 0.184621 0.211940
v 0.038130 0.140044 0.228470
v 0.025626 0.094119 0.240393
v 0.012875 0.047287 0.247592
v 0.083773 0.490490 -0.200991
v 0.082561 0.483393 -0.152455
v 0.080554 0.471641 -0.104858
v 0.077771 0.455346 -0.058658
v 0.074239 0.434666 -0.014302
v 0.069992 0.409801 0.027785
v 0.065071 0.380988 0.067197
v 0.059523 0.348507 0.103553
v 0.053402 0.312669 0.136505
v 0.046767 0.273820 0.165735
v 0.039681 0.232334 0.190961
v 0.032214 0.188611 0.211940
v 0.024436 0.143071 0.228470
v 0.016422 0.096153 0.240393
v 0.008251 0.048309 0.247592
v 0.036043 0.496285 -0.200991
v 0.035521 0.489104 -0.152455
v 0.034658 0.477213 -0.104858
v 0.033461 0.460726 -0.058658
v 0.031941 0.439802 -0.014302
v 0.030114 0.414643 0.027785
v 0.027996 0.385490 0.067197
v 0.025610 0.352625 0.103553
v 0.022976 0.316363 0.136505
v 0.020121 0.277055 0.165735
v 0.017073 0.235079 0.190961
v 0.013860 0.190839 0.211940
v 0.010513 0.144761 0.228470
v 0.007066 0.097289 0.240393
v 0.003550 0.048880 0.247592
v -0.012024 0.497447 -0.200991
v -0.011850 0.490249 -0.152455
v -0.011562 0.478330 -0.104858
v -0.011162 0.461805 -0.058658
v -0.010655 0.440832 -0.014302
v -0.010046 0.415613 0.027785
v -0.009339 0.386392 0.067197
v -0.008543 0.353450 0.103553
v -0.007665 0.317104 0.136505
v -0.006712 0.277704 0.165735
v -0.005695 0.235630 0.190961
v -0.004624 0.191286 0.211940
v -0.003507 0.145100 0.228470
v -0.002357 0.097517 0.240393
v -0.001184 0.048994 0.247592
v -0.059978 0.493964 -0.200991
v -0.059110 0.486817 -0.152455
v -0.057673 0.474982 -0.104858
v -0.055681 0.458572 -0.058658
v -0.053152 0.437746 -0.014302
v -0.050111 0.412704 0.027785
v -0.046588 0.383687 0.067197
v -0.042616 0.350976 0.103553
v -0.038234 0.314884 0.136505
v -0.033483 0.275760 0.165735
v -0.028410 0.233980 0.190961
v -0.023064 0.189947 0.211940
v -0.017495 0.144084 0.228470
v -0.011758 0.096834 0.240393
v -0.005907 0.048651 0.247592
v -0.107373 0.485870 -0.200991
v -0.105819 0.478840 -0.152455
v -0.103246 0.467198 -0.104858
v -0.099679 0.451057 -0.058658
v -0.095152 0.430572 -0.014302
v -0.089709 0.405941 0.027785
v -0.083402 0.377400 0.067197
v -0.076291 0.345224 0.103553
v -0.068446 0.309724 0.136505
v -0.059942 0.271241 0.165735
v -0.050860 0.230146 0.190961
v -0.041289 0.186834 0.211940
v -0.031319 0.141723 0.228470
v -0.021049 0.095247 0.240393
v -0.010575 0.047854 0.247592
v -0.153764 0.473238 -0.200991
v -0.151540 0.466391 -0.152455
v -0.147855 0.455052 -0.104858
v -0.142747 0.439331 -0.058658
v -0.136264 0.419378 -0.014302
v -0.128469 0.395387 0.027785
v -0.119437 0.367588 0.067197
v -0.109254 0.336249 0.103553
v -0.098019 0.301672 0.136505
v -0.085840 0.264189 0.165735
v -0.072835 0.224162 0.190961
v -0.059128 0.181977 0.211940
v -0.044851 0.138039 0.228470
v -0.030143 0.092771 0.240393
v -0.015144 0.046610 0.247592
v -0.198721 0.456189 -0.200991
v -0.195845 0.449588 -0.152455
v -0.191084 0.438658 -0.104858
v -0.184482 0.423503 -0.058658
v -0.176104 0.404269 -0.014302
v -0.166030 0.381142 0.027785
v -0.154356 0.354345 0.067197
v -0.141197 0.324135 0.103553
v -0.126677 0.290803 0.136505
v -0.110938 0.254671 0.165735
v -0.094130 0.216086 0.190961
v -0.076415 0.175421 0.211940
v -0.057965 0.133065 0.228470
v -0.038956 0.089429 0.240393
v -0.019572 0.044931 0.247592
v -0.241822 0.434880 -0.200991
v -0.238323 0.428587 -0.152455
v -0.232529 0.418168 -0.104858
v -0.224495 0.403721 -0.058658
v -0.214300 0.385385 -0.014302
v -0.202040 0.363339 0.027785
v -0.187835 0.337793 0.067197
v -0.171821 0.308994 0.103553
v -0.154152 0.277220 0.136505
v -0.134999 0.242775 0.165735
v -0.114545 0.205993 0.190961
v -0.092989 0.167227 0.211940
v -0.070537 0.126850 0.228470
v -0.047405 0.085251 0.240393
v -0.023817 0.042832 0.247592
v -0.282665 0.409510 -0.200991
v -0.278575 0.403585 -0.152455
v -0.271802 0.393773 -0.104858
v -0.262412 0.380169 -0.058658
v -0.250494 0.362903 -0.014302
v -0.236164 0.342143 0.027785
v -0.219560 0.318088 0.067197
v -0.200841 0.290969 0.103553
v -0.180188 0.261048 0.136505
v -0.157800 0.228613 0.165735
v -0.133892 0.193976 0.190961
v -0.108694 0.157471 0.211940
v -0.082450 0.119450 0.228470
v -0.055412 0.080278 0.240393
v -0.027840 0.040333 0.247592
v -0.320869 0.380318 -0.200991
v -0.316226 0.374815 -0.152455
v -0.308538 0.365702 -0.104858
v -0.297878 0.353068 -0.058658
v -0.284350 0.337033 -0.014302
v -0.268083 0.317753 0.027785
v -0.249235 0.295412 0.067197
v -0.227986 0.270226 0.103553
v -0.204542 0.242438 0.136505
v -0.179128 0.212316 0.165735
v -0.151988 0.180148 0.190961
v -0.123385 0.146245 0.211940
v -0.093594 0.110935 0.228470
v -0.062901 0.074555 0.240393
v -0.031603 0.037458 0.247592
v -0.356077 0.347574 -0.200991
v -0.350924 0.342545 -0.152455
v -0.342393 0.334217 -0.104858
v -0.330564 0.322670 -0.058658
v -0.315551 0.308016 -0.014302
v -0.297499 0.290395 0.027785
v -0.276583 0.269978 0.067197
v -0.253002 0.246961 0.103553
v -0.226986 0.221565 0.136505
v -0.198783 0.194036 0.165735
v -0.168666 0.164638 0.190961
v -0.136924 0.133654 0.211940
v -0.103864 0.101384 0.228470
v -0.069803 0.068136 0.240393
v -0.035070 0.034233 0.247592
v -0.387960 0.311585 -0.200991
v -0.382347 0.307077 -0.152455
v -0.373051 0.299611 -0.104858
v -0.360163 0.289260 -0.058658
v -0.343806 0.276123 -0.014302
v -0.324138 0.260327 0.027785
v -0.301348 0.242024 0.067197
v -0.275657 0.221390 0.103553
v -0.247310 0.198624 0.136505
v -0.216582 0.173945 0.165735
v -0.183768 0.147591 0.190961
v -0.149184 0.119815 0.211940
v -0.113164 0.090886 0.228470
v -0.076053 0.061081 0.240393
v -0.038211 0.030688 0.247592
v -0.416221 0.272687 -0.200991
v -0.410199 0.268741 -0.152455
v -0.400226 0.262208 -0.104858
v -0.386399 0.253149 -0.058658
v -0.368850 0.241652 -0.014302
v -0.347750 0.227828 0.027785
v -0.323300 0.211810 0.067197
v -0.295737 0.193752 0.103553
v -0.265326 0.173828 0.136505
v -0.232359 0.152230 0.165735
v -0.197155 0.129166 0.190961
v -0.160052 0.104858 0.211940
v -0.121407 0.079540 0.228470
v -0.081594 0.053456 0.240393
v -0.040994 0.026857 0.247592
v -0.440596 0.231243 -0.200991
v -0.434221 0.227897 -0.152455
v -0.423664 0.222356 -0.104858
v -0.409027 0.214674 -0.058658
v -0.390451 0.204925 -0.014302
v -0.368115 0.193202 0.027785
v -0.342233 0.179618 0.067197
v -0.313056 0.164304 0.103553
v -0.280864 0.147409 0.136505
v -0.245967 0.129093 0.165735
v -0.208701 0.109534 0.190961
v -0.169425 0.088921 0.211940
v -0.128517 0.067451 0.228470
v -0.086372 0.045331 0.240393
v -0.043395 0.022775 0.247592
v -0.460857 0.187640 -0.200991
v -0.454189 0.184925 -0.152455
v -0.443147 0.180429 -0.104858
v -0.427837 0.174195 -0.058658
v -0.408407 0.166284 -0.014302
v -0.385043 0.156771 0.027785
v -0.357971 0.145749 0.067197
v -0.327452 0.133323 0.103553
v -0.293779 0.119613 0.136505
v -0.257278 0.104751 0.165735
v -0.218298 0.088881 0.190961
v -0.177216 0.072154 0.211940
v -0.134427 0.054732 0.228470
v -0.090344 0.036784 0.240393
v -0.045390 0.018481 0.247592
v -0.476816 0.142284 -0.200991
v -0.469917 0.140226 -0.152455
v -0.458492 0.136816 -0.104858
v -0.442652 0.132090 -0.058658
v -0.422549 0.126091 -0.014302
v -0.398376 0.118878 0.027785
v -0.370367 0.110519 0.067197
v -0.338791 0.101097 0.103553
v -0.303952 0.090701 0.136505
v -0.266186 0.079431 0.165735
v -0.225857 0.067397 0.190961
v -0.183352 0.054713 0.211940
v -0.139082 0.041503 0.228470
v -0.093472 0.027893 0.240393
v -0.046962 0.014014 0.247592
v -0.488322 0.095601 -0.200991
v -0.481257 0.094218 -0.152455
v -0.469556 0.091927 -0.104858
v -0.453334 0.088751 -0.058658
v -0.432746 0.084720 -0.014302
v -0.407990 0.079874 0.027785
v -0.379305 0.074258 0.067197
v -0.346967 0.067927 0.103553
v -0.311287 0.060942 0.136505
v -0.272610 0.053370 0.165735
v -0.231307 0.045284 0.190961
v -0.187777 0.036762 0.211940
v -0.142438 0.027886 0.228470
v -0.095728 0.018741 0.240393
v -0.048096 0.009416 0.247592
v -0.495269 0.048025 -0.200991
v -0.488103 0.047330 -0.152455
v -0.476236 0.046179 -0.104858
v -0.459783 0.044584 -0.058658
v -0.438902 0.042559 -0.014302
v -0.413794 0.040124 0.027785
v -0.384701 0.037303 0.067197
v -0.351903 0.034123 0.103553
v -0.315716 0.030614 0.136505
v -0.276488 0.026810 0.165735
v -0.234598 0.022748 0.190961
v -0.190448 0.018467 0.211940
v -0.144465 0.014008 0.228470
v -0.097090 0.009414 0.240393
v -0.048780 0.004730 0.247592
v -0.495269 -0.048025 -0.200991
v -0.488103 -0.047330 -0.152455
v -0.476236 -0.046179 -0.104858
v -0.459783 -0.044584 -0.058658
v -0.438902 -0.042559 -0.014302
v -0.413794 -0.040124 0.027785
v -0.384701 -0.037303 0.067197
v -0.351903 -0.034123 0.103553
v -0.315716 -0.030614 0.136505
v -0.276488 -0.026810 0.165735
v -0.234598 -0.022748 0.190961
v -0.190448 -0.018467 0.211940
v -0.144465 -0.014008 0.228470
v -0.097090 -0.009414 0.240393
v -0.048780 -0.004730 0.247592
v -0.488322 -0.095601 -0.200991
v -0.481257 -0.094218 -0.152455
v -0.469556 -0.091927 -0.104858
v -0.453334 -0.088751 -0.058658
v -0.432746 -0.084720 -0.014302
v -0.407990 -0.079874 0.027785
v -0.379305 -0.074258 0.067197
v -0.346967 -0.067927 0.103553
v -0.311287 -0.060942 0.136505
v -0.272610 -0.053370 0.165735
v -0.231307 -0.045284 0.190961
v -0.187777 -0.036762 0.211940
v -0.142438 -0.027886 0.228470
v -0.095728 -0.018741 0.240393
v -0.048096 -0.009416 0.247592
v -0.476816 -0.142284 -0.200991
v -0.469917 -0.140226 -0.152455
v -0.458492 -0.136816 -0.104858
v -0.442652 -0.132090 -0.058658
v -0.422549 -0.126091 -0.014302
v -0.398376 -0.118878 0.027785
v -0.370367 -0.110519 0.067197
v -0.338791 -0.101097 0.103553
v -0.303952 -0.090701 0.136505
v -0.266186 -0.079431 0.165735
v -0.225857 -0.067397 0.190961
v -0.183352 -0.054713 0.211940
v -0.139082 -0.041503 0.228470
v -0.093472 -0.027893 0.240393
v -0.046962 -0.014014 0.247592
v -0.460857 -0.187640 -0.200991
v -0.454189 -0.184925 -0.152455
v -0.443147 -0.180429 -0.104858
v -0.427837 -0.174195 -0.058658
v -0.408407 -0.166284 -0.014302
v -0.385043 -0.156771 0.027785
v -0.357971 -0.145749 0.067197
v -0.327452 -0.133323 0.103553
v -0.293779 -0.119613 0.136505
v -0.257278 -0.104751 0.165735
v -0.218298 -0.088881 0.190961
v -0.177216 -0.072154 0.211940
v -0.134427 -0.054732 0.228470
v -0.090344 -0.036784 0.240393
v -0.045390 -0.018481 0.247592
v -0.440596 -0.231243 -0.200991
v -0.434221 -0.227897 -0.152455
v -0.423664 -0.222356 -0.104858
v -0.409027 -0.214674 -0.058658
v -0.390451 -0.204925 -0.014302
v -0.368115 -0.193202 0.027785
v -0.342233 -0.179618 0.067197
v -0.313056 -0.164304 0.103553
v -0.280864 -0.147409 0.136505
v -0.245967 -0.129093 0.165735
v -0.208701 -0.109534 0.190961
v -0.169425 -0.088921 0.211940
v -0.128517 -0.067451 0.228470
v -0.086372 -0.045331 0.240393
v -0.043395 -0.022775 0.247592
v -0.416221 -0.272687 -0.200991
v -0.410199 -0.268741 -0.152455
v -0.400226 -0.262208 -0.104858
v -0.386399 -0.253149 -0.058658
v -0.368850 -0.241652 -0.014302
v -0.347750 -0.227828 0.027785
v -0.323300 -0.211810 0.067197
v -0.295737 -0.193752 0.103553
v -0.265326 -0.173828 0.136505
v -0.232359 -0.152230 0.165735
v -0.197155 -0.129166 0.190961
v -0.160052 -0.104858 0.211940
v -0.121407 -0.079540 0.228470
v -0.081594 -0.053456 0.240393
v -0.040994 -0.026857 0.247592
v -0.387960 -0.311585 -0.200991
v -0.382347 -0.307077 -0.152455
v -0.373051 -0.299611 -0.104858
v -0.360163 -0.289260 -0.058658
v -0.343806 -0.276123 -0.014302
v -0.324138 -0.260327 0.027785
v -0.301348 -0.242024 0.067197
v -0.275657 -0.221390 0.103553
v -0.247310 -0.198624 0.136505
v -0.216582 -0.173945 0.165735
v -0.183768 -0.147591 0.190961
v -0.149184 -0.119815 0.211940
v -0.113164 -0.090886 0.228470
v -0.076053 -0.061081 0.240393
v -0.038211 -0.030688 0.247592
v -0.356077 -0.347574 -0.200991
v -0.350924 -0.342545 -0.152455
v -0.342393 -0.334217 -0.104858
v -0.330564 -0.322670 -0.058658
v -0.315551 -0.308016 -0.014302
v -0.297499 -0.290395 0.027785
v -0.276583 -0.269978 0.067197
v -0.253002 -0.246961 0.103553
v -0.226986 -0.221565 0.136505
v -0.198783 -0.194036 0.165735
v -0.168666 -0.164638 0.190961
v -0.136924 -0.133654 0.211940
v -0.103864 -0.101384 0.228470
v -0.069803 -0.068136 0.240393
v -0.035070 -0.034233 0.247592
v -0.320869 -0.380318 -0.200991
v -0.316226 -0.374815 -0.152455
v -0.308538 -0.365702 -0.104858
v -0.297878 -0.353068 -0.058658
v -0.284350 -0.337033 -0.014302
v -0.268083 -0.317753 0.027785
v -0.249235 -0.295412 0.067197
v -0.227986 -0.270226 0.103553
v -0.204542 -0.242438 0.136505
v -0.179128 -0.212316 0.165735
v -0.151988 -0.180148 0.190961
v -0.123385 -0.146245 0.211940
v -0.093594 -0.110935 0.228470
v -0.062901 -0.074555 0.240393
v -0.031603 -0.037458 0.247592
v -0.282665 -0.409510 -0.200991
v -0.278575 -0.403585 -0.152455
v -0.271802 -0.393773 -0.104858
v -0.262412 -0.380169 -0.058658
v -0.250494 -0.362903 -0.014302
v -0.236164 -0.342143 0.027785
v -0.219560 -0.318088 0.067197
v -0.200841 -0.290969 0.103553
v -0.180188 -0.261048 0.136505
v -0.157800 -0.228613 0.165735
v -0.133892 -0.193976 0.190961
v -0.108694 -0.157471 0.211940
v -0.082450 -0.119450 0.228470
v -0.055412 -0.080278 0.240393
v -0.027840 -0.040333 0.247592
v -0.241822 -0.434880 -0.200991
v -0.238323 -0.428587 -0.152455
v -0.232529 -0.418168 -0.104858
v -0.224495 -0.403721 -0.058658
v -0.214300 -0.385385 -0.014302
v -0.202040 -0.363339 0.027785
v -0.187835 -0.337793 0.067197
v -0.171821 -0.308994 0.103553
v -0.154152 -0.277220 0.136505
v -0.134999 -0.242775 0.165735
v -0.114545 -0.205993 0.190961
v -0.092989 -0.167227 0.211940
v -0.070537 -0.126850 0.228470
v -0.047405 -0.085251 0.240393
v -0.023817 -0.042832 0.247592
v -0.198721 -0.456189 -0.200991
v -0.195845 -0.449588 -0.152455
v -0.191084 -0.438658 -0.104858
v -0.184482 -0.423503 -0.058658
v -0.176104 -0.404269 -0.014302
v -0.166030 -0.381142 0.027785
v -0.154356 -0.354345 0.067197
v -0.141197 -0.324135 0.103553
v -0.126677 -0.290803 0.136505
v -0.110938 -0.254671 0.165735
v -0.094130 -0.216086 0.190961
v -0.076415 -0.175421 0.211940
v -0.057965 -0.133065 0.228470
v -0.038956 -0.089429 0.240393
v -0.019572 -0.044931 0.247592
v -0.153764 -0.473238 -0.200991
v -0.151540 -0.466391 -0.152455
v -0.147855 -0.455052 -0.104858
v -0.142747 -0.439331 -0.058658
v -0.136264 -0.419378 -0.014302
v -0.128469 -0.395387 0.027785
v -0.119437 -0.367588 0.067197
v -0.109254 -0.336249 0.103553
v -0.098019 -0.301672 0.136505
v -0.085840 -0.264189 0.165735
v -0.072835 -0.224162 0.190961
v -0.059128 -0.181977 0.211940
v -0.044851 -0.138039 0.228470
v -0.030143 -0.092771 0.240393
v -0.015144 -0.046610 0.247592
v -0.107373 -0.485870 -0.200991
v -0.105819 -0.478840 -0.152455
v -0.103246 -0.467198 -0.104858
v -0.099679 -0.451057 -0.058658
v -0.095152 -0.430572 -0.014302
v -0.089709 -0.405941 0.027785
v -0.083402 -0.377400 0.067197
v -0.076291 -0.345224 0.103553
v -0.068446 -0.309724 0.136505
v -0.059942 -0.271241 0.165735
v -0.050860 -0.230146 0.190961
v -0.041289 -0.186834 0.211940
v -0.031319 -0.141723 0.228470
v -0.021049 -0.095247 0.240393
v -0.010575 -0.047854 0.247592
v -0.059978 -0.493964 -0.200991
v -0.059110 -0.486817 -0.152455
v -0.057673 -0.474982 -0.104858
v -0.055681 -0.458572 -0.058658
v -0.053152 -0.437746 -0.014302
v -0.050111 -0.412704 0.027785
v -0.046588 -0.383687 0.067197
v -0.042616 -0.350976 0.103553
v -0.038234 -0.314884 0.136505
v -0.033483 -0.275760 0.165735
v -0.028410 -0.233980 0.190961
v -0.023064 -0.189947 0.211940
v -0.017495 -0.144084 0.228470
v -0.011758 -0.096834 0.240393
v -0.005907 -0.048651 0.247592
vt -0.000000 -50.000000 0.000000
vt 4.825696 -49.766582 0.000000
vt -4.825696 -49.766582 0.000000
vt -9.606336 -49.068506 0.000000
vt 9.606336 -49.068506 0.000000
vt -14.297284 -47.912291 0.000000
vt 14.297284 -47.912291 0.000000
vt -18.854742 -46.308732 0.000000
vt 18.854742 -46.308732 0.000000
vt -23.236159 -44.272801 0.000000
vt 23.236159 -44.272801 0.000000
vt -27.400625 -41.823507 0.000000
vt 27.400625 -41.823507 0.000000
vt -31.309260 -38.983718 0.000000
vt 31.309260 -38.983718 0.000000
vt -34.925568 -35.779948 0.000000
vt 34.925568 -35.779948 0.000000
vt -38.215786 -32.242111 0.000000
vt 38.215786 -32.242111 0.000000
vt -41.149193 -28.403237 0.000000
vt 41.149193 -28.403237 0.000000
vt -43.698402 -24.299171 0.000000
vt 43.698402 -24.299171 0.000000
vt -45.839610 -19.968229 0.000000
vt 45.839610 -19.968229 0.000000
vt -47.552826 -15.450850 0.000000
vt 47.552826 -15.450850 0.000000
vt -48.822054 -10.789210 0.000000
vt 48.822054 -10.789210 0.000000
vt -49.635444 -6.026834 0.000000
vt 49.635444 -6.026834 0.000000
vt -49.985401 -1.208187 0.000000
vt 49.985401 -1.208187 0.000000
vt -49.868657 3.621740 0.000000
vt 49.868657 3.621740 0.000000
vt -49.286304 8.417852 0.000000
vt 49.286304 8.417852 0.000000
vt -48.243778 13.135369 0.000000
vt 48.243778 13.135369 0.000000
vt -46.750812 17.730244 0.000000
vt 46.750812 17.730244 0.000000
vt -44.821347 22.159577 0.000000
vt 44.821347 22.159577 0.000000
vt -42.473397 26.382012 0.000000
vt 42.473397 26.382012 0.000000
vt -39.728884 30.358125 0.000000
vt 39.728884 30.358125 0.000000
vt -36.613433 34.050793 0.000000
vt 36.613433 34.050793 0.000000
vt -33.156133 37.425537 0.000000
vt 33.156133 37.425537 0.000000
vt -29.389263 40.450850 0.000000
vt 29.389263 40.450850 0.000000
vt -25.347993 43.098483 0.000000
vt 25.347993 43.098483 0.000000
vt -21.070055 45.343718 0.000000
vt 21.070055 45.343718 0.000000
vt -16.595393 47.165591 0.000000
vt 16.595393 47.165591 0.000000
vt -11.965783 48.547091 0.000000
vt 11.965783 48.547091 0.000000
vt -7.224452 49.475320 0.000000
vt 7.224452 49.475320 0.000000
vt -2.415669 49.941611 0.000000
vt 2.415669 49.941611 0.000000
vt -0.000000 -52.118434 0.000000
vt -4.908739 -52.972835 0.000000
vt -0.000000 -55.536037 0.000000
vt -4.908739 -56.390437 0.000000
vt -0.000000 -58.953639 0.000000
vt -4.908739 -59.808040 0.000000
vt -0.000000 -62.371241 0.000000
vt -4.908739 -63.225642 0.000000
vt -0.000000 -65.788843 0.000000
vt -4.908739 -66.643244 0.000000
vt -0.000000 -69.206446 0.000000
vt -4.908739 -70.060846 0.000000
vt -0.000000 -72.624048 0.000000
vt -4.908739 -73.478449 0.000000
vt -0.000000 -76.041650 0.000000
vt -4.908739 -76.896051 0.000000
vt -0.000000 -79.459253 0.000000
vt -4.908739 -80.313653 0.000000
vt -0.000000 -82.876855 0.000000
vt -4.908739 -83.731255 0.000000
vt -0.000000 -86.294457 0.000000
vt -4.908739 -87.148858 0.000000
vt -0.000000 -89.712059 0.000000
vt -4.908739 -90.566460 0.000000
vt -0.000000 -93.129662 0.000000
vt -4.908739 -93.984062 0.000000
vt -0.000000 -96.547264 0.000000
vt -4.908739 -97.401664 0.000000
vt -0.000000 -99.964866 0.000000
vt -4.908739 -100.819267 0.000000
vt -0.000000 -103.382468 0.000000
vt -4.908739 -104.236869 0.000000
vt -0.000000 -106.800071 0.000000
vt -4.908739 -107.654471 0.000000
vt -0.000000 -110.217673 0.000000
vt -4.908739 -111.072073 0.000000
vt 0.000000 -113.635275 0.000000
vt -0.000000 108.508872 0.000000
vt -4.908739 111.072073 0.000000
vt -4.908739 107.654471 0.000000
vt -0.000000 105.091269 0.000000
vt -4.908739 104.236869 0.000000
vt -0.000000 101.673667 0.000000
vt -4.908739 100.819267 0.000000
vt -0.000000 98.256065 0.000000
vt -4.908739 97.401664 0.000000
vt -0.000000 94.838463 0.000000
vt -4.908739 93.984062 0.000000
vt -0.000000 91.420860 0.000000
vt -4.908739 90.566460 0.000000
vt -0.000000 88.003258 0.000000
vt -4.908739 87.148858 0.000000
vt -0.000000 84.585656 0.000000
vt -4.908739 83.731255 0.000000
vt -0.000000 81.168054 0.000000
vt -4.908739 80.313653 0.000000
vt -0.000000 77.750451 0.000000
vt -4.908739 76.896051 0.000000
vt -0.000000 74.332849 0.000000
vt -4.908739 73.478449 0.000000
vt -0.000000 70.915247 0.000000
vt -4.908739 70.060846 0.000000
vt -0.000000 67.497645 0.000000
vt -4.908739 66.643244 0.000000
vt -0.000000 64.080042 0.000000
vt -4.908739 63.225642 0.000000
vt -0.000000 60.662440 0.000000
vt -4.908739 59.808040 0.000000
vt -0.000000 57.244838 0.000000
vt -4.908739 56.390437 0.000000
vt -0.000000 53.827236 0.000000
vt -4.908739 52.972835 0.000000
vt -0.000000 50.409633 0.000000
vt -4.908739 49.555233 0.000000
vt -0.000000 46.992031 0.000000
vt -4.908739 46.137630 0.000000
vt -0.000000 43.574429 0.000000
vt -4.908739 42.720028 0.000000
vt -0.000000 40.156827 0.000000
vt -4.908739 39.302426 0.000000
vt -0.000000 36.739224 0.000000
vt -4.908739 35.884824 0.000000
vt -0.000000 33.321622 0.000000
vt -4.908739 32.467221 0.000000
vt -0.000000 29.904020 0.000000
vt -4.908739 29.049619 0.000000
vt -0.000000 26.486418 0.000000
vt -4.908739 25.632017 0.000000
vt -0.000000 23.068815 0.000000
vt -4.908739 22.214415 0.000000
vt -0.000000 19.651213 0.000000
vt -4.908739 18.796812 0.000000
vt -0.000000 16.233611 0.000000
vt -4.908739 15.379210 0.000000
vt -0.000000 12.816008 0.000000
vt -4.908739 11.961608 0.000000
vt -0.000000 9.398406 0.000000
vt -4.908739 8.544006 0.000000
vt -0.000000 5.980804 0.000000
vt -4.908739 5.126403 0.000000
vt -0.000000 2.563202 0.000000
vt -4.908739 1.708801 0.000000
vt -0.000000 -0.854401 0.000000
vt -4.908739 -1.708801 0.000000
vt -0.000000 -4.272003 0.000000
vt -4.908739 -5.126403 0.000000
vt -0.000000 -7.689605 0.000000
vt -4.908739 -8.544006 0.000000
vt -0.000000 -11.107207 0.000000
vt -4.908739 -11.961608 0.000000
vt -0.000000 -14.524810 0.000000
vt -4.908739 -15.379210 0.000000
vt -0.000000 -17.942412 0.000000
vt -4.908739 -18.796812 0.000000
vt -0.000000 -21.360014 0.000000
vt -4.908739 -22.214415 0.000000
vt -0.000000 -24.777616 0.000000
vt -4.908739 -25.632017 0.000000
vt -0.000000 -28.195219 0.000000
vt -4.908739 -29.049619 0.000000
vt -0.000000 -31.612821 0.000000
vt -4.908739 -32.467221 0.000000
vt -0.000000 -35.030423 0.000000
vt -4.908739 -35.884824 0.000000
vt -0.000000 -38.448025 0.000000
vt -4.908739 -39.302426 0.000000
vt -0.000000 -41.865628 0.000000
vt -4.908739 -42.720028 0.000000
vt -0.000000 -45.283230 0.000000
vt -4.908739 -46.137630 0.000000
vt -0.000000 -48.700832 0.000000
vt -4.908739 -49.555233 0.000000
vt -73.631078 111.072073 0.000000
vt -78.539816 111.072073 0.000000
vt -73.631078 107.654471 0.000000
vt -78.539816 107.654471 0.000000
vt -73.631078 104.236869 0.000000
vt -78.539816 104.236869 0.000000
vt -73.631078 100.819267 0.000000
vt -78.539816 100.819267 0.000000
vt -73.631078 97.401664 0.000000
vt -78.539816 97.401664 0.000000
vt -73.631078 93.984062 0.000000
vt -78.539816 93.984062 0.000000
vt -73.631078 90.566460 0.000000
vt -78.539816 90.566460 0.000000
vt -73.631078 87.148858 0.000000
vt -78.539816 87.148858 0.000000
vt -73.631078 83.731255 0.000000
vt -78.539816 83.731255 0.000000
vt -73.631078 80.313653 0.000000
vt -78.539816 80.313653 0.000000
vt -73.631078 76.896051 0.000000
vt -78.539816 76.896051 0.000000
vt -73.631078 73.478449 0.000000
vt -78.539816 73.478449 0.000000
vt -73.631078 70.060846 0.000000
vt -78.539816 70.060846 0.000000
vt -73.631078 66.643244 0.000000
vt -78.539816 66.643244 0.000000
vt -73.631078 63.225642 0.000000
vt -78.539816 63.225642 0.000000
vt -73.631078 59.808040 0.000000
vt -78.539816 59.808040 0.000000
vt -73.631078 56.390437 0.000000
vt -78.539816 56.390437 0.000000
vt -73.631078 52.972835 0.000000
vt -78.539816 52.972835 0.000000
vt -73.631078 49.555233 0.000000
vt -78.539816 49.555233 0.000000
vt -73.631078 46.137630 0.000000
vt -78.539816 46.137630 0.000000
vt -73.631078 42.720028 0.000000
vt -78.539816 42.720028 0.000000
vt -73.631078 39.302426 0.000000
vt -78.539816 39.302426 0.000000
vt -73.631078 35.884824 0.000000
vt -73.631078 32.467221 0.000000
vt -78.539816 32.467221 0.000000
vt -73.631078 29.049619 0.000000
vt -78.539816 29.049619 0.000000
vt -73.631078 25.632017 0.000000
vt -78.539816 25.632017 0.000000
vt -73.631078 22.214415 0.000000
vt -78.539816 22.214415 0.000000
vt -73.631078 18.796812 0.000000
vt -78.539816 18.796812 0.000000
vt -73.631078 15.379210 0.000000
vt -78.539816 15.379210 0.000000
vt -73.631078 11.961608 0.000000
vt -78.539816 11.961608 0.000000
vt -73.631078 8.544006 0.000000
vt -78.539816 8.544006 0.000000
vt -73.631078 5.126403 0.000000
vt -78.539816 5.126403 0.000000
vt -73.631078 1.708801 0.000000
vt -78.539816 1.708801 0.000000
vt -73.631078 -1.708801 0.000000
vt -78.539816 -1.708801 0.000000
vt -73.631078 -5.126403 0.000000
vt -78.539816 -5.126403 0.000000
vt -73.631078 -8.544006 0.000000
vt -78.539816 -8.544006 0.000000
vt -73.631078 -11.961608 0.000000
vt -78.539816 -11.961608 0.000000
vt -73.631078 -15.379210 0.000000
vt -78.539816 -15.379210 0.000000
vt -73.631078 -18.796812 0.000000
vt -78.539816 -18.796812 0.000000
vt -73.631078 -22.214415 0.000000
vt -78.539816 -22.214415 0.000000
vt -73.631078 -25.632017 0.000000
vt -78.539816 -25.632017 0.000000
vt -73.631078 -29.049619 0.000000
vt -78.539816 -29.049619 0.000000
vt -73.631078 -32.467221 0.000000
vt -78.539816 -32.467221 0.000000
vt -73.631078 -35.884824 0.000000
vt -78.539816 -35.884824 0.000000
vt -73.631078 -39.302426 0.000000
vt -73.631078 -42.720028 0.000000
vt -78.539816 -42.720028 0.000000
vt -73.631078 -46.137630 0.000000
vt -78.539816 -46.137630 0.000000
vt -73.631078 -49.555233 0.000000
vt -78.539816 -49.555233 0.000000
vt -73.631078 -52.972835 0.000000
vt -78.539816 -52.972835 0.000000
vt -73.631078 -56.390437 0.000000
vt -78.539816 -56.390437 0.000000
vt -73.631078 -59.808040 0.000000
vt -78.539816 -59.808040 0.000000
vt -73.631078 -63.225642 0.000000
vt -78.539816 -63.225642 0.000000
vt -73.631078 -66.643244 0.000000
vt -78.539816 -66.643244 0.000000
vt -73.631078 -70.060846 0.000000
vt -78.539816 -70.060846 0.000000
vt -73.631078 -73.478449 0.000000
vt -78.539816 -73.478449 0.000000
vt -73.631078 -76.896051 0.000000
vt -78.539816 -76.896051 0.000000
vt -73.631078 -80.313653 0.000000
vt -78.539816 -80.313653 0.000000
vt -73.631078 -83.731255 0.000000
vt -78.539816 -83.731255 0.000000
vt -73.631078 -87.148858 0.000000
vt -78.539816 -87.148858 0.000000
vt -73.631078 -90.566460 0.000000
vt -78.539816 -90.566460 0.000000
vt -73.631078 -93.984062 0.000000
vt -78.539816 -93.984062 0.000000
vt -73.631078 -97.401664 0.000000
vt -78.539816 -97.401664 0.000000
vt -73.631078 -100.819267 0.000000
vt -78.539816 -100.819267 0.000000
vt -73.631078 -104.236869 0.000000
vt -78.539816 -104.236869 0.000000
vt -73.631078 -107.654471 0.000000
vt -78.539816 -107.654471 0.000000
vt -73.631078 -111.072073 0.000000
vt -9.817477 111.072073 0.000000
vt -9.817477 107.654471 0.000000
vt -9.817477 104.236869 0.000000
vt -9.817477 100.819267 0.000000
vt -9.817477 97.401664 0.000000
vt -9.817477 93.984062 0.000000
vt -9.817477 90.566460 0.000000
vt -9.817477 87.148858 0.000000
vt -9.817477 83.731255 0.000000
vt -9.817477 80.313653 0.000000
vt -9.817477 76.896051 0.000000
vt -9.817477 73.478449 0.000000
vt -9.817477 70.060846 0.000000
vt -9.817477 66.643244 0.000000
vt -9.817477 63.225642 0.000000
vt -9.817477 59.808040 0.000000
vt -9.817477 56.390437 0.000000
vt -9.817477 52.972835 0.000000
vt -9.817477 49.555233 0.000000
vt -9.817477 46.137630 0.000000
vt -9.817477 42.720028 0.000000
vt -9.817477 39.302426 0.000000
vt -9.817477 35.884824 0.000000
vt -9.817477 32.467221 0.000000
vt -9.817477 29.049619 0.000000
vt -9.817477 25.632017 0.000000
vt -9.817477 22.214415 0.000000
vt -9.817477 18.796812 0.000000
vt -9.817477 15.379210 0.000000
vt -9.817477 11.961608 0.000000
vt -9.817477 8.544006 0.000000
vt -9.817477 5.126403 0.000000
vt -9.817477 1.708801 0.000000
vt -9.817477 -1.708801 0.000000
vt -9.817477 -5.126403 0.000000
vt -9.817477 -8.544006 0.000000
vt -9.817477 -11.961608 0.000000
vt -9.817477 -15.379210 0.000000
vt -9.817477 -18.796812 0.000000
vt -9.817477 -22.214415 0.000000
vt -9.817477 -25.632017 0.000000
vt -9.817477 -29.049619 0.000000
vt -9.817477 -32.467221 0.000000
vt -9.817477 -35.884824 0.000000
vt -9.817477 -39.302426 0.000000
vt -9.817477 -42.720028 0.000000
vt -9.817477 -46.137630 0.000000
vt -9.817477 -49.555233 0.000000
vt -9.817477 -52.972835 0.000000
vt -9.817477 -56.390437 0.000000
vt -9.817477 -59.808040 0.000000
vt -9.817477 -63.225642 0.000000
vt -9.817477 -66.643244 0.000000
vt -9.817477 -70.060846 0.000000
vt -9.817477 -73.478449 0.000000
vt -9.817477 -76.896051 0.000000
vt -9.817477 -80.313653 0.000000
vt -9.817477 -83.731255 0.000000
vt -9.817477 -87.148858 0.000000
vt -9.817477 -90.566460 0.000000
vt -9.817477 -93.984062 0.000000
vt -9.817477 -97.401664 0.000000
vt -9.817477 -100.819267 0.000000
vt -9.817477 -104.236869 0.000000
vt -9.817477 -107.654471 0.000000
vt -9.817477 -111.072073 0.000000
vt -14.726216 111.072073 0.000000
vt -14.726216 107.654471 0.000000
vt -14.726216 104.236869 0.000000
vt -14.726216 100.819267 0.000000
vt -14.726216 97.401664 0.000000
vt -14.726216 93.984062 0.000000
vt -14.726216 90.566460 0.000000
vt -14.726216 87.148858 0.000000
vt -14.726216 83.731255 0.000000
vt -14.726216 80.313653 0.000000
vt -14.726216 76.896051 0.000000
vt -14.726216 73.478449 0.000000
vt -14.726216 70.060846 0.000000
vt -14.726216 66.643244 0.000000
vt -14.726216 63.225642 0.000000
vt -14.726216 59.808040 0.000000
vt -14.726216 56.390437 0.000000
vt -14.726216 52.972835 0.000000
vt -14.726216 49.555233 0.000000
vt -14.726216 46.137630 0.000000
vt -14.726216 42.720028 0.000000
vt -14.726216 39.302426 0.000000
vt -14.726216 35.884824 0.000000
vt -14.726216 32.467221 0.000000
vt -14.726216 29.049619 0.000000
vt -14.726216 25.632017 0.000000
vt -14.726216 22.214415 0.000000
vt -14.726216 18.796812 0.000000
vt -14.726216 15.379210 0.000000
vt -14.726216 11.961608 0.000000
vt -14.726216 8.544006 0.000000
vt -14.726216 5.126403 0.000000
vt -14.726216 1.708801 0.000000
vt -14.726216 -1.708801 0.000000
vt -14.726216 -5.126403 0.000000
vt -14.726216 -8.544006 0.000000
vt -14.726216 -11.961608 0.000000
vt -14.726216 -15.379210 0.000000
vt -14.726216 -18.796812 0.000000
vt -14.726216 -22.214415 0.000000
vt -14.726216 -25.632017 0.000000
vt -14.726216 -29.049619 0.000000
vt -14.726216 -32.467221 0.000000
vt -14.726216 -35.884824 0.000000
vt -14.726216 -39.302426 0.000000
vt -14.726216 -42.720028 0.000000
vt -14.726216 -46.137630 0.000000
vt -14.726216 -49.555233 0.000000
vt -14.726216 -52.972835 0.000000
vt -14.726216 -56.390437 0.000000
vt -14.726216 -59.808040 0.000000
vt -14.726216 -63.225642 0.000000
vt -14.726216 -66.643244 0.000000
vt -14.726216 -70.060846 0.000000
vt -14.726216 -73.478449 0.000000
vt -14.726216 -76.896051 0.000000
vt -14.726216 -80.313653 0.000000
vt -14.726216 -83.731255 0.000000
vt -14.726216 -87.148858 0.000000
vt -14.726216 -90.566460 0.000000
vt -14.726216 -93.984062 0.000000
vt -14.726216 -97.401664 0.000000
vt -14.726216 -100.819267 0.000000
vt -14.726216 -104.236869 0.000000
vt -14.726216 -107.654471 0.000000
vt -14.726216 -111.072073 0.000000
vt -19.634954 111.072073 0.000000
vt -19.634954 107.654471 0.000000
vt -19.634954 104.236869 0.000000
vt -19.634954 100.819267 0.000000
vt -19.634954 97.401664 0.000000
vt -19.634954 93.984062 0.000000
vt -19.634954 90.566460 0.000000
vt -19.634954 87.148858 0.000000
vt -19.634954 83.731255 0.000000
vt -19.634954 80.313653 0.000000
vt -19.634954 76.896051 0.000000
vt -19.634954 73.478449 0.000000
vt -19.634954 70.060846 0.000000
vt -19.634954 66.643244 0.000000
vt -19.634954 63.225642 0.000000
vt -19.634954 59.808040 0.000000
vt -19.634954 56.390437 0.000000
vt -19.634954 52.972835 0.000000
vt -19.634954 49.555233 0.000000
vt -19.634954 46.137630 0.000000
vt -19.634954 42.720028 0.000000
vt -19.634954 39.302426 0.000000
vt -19.634954 35.884824 0.000000
vt -19.634954 32.467221 0.000000
vt -19.634954 29.049619 0.000000
vt -19.634954 25.632017 0.000000
vt -19.634954 22.214415 0.000000
vt -19.634954 18.796812 0.000000
vt -19.634954 15.379210 0.000000
vt -19.634954 11.961608 0.000000
vt -19.634954 8.544006 0.000000
vt -19.634954 5.126403 0.000000
vt -19.634954 1.708801 0.000000
vt -19.634954 -1.708801 0.000000
vt -19.634954 -5.126403 0.000000
vt -19.634954 -8.544006 0.000000
vt -19.634954 -11.961608 0.000000
vt -19.634954 -15.379210 0.000000
vt -19.634954 -18.796812 0.000000
vt -19.634954 -22.214415 0.000000
vt -19.634954 -25.632017 0.000000
vt -19.634954 -29.049619 0.000000
vt -19.634954 -32.467221 0.000000
vt -19.634954 -35.884824 0.000000
vt -19.634954 -39.302426 0.000000
vt -19.634954 -42.720028 0.000000
vt -19.634954 -46.137630 0.000000
vt -19.634954 -49.555233 0.000000
vt -19.634954 -52.972835 0.000000
vt -19.634954 -56.390437 0.000000
vt -19.634954 -59.808040 0.000000
vt -19.634954 -63.225642 0.000000
vt -19.634954 -66.643244 0.000000
vt -19.634954 -70.060846 0.000000
vt -19.634954 -73.478449 0.000000
vt -19.634954 -76.896051 0.000000
vt -19.634954 -80.313653 0.000000
vt -19.634954 -83.731255 0.000000
vt -19.634954 -87.148858 0.000000
vt -19.634954 -90.566460 0.000000
vt -19.634954 -93.984062 0.000000
vt -19.634954 -97.401664 0.000000
vt -19.634954 -100.819267 0.000000
vt -19.634954 -104.236869 0.000000
vt -19.634954 -107.654471 0.000000
vt -19.634954 -111.072073 0.000000
vt -24.543693 111.072073 0.000000
vt -24.543693 107.654471 0.000000
vt -24.543693 104.236869 0.000000
vt -24.543693 100.819267 0.000000
vt -24.543693 97.401664 0.000000
vt -24.543693 93.984062 0.000000
vt -24.543693 90.566460 0.000000
vt -24.543693 87.148858 0.000000
vt -24.543693 83.731255 0.000000
vt -24.543693 80.313653 0.000000
vt -24.543693 76.896051 0.000000
vt -24.543693 73.478449 0.000000
vt -24.543693 70.060846 0.000000
vt -24.543693 66.643244 0.000000
vt -24.543693 63.225642 0.000000
vt -24.543693 59.808040 0.000000
vt -24.543693 56.390437 0.000000
vt -24.543693 52.972835 0.000000
vt -24.543693 49.555233 0.000000
vt -24.543693 46.137630 0.000000
vt -24.543693 42.720028 0.000000
vt -24.543693 39.302426 0.000000
vt -24.543693 35.884824 0.000000
vt -24.543693 32.467221 0.000000
vt -24.543693 29.049619 0.000000
vt -24.543693 25.632017 0.000000
vt -24.543693 22.214415 0.000000
vt -24.543693 18.796812 0.000000
vt -24.543693 15.379210 0.000000
vt -24.543693 11.961608 0.000000
vt -24.543693 8.544006 0.000000
vt -24.543693 5.126403 0.000000
vt -24.543693 1.708801 0.000000
vt -24.543693 -1.708801 0.000000
vt -24.543693 -5.126403 0.000000
vt -24.543693 -8.544006 0.000000
vt -24.543693 -11.961608 0.000000
vt -24.543693 -15.379210 0.000000
vt -24.543693 -18.796812 0.000000
vt -24.543693 -22.214415 0.000000
vt -24.543693 -25.632017 0.000000
vt -24.543693 -29.049619 0.000000
vt -24.543693 -32.467221 0.000000
vt -24.543693 -35.884824 0.000000
vt -24.543693 -39.302426 0.000000
vt -24.543693 -42.720028 0.000000
vt -24.543693 -46.137630 0.000000
vt -24.543693 -49.555233 0.000000
vt -24.543693 -52.972835 0.000000
vt -24.543693 -56.390437 0.000000
vt -24.543693 -59.808040 0.000000
vt -24.543693 -63.225642 0.000000
vt -24.543693 -66.643244 0.000000
vt -24.543693 -70.060846 0.000000
vt -24.543693 -73.478449 0.000000
vt -24.543693 -76.896051 0.000000
vt -24.543693 -80.313653 0.000000
vt -24.543693 -83.731255 0.000000
vt -24.543693 -87.148858 0.000000
vt -24.543693 -90.566460 0.000000
vt -24.543693 -93.984062 0.000000
vt -24.543693 -97.401664 0.000000
vt -24.543693 -100.819267 0.000000
vt -24.543693 -104.236869 0.000000
vt -24.543693 -107.654471 0.000000
vt -24.543693 -111.072073 0.000000
vt -29.452431 111.072073 0.000000
vt -29.452431 107.654471 0.000000
vt -29.452431 104.236869 0.000000
vt -29.452431 100.819267 0.000000
vt -29.452431 97.401664 0.000000
vt -29.452431 93.984062 0.000000
vt -29.452431 90.566460 0.000000
vt -29.452431 87.148858 0.000000
vt -29.452431 83.731255 0.000000
vt -29.452431 80.313653 0.000000
vt -29.452431 76.896051 0.000000
vt -29.452431 73.478449 0.000000
vt -29.452431 70.060846 0.000000
vt -29.452431 66.643244 0.000000
vt -29.452431 63.225642 0.000000
vt -29.452431 59.808040 0.000000
vt -29.452431 56.390437 0.000000
vt -29.452431 52.972835 0.000000
vt -29.452431 49.555233 0.000000
vt -29.452431 46.137630 0.000000
vt -29.452431 42.720028 0.000000
vt -29.452431 39.302426 0.000000
vt -29.452431 35.884824 0.000000
vt -29.452431 32.467221 0.000000
vt -29.452431 29.049619 0.000000
vt -29.452431 25.632017 0.000000
vt -29.452431 22.214415 0.000000
vt -29.452431 18.796812 0.000000
vt -29.452431 15.379210 0.000000
vt -29.452431 11.961608 0.000000
vt -29.452431 8.544006 0.000000
vt -29.452431 5.126403 0.000000
vt -29.452431 1.708801 0.000000
vt -29.452431 -1.708801 0.000000
vt -29.452431 -5.126403 0.000000
vt -29.452431 -8.544006 0.000000
vt -29.452431 -11.961608 0.000000
vt -29.452431 -15.379210 0.000000
vt -29.452431 -18.796812 0.000000
vt -29.452431 -22.214415 0.000000
vt -29.452431 -25.632017 0.000000
vt -29.452431 -29.049619 0.000000
vt -29.452431 -32.467221 0.000000
vt -29.452431 -35.884824 0.000000
vt -29.452431 -39.302426 0.000000
vt -29.452431 -42.720028 0.000000
vt -29.452431 -46.137630 0.000000
vt -29.452431 -49.555233 0.000000
vt -29.452431 -52.972835 0.000000
vt -29.452431 -56.390437 0.000000
vt -29.452431 -59.808040 0.000000
vt -29.452431 -63.225642 0.000000
vt -29.452431 -66.643244 0.000000
vt -29.452431 -70.060846 0.000000
vt -29.452431 -73.478449 0.000000
vt -29.452431 -76.896051 0.000000
vt -29.452431 -80.313653 0.000000
vt -29.452431 -83.731255 0.000000
vt -29.452431 -87.148858 0.000000
vt -29.452431 -90.566460 0.000000
vt -29.452431 -93.984062 0.000000
vt -29.452431 -97.401664 0.000000
vt -29.452431 -100.819267 0.000000
vt -29.452431 -104.236869 0.000000
vt -29.452431 -107.654471 0.000000
vt -29.452431 -111.072073 0.000000
vt -34.361170 111.072073 0.000000
vt -34.361170 107.654471 0.000000
vt -34.361170 104.236869 0.000000
vt -34.361170 100.819267 0.000000
vt -34.361170 97.401664 0.000000
vt -34.361170 93.984062 0.000000
vt -34.361170 90.566460 0.000000
vt -34.361170 87.148858 0.000000
vt -34.361170 83.731255 0.000000
vt -34.361170 80.313653 0.000000
vt -34.361170 76.896051 0.000000
vt -34.361170 73.478449 0.000000
vt -34.361170 70.060846 0.000000
vt -34.361170 66.643244 0.000000
vt -34.361170 63.225642 0.000000
vt -34.361170 59.808040 0.000000
vt -34.361170 56.390437 0.000000
vt -34.361170 52.972835 0.000000
vt -34.361170 49.555233 0.000000
vt -34.361170 46.137630 0.000000
vt -34.361170 42.720028 0.000000
vt -34.361170 39.302426 0.000000
vt -34.361170 35.884824 0.000000
vt -34.361170 32.467221 0.000000
vt -34.361170 29.049619 0.000000
vt -34.361170 25.632017 0.000000
vt -34.361170 22.214415 0.000000
vt -34.361170 18.796812 0.000000
vt -34.361170 15.379210 0.000000
vt -34.361170 11.961608 0.000000
vt -34.361170 8.544006 0.000000
vt -34.361170 5.126403 0.000000
vt -34.361170 1.708801 0.000000
vt -34.361170 -1.708801 0.000000
vt -34.361170 -5.126403 0.000000
vt -34.361170 -8.544006 0.000000
vt -34.361170 -11.961608 0.000000
vt -34.361170 -15.379210 0.000000
vt -34.361170 -18.796812 0.000000
vt -34.361170 -22.214415 0.000000
vt -34.361170 -25.632017 0.000000
vt -34.361170 -29.049619 0.000000
vt -34.361170 -32.467221 0.000000
vt -34.361170 -35.884824 0.000000
vt -34.361170 -39.302426 0.000000
vt -34.361170 -42.720028 0.000000
vt -34.361170 -46.137630 0.000000
vt -34.361170 -49.555233 0.000000
vt -34.361170 -52.972835 0.000000
vt -34.361170 -56.390437 0.000000
vt -34.361170 -59.808040 0.000000
vt -34.361170 -63.225642 0.000000
vt -34.361170 -66.643244 0.000000
vt -34.361170 -70.060846 0.000000
vt -34.361170 -73.478449 0.000000
vt -34.361170 -76.896051 0.000000
vt -34.361170 -80.313653 0.000000
vt -34.361170 -83.731255 0.000000
vt -34.361170 -87.148858 0.000000
vt -34.361170 -90.566460 0.000000
vt -34.361170 -93.984062 0.000000
vt -34.361170 -97.401664 0.000000
vt -34.361170 -100.819267 0.000000
vt -34.361170 -104.236869 0.000000
vt -34.361170 -107.654471 0.000000
vt -34.361170 -111.072073 0.000000
vt -39.269908 111.072073 0.000000
vt -39.269908 107.654471 0.000000
vt -39.269908 104.236869 0.000000
vt -39.269908 100.819267 0.000000
vt -39.269908 97.401664 0.000000
vt -39.269908 93.984062 0.000000
vt -39.269908 90.566460 0.000000
vt -39.269908 87.148858 0.000000
vt -39.269908 83.731255 0.000000
vt -39.269908 80.313653 0.000000
vt -39.269908 76.896051 0.000000
vt -39.269908 73.478449 0.000000
vt -39.269908 70.060846 0.000000
vt -39.269908 66.643244 0.000000
vt -39.269908 63.225642 0.000000
vt -39.269908 59.808040 0.000000
vt -39.269908 56.390437 0.000000
vt -39.269908 52.972835 0.000000
vt -39.269908 49.555233 0.000000
vt -39.269908 46.137630 0.000000
vt -39.269908 42.720028 0.000000
vt -39.269908 39.302426 0.000000
vt -39.269908 35.884824 0.000000
vt -39.269908 32.467221 0.000000
vt -39.269908 29.049619 0.000000
vt -39.269908 25.632017 0.000000
vt -39.269908 22.214415 0.000000
vt -39.269908 18.796812 0.000000
vt -39.269908 15.379210 0.000000
vt -39.269908 11.961608 0.000000
vt -39.269908 8.544006 0.000000
vt -39.269908 5.126403 0.000000
vt -39.269908 1.708801 0.000000
vt -39.269908 -1.708801 0.000000
vt -39.269908 -5.126403 0.000000
vt -39.269908 -8.544006 0.000000
vt -39.269908 -11.961608 0.000000
vt -39.269908 -15.379210 0.000000
vt -39.269908 -18.796812 0.000000
vt -39.269908 -22.214415 0.000000
vt -39.269908 -25.632017 0.000000
vt -39.269908 -29.049619 0.000000
vt -39.269908 -32.467221 0.000000
vt -39.269908 -35.884824 0.000000
vt -39.269908 -39.302426 0.000000
vt -39.269908 -42.720028 0.000000
vt -39.269908 -46.137630 0.000000
vt -39.269908 -49.555233 0.000000
vt -39.269908 -52.972835 0.000000
vt -39.269908 -56.390437 0.000000
vt -39.269908 -59.808040 0.000000
vt -39.269908 -63.225642 0.000000
vt -39.269908 -66.643244 0.000000
vt -39.269908 -70.060846 0.000000
vt -39.269908 -73.478449 0.000000
vt -39.269908 -76.896051 0.000000
vt -39.269908 -80.313653 0.000000
vt -39.269908 -83.731255 0.000000
vt -39.269908 -87.148858 0.000000
vt -39.269908 -90.566460 0.000000
vt -39.269908 -93.984062 0.000000
vt -39.269908 -97.401664 0.000000
vt -39.269908 -100.819267 0.000000
vt -39.269908 -104.236869 0.000000
vt -39.269908 -107.654471 0.000000
vt -39.269908 -111.072073 0.000000
vt -44.178647 111.072073 0.000000
vt -44.178647 107.654471 0.000000
vt -44.178647 104.236869 0.000000
vt -44.178647 100.819267 0.000000
vt -44.178647 97.401664 0.000000
vt -44.178647 93.984062 0.000000
vt -44.178647 90.566460 0.000000
vt -44.178647 87.148858 0.000000
vt -44.178647 83.731255 0.000000
vt -44.178647 80.313653 0.000000
vt -44.178647 76.896051 0.000000
vt -44.178647 73.478449 0.000000
vt -44.178647 70.060846 0.000000
vt -44.178647 66.643244 0.000000
vt -44.178647 63.225642 0.000000
vt -44.178647 59.808040 0.000000
vt -44.178647 56.390437 0.000000
vt -44.178647 52.972835 0.000000
vt -44.178647 49.555233 0.000000
vt -44.178647 46.137630 0.000000
vt -44.178647 42.720028 0.000000
vt -44.178647 39.302426 0.000000
vt -44.178647 35.884824 0.000000
vt -44.178647 32.467221 0.000000
vt -44.178647 29.049619 0.000000
vt -44.178647 25.632017 0.000000
vt -44.178647 22.214415 0.000000
vt -44.178647 18.796812 0.000000
vt -44.178647 15.379210 0.000000
vt -44.178647 11.961608 0.000000
vt -44.178647 8.544006 0.000000
vt -44.178647 5.126403 0.000000
vt -44.178647 1.708801 0.000000
vt -44.178647 -1.708801 0.000000
vt -44.178647 -5.126403 0.000000
vt -44.178647 -8.544006 0.000000
vt -44.178647 -11.961608 0.000000
vt -44.178647 -15.379210 0.000000
vt -44.178647 -18.796812 0.000000
vt -44.178647 -22.214415 0.000000
vt -44.178647 -25.632017 0.000000
vt -44.178647 -29.049619 0.000000
vt -44.178647 -32.467221 0.000000
vt -44.178647 -35.884824 0.000000
vt -44.178647 -39.302426 0.000000
vt -44.178647 -42.720028 0.000000
vt -44.178647 -46.137630 0.000000
vt -44.178647 -49.555233 0.000000
vt -44.178647 -52.972835 0.000000
vt -44.178647 -56.390437 0.000000
vt -44.178647 -59.808040 0.000000
vt -44.178647 -63.225642 0.000000
vt -44.178647 -66.643244 0.000000
vt -44.178647 -70.060846 0.000000
vt -44.178647 -73.478449 0.000000
vt -44.178647 -76.896051 0.000000
vt -44.178647 -80.313653 0.000000
vt -44.178647 -83.731255 0.000000
vt -44.178647 -87.148858 0.000000
vt -44.178647 -90.566460 0.000000
vt -44.178647 -93.984062 0.000000
vt -44.178647 -97.401664 0.000000
vt -44.178647 -100.819267 0.000000
vt -44.178647 -104.236869 0.000000
vt -44.178647 -107.654471 0.000000
vt -44.178647 -111.072073 0.000000
vt -49.087385 111.072073 0.000000
vt -49.087385 107.654471 0.000000
vt -49.087385 104.236869 0.000000
vt -49.087385 100.819267 0.000000
vt -49.087385 97.401664 0.000000
vt -49.087385 93.984062 0.000000
vt -49.087385 90.566460 0.000000
vt -49.087385 87.148858 0.000000
vt -49.087385 83.731255 0.000000
vt -49.087385 80.313653 0.000000
vt -49.087385 76.896051 0.000000
vt -49.087385 73.478449 0.000000
vt -49.087385 70.060846 0.000000
vt -49.087385 66.643244 0.000000
vt -49.087385 63.225642 0.000000
vt -49.087385 59.808040 0.000000
vt -49.087385 56.390437 0.000000
vt -49.087385 52.972835 0.000000
vt -49.087385 49.555233 0.000000
vt -49.087385 46.137630 0.000000
vt -49.087385 42.720028 0.000000
vt -49.087385 39.302426 0.000000
vt -49.087385 35.884824 0.000000
vt -49.087385 32.467221 0.000000
vt -49.087385 29.049619 0.000000
vt -49.087385 25.632017 0.000000
vt -49.087385 22.214415 0.000000
vt -49.087385 18.796812 0.000000
vt -49.087385 15.379210 0.000000
vt -49.087385 11.961608 0.000000
vt -49.087385 8.544006 0.000000
vt -49.087385 5.126403 0.000000
vt -49.087385 1.708801 0.000000
vt -49.087385 -1.708801 0.000000
vt -49.087385 -5.126403 0.000000
vt -49.087385 -8.544006 0.000000
vt -49.087385 -11.961608 0.000000
vt -49.087385 -15.379210 0.000000
vt -49.087385 -18.796812 0.000000
vt -49.087385 -22.214415 0.000000
vt -49.087385 -25.632017 0.000000
vt -49.087385 -29.049619 0.000000
vt -49.087385 -32.467221 0.000000
vt -49.087385 -35.884824 0.000000
vt -49.087385 -39.302426 0.000000
vt -49.087385 -42.720028 0.000000
vt -49.087385 -46.137630 0.000000
vt -49.087385 -49.555233 0.000000
vt -49.087385 -52.972835 0.000000
vt -49.087385 -56.390437 0.000000
vt -49.087385 -59.808040 0.000000
vt -49.087385 -63.225642 0.000000
vt -49.087385 -66.643244 0.000000
vt -49.087385 -70.060846 0.000000
vt -49.087385 -73.478449 0.000000
vt -49.087385 -76.896051 0.000000
vt -49.087385 -80.313653 0.000000
vt -49.087385 -83.731255 0.000000
vt -49.087385 -87.148858 0.000000
vt -49.087385 -90.566460 0.000000
vt -49.087385 -93.984062 0.000000
vt -49.087385 -97.401664 0.000000
vt -49.087385 -100.819267 0.000000
vt -49.087385 -104.236869 0.000000
vt -49.087385 -107.654471 0.000000
vt -49.087385 -111.072073 0.000000
vt -53.996124 111.072073 0.000000
vt -53.996124 107.654471 0.000000
vt -53.996124 104.236869 0.000000
vt -53.996124 100.819267 0.000000
vt -53.996124 97.401664 0.000000
vt -53.996124 93.984062 0.000000
vt -53.996124 90.566460 0.000000
vt -53.996124 87.148858 0.000000
vt -53.996124 83.731255 0.000000
vt -53.996124 80.313653 0.000000
vt -53.996124 76.896051 0.000000
vt -53.996124 73.478449 0.000000
vt -53.996124 70.060846 0.000000
vt -53.996124 66.643244 0.000000
vt -53.996124 63.225642 0.000000
vt -53.996124 59.808040 0.000000
vt -53.996124 56.390437 0.000000
vt -53.996124 52.972835 0.000000
vt -53.996124 49.555233 0.000000
vt -53.996124 46.137630 0.000000
vt -53.996124 42.720028 0.000000
vt -53.996124 39.302426 0.000000
vt -53.996124 35.884824 0.000000
vt -53.996124 32.467221 0.000000
vt -53.996124 29.049619 0.000000
vt -53.996124 25.632017 0.000000
vt -53.996124 22.214415 0.000000
vt -53.996124 18.796812 0.000000
vt -53.996124 15.379210 0.000000
vt -53.996124 11.961608 0.000000
vt -53.996124 8.544006 0.000000
vt -53.996124 5.126403 0.000000
vt -53.996124 1.708801 0.000000
vt -53.996124 -1.708801 0.000000
vt -53.996124 -5.126403 0.000000
vt -53.996124 -8.544006 0.000000
vt -53.996124 -11.961608 0.000000
vt -53.996124 -15.379210 0.000000
vt -53.996124 -18.796812 0.000000
vt -53.996124 -22.214415 0.000000
vt -53.996124 -25.632017 0.000000
vt -53.996124 -29.049619 0.000000
vt -53.996124 -32.467221 0.000000
vt -53.996124 -35.884824 0.000000
vt -53.996124 -39.302426 0.000000
vt -53.996124 -42.720028 0.000000
vt -53.996124 -46.137630 0.000000
vt -53.996124 -49.555233 0.000000
vt -53.996124 -52.972835 0.000000
vt -53.996124 -56.390437 0.000000
vt -53.996124 -59.808040 0.000000
vt -53.996124 -63.225642 0.000000
vt -53.996124 -66.643244 0.000000
vt -53.996124 -70.060846 0.000000
vt -53.996124 -73.478449 0.000000
vt -53.996124 -76.896051 0.000000
vt -53.996124 -80.313653 0.000000
vt -53.996124 -83.731255 0.000000
vt -53.996124 -87.148858 0.000000
vt -53.996124 -90.566460 0.000000
vt -53.996124 -93.984062 0.000000
vt -53.996124 -97.401664 0.000000
vt -53.996124 -100.819267 0.000000
vt -53.996124 -104.236869 0.000000
vt -53.996124 -107.654471 0.000000
vt -53.996124 -111.072073 0.000000
vt -58.904862 111.072073 0.000000
vt -58.904862 107.654471 0.000000
vt -58.904862 104.236869 0.000000
vt -58.904862 100.819267 0.000000
vt -58.904862 97.401664 0.000000
vt -58.904862 93.984062 0.000000
vt -58.904862 90.566460 0.000000
vt -58.904862 87.148858 0.000000
vt -58.904862 83.731255 0.000000
vt -58.904862 80.313653 0.000000
vt -58.904862 76.896051 0.000000
vt -58.904862 73.478449 0.000000
vt -58.904862 70.060846 0.000000
vt -58.904862 66.643244 0.000000
vt -58.904862 63.225642 0.000000
vt -58.904862 59.808040 0.000000
vt -58.904862 56.390437 0.000000
vt -58.904862 52.972835 0.000000
vt -58.904862 49.555233 0.000000
vt -58.904862 46.137630 0.000000
vt -58.904862 42.720028 0.000000
vt -58.904862 39.302426 0.000000
vt -58.904862 35.884824 0.000000
vt -58.904862 32.467221 0.000000
vt -58.904862 29.049619 0.000000
vt -58.904862 25.632017 0.000000
vt -58.904862 22.214415 0.000000
vt -58.904862 18.796812 0.000000
vt -58.904862 15.379210 0.000000
vt -58.904862 11.961608 0.000000
vt -58.904862 8.544006 0.000000
vt -58.904862 5.126403 0.000000
vt -58.904862 1.708801 0.000000
vt -58.904862 -1.708801 0.000000
vt -58.904862 -5.126403 0.000000
vt -58.904862 -8.544006 0.000000
vt -58.904862 -11.961608 0.000000
vt -58.904862 -15.379210 0.000000
vt -58.904862 -18.796812 0.000000
vt -58.904862 -22.214415 0.000000
vt -58.904862 -25.632017 0.000000
vt -58.904862 -29.049619 0.000000
vt -58.904862 -32.467221 0.000000
vt -58.904862 -35.884824 0.000000
vt -58.904862 -39.302426 0.000000
vt -58.904862 -42.720028 0.000000
vt -58.904862 -46.137630 0.000000
vt -58.904862 -49.555233 0.000000
vt -58.904862 -52.972835 0.000000
vt -58.904862 -56.390437 0.000000
vt -58.904862 -59.808040 0.000000
vt -58.904862 -63.225642 0.000000
vt -58.904862 -66.643244 0.000000
vt -58.904862 -70.060846 0.000000
vt -58.904862 -73.478449 0.000000
vt -58.904862 -76.896051 0.000000
vt -58.904862 -80.313653 0.000000
vt -58.904862 -83.731255 0.000000
vt -58.904862 -87.148858 0.000000
vt -58.904862 -90.566460 0.000000
vt -58.904862 -93.984062 0.000000
vt -58.904862 -97.401664 0.000000
vt -58.904862 -100.819267 0.000000
vt -58.904862 -104.236869 0.000000
vt -58.904862 -107.654471 0.000000
vt -58.904862 -111.072073 0.000000
vt -63.813601 111.072073 0.000000
vt -63.813601 107.654471 0.000000
vt -63.813601 104.236869 0.000000
vt -63.813601 100.819267 0.000000
vt -63.813601 97.401664 0.000000
vt -63.813601 93.984062 0.000000
vt -63.813601 90.566460 0.000000
vt -63.813601 87.148858 0.000000
vt -63.813601 83.731255 0.000000
vt -63.813601 80.313653 0.000000
vt -63.813601 76.896051 0.000000
vt -63.813601 73.478449 0.000000
vt -63.813601 70.060846 0.000000
vt -63.813601 66.643244 0.000000
vt -63.813601 63.225642 0.000000
vt -63.813601 59.808040 0.000000
vt -63.813601 56.390437 0.000000
vt -63.813601 52.972835 0.000000
vt -63.813601 49.555233 0.000000
vt -63.813601 46.137630 0.000000
vt -63.813601 42.720028 0.000000
vt -63.813601 39.302426 0.000000
vt -63.813601 35.884824 0.000000
vt -63.813601 32.467221 0.000000
vt -63.813601 29.049619 0.000000
vt -63.813601 25.632017 0.000000
vt -63.813601 22.214415 0.000000
vt -63.813601 18.796812 0.000000
vt -63.813601 15.379210 0.000000
vt -63.813601 11.961608 0.000000
vt -63.813601 8.544006 0.000000
vt -63.813601 5.126403 0.000000
vt -63.813601 1.708801 0.000000
vt -63.813601 -1.708801 0.000000
vt -63.813601 -5.126403 0.000000
vt -63.813601 -8.544006 0.000000
vt -63.813601 -11.961608 0.000000
vt -63.813601 -15.379210 0.000000
vt -63.813601 -18.796812 0.000000
vt -63.813601 -22.214415 0.000000
vt -63.813601 -25.632017 0.000000
vt -63.813601 -29.049619 0.000000
vt -63.813601 -32.467221 0.000000
vt -63.813601 -35.884824 0.000000
vt -63.813601 -39.302426 0.000000
vt -63.813601 -42.720028 0.000000
vt -63.813601 -46.137630 0.000000
vt -63.813601 -49.555233 0.000000
vt -63.813601 -52.972835 0.000000
vt -63.813601 -56.390437 0.000000
vt -63.813601 -59.808040 0.000000
vt -63.813601 -63.225642 0.000000
vt -63.813601 -66.643244 0.000000
vt -63.813601 -70.060846 0.000000
vt -63.813601 -73.478449 0.000000
vt -63.813601 -76.896051 0.000000
vt -63.813601 -80.313653 0.000000
vt -63.813601 -83.731255 0.000000
vt -63.813601 -87.148858 0.000000
vt -63.813601 -90.566460 0.000000
vt -63.813601 -93.984062 0.000000
vt -63.813601 -97.401664 0.000000
vt -63.813601 -100.819267 0.000000
vt -63.813601 -104.236869 0.000000
vt -63.813601 -107.654471 0.000000
vt -63.813601 -111.072073 0.000000
vt -68.722339 111.072073 0.000000
vt -68.722339 107.654471 0.000000
vt -68.722339 104.236869 0.000000
vt -68.722339 100.819267 0.000000
vt -68.722339 97.401664 0.000000
vt -68.722339 93.984062 0.000000
vt -68.722339 90.566460 0.000000
vt -68.722339 87.148858 0.000000
vt -68.722339 83.731255 0.000000
vt -68.722339 80.313653 0.000000
vt -68.722339 76.896051 0.000000
vt -68.722339 73.478449 0.000000
vt -68.722339 70.060846 0.000000
vt -68.722339 66.643244 0.000000
vt -68.722339 63.225642 0.000000
vt -68.722339 59.808040 0.000000
vt -68.722339 56.390437 0.000000
vt -68.722339 52.972835 0.000000
vt -68.722339 49.555233 0.000000
vt -68.722339 46.137630 0.000000
vt -68.722339 42.720028 0.000000
vt -68.722339 39.302426 0.000000
vt -68.722339 35.884824 0.000000
vt -68.722339 32.467221 0.000000
vt -68.722339 29.049619 0.000000
vt -68.722339 25.632017 0.000000
vt -68.722339 22.214415 0.000000
vt -68.722339 18.796812 0.000000
vt -68.722339 15.379210 0.000000
vt -68.722339 11.961608 0.000000
vt -68.722339 8.544006 0.000000
vt -68.722339 5.126403 0.000000
vt -68.722339 1.708801 0.000000
vt -68.722339 -1.708801 0.000000
vt -68.722339 -5.126403 0.000000
vt -68.722339 -8.544006 0.000000
vt -68.722339 -11.961608 0.000000
vt -68.722339 -15.379210 0.000000
vt -68.722339 -18.796812 0.000000
vt -68.722339 -22.214415 0.000000
vt -68.722339 -25.632017 0.000000
vt -68.722339 -29.049619 0.000000
vt -68.722339 -32.467221 0.000000
vt -68.722339 -35.884824 0.000000
vt -68.722339 -39.302426 0.000000
vt -68.722339 -42.720028 0.000000
vt -68.722339 -46.137630 0.000000
vt -68.722339 -49.555233 0.000000
vt -68.722339 -52.972835 0.000000
vt -68.722339 -56.390437 0.000000
vt -68.722339 -59.808040 0.000000
vt -68.722339 -63.225642 0.000000
vt -68.722339 -66.643244 0.000000
vt -68.722339 -70.060846 0.000000
vt -68.722339 -73.478449 0.000000
vt -68.722339 -76.896051 0.000000
vt -68.722339 -80.313653 0.000000
vt -68.722339 -83.731255 0.000000
vt -68.722339 -87.148858 0.000000
vt -68.722339 -90.566460 0.000000
vt -68.722339 -93.984062 0.000000
vt -68.722339 -97.401664 0.000000
vt -68.722339 -100.819267 0.000000
vt -68.722339 -104.236869 0.000000
vt -68.722339 -107.654471 0.000000
vt -68.722339 -111.072073 0.000000
vt -78.539816 -39.302426 0.000000
vt -78.539816 35.884824 0.000000
vn 0.000000 0.000000 -100.000000
vn 0.000000 0.000000 -100.000000
vn 0.000000 0.000000 -100.000000
vn 0.000000 0.000000 -100.000000
vn 0.000000 0.000000 -100.000000
vn 0.000000 0.000000 -100.000000
vn 0.000000 0.000000 -100.000000
vn 0.000000 0.000000 -100.000000
vn 0.000000 0.000000 -100.000000
vn 0.000000 0.000000 -100.000000
vn 0.000000 0.000000 -100.000000
vn 0.000000 0.000000 -100.000000
vn 0.000000 0.000000 -100.000000
vn 0.000000 0.000000 -100.000000
vn 0.000000 0.000000 -100.000000
vn 0.000000 0.000000 -100.000000
vn 0.000000 0.000000 -100.000000
vn 0.000000 0.000000 -100.000000
vn 0.000000 0.000000 -100.000000
vn 0.000000 0.000000 -100.000000
vn 0.000000 0.000000 -100.000000
vn 0.000000 0.000000 -100.000000
vn 0.000000 0.000000 -100.000000
vn 0.000000 0.000000 -100.000000
vn 0.000000 0.000000 -100.000000
vn 0.000000 0.000000 -100.000000
vn 0.000000 0.000000 -100.000000
vn 0.000000 0.000000 -100.000000
vn 0.000000 0.000000 -100.000000
vn 0.000000 0.000000 -100.000000
vn 0.000000 0.000000 -100.000000
vn 0.000000 0.000000 -100.000000
vn 0.000000 0.000000 -100.000000
vn 0.000000 0.000000 -100.000000
vn 0.000000 0.000000 -100.000000
vn 0.000000 0.000000 -100.000000
vn 0.000000 0.000000 -100.000000
vn 0.000000 0.000000 -100.000000
vn 0.000000 0.000000 -100.000000
vn 0.000000 0.000000 -100.000000
vn 0.000000 0.000000 -100.000000
vn 0.000000 0.000000 -100.000000
vn 0.000000 0.000000 -100.000000
vn 0.000000 0.000000 -100.000000
vn 0.000000 0.000000 -100.000000
vn 0.000000 0.000000 -100.000000
vn 0.000000 0.000000 -100.000000
vn 0.000000 0.000000 -100.000000
vn 0.000000 0.000000 -100.000000
vn 0.000000 0.000000 -100.000000
vn 0.000000 0.000000 -100.000000
vn 0.000000 0.000000 -100.000000
vn 0.000000 0.000000 -100.000000
vn 0.000000 0.000000 -100.000000
vn 0.000000 0.000000 -100.000000
vn 0.000000 0.000000 -100.000000
vn 0.000000 0.000000 -100.000000
vn 0.000000 0.000000 -100.000000
vn 0.000000 0.000000 -100.000000
vn 0.000000 0.000000 -100.000000
vn 0.000000 0.000000 -100.000000
vn 0.000000 0.000000 -100.000000
vn 0.000000 0.000000 -100.000000
vn 0.000000 0.000000 -100.000000
vn 0.000000 0.000000 -100.000000
vn 9.651392 -99.533163 0.000000
vn 7.208601 -99.257053 9.801714
vn 0.000000 -100.000000 0.000000
vn -2.404739 -99.489415 9.801714
vn -9.651392 -99.533163 0.000000
vn -11.995626 -98.792871 9.801714
vn -19.212672 -98.137013 0.000000
vn -21.474514 -97.173925 9.801714
vn -28.594568 -95.824583 0.000000
vn -30.752899 -94.647692 9.801714
vn -37.709484 -92.617465 0.000000
vn -39.744153 -91.237759 9.801714
vn -46.472317 -88.545603 0.000000
vn -48.364327 -86.975964 9.801714
vn -54.801251 -83.647014 0.000000
vn -56.532936 -81.902097 9.801714
vn -62.618520 -77.967435 0.000000
vn -64.173712 -76.063533 9.801714
vn -69.851137 -71.559896 0.000000
vn -71.215316 -69.514784 9.801714
vn -76.431572 -64.484221 0.000000
vn -77.592001 -62.316994 9.801714
vn -82.298387 -56.806475 0.000000
vn -83.244231 -54.537368 9.801714
vn -87.396803 -48.598341 0.000000
vn -88.119231 -46.248540 9.801714
vn -91.679220 -39.936458 0.000000
vn -92.171486 -37.527903 9.801714
vn -95.105652 -30.901699 0.000000
vn -95.363161 -28.456877 9.801714
vn -97.644108 -21.578420 0.000000
vn -97.664456 -19.120157 9.801714
vn -99.270887 -12.053668 0.000000
vn -99.053884 -9.604918 9.801714
vn -99.970801 -2.416375 0.000000
vn -99.518473 -0.000000 9.801714
vn -99.737315 7.243480 0.000000
vn -99.053884 9.604918 9.801714
vn -98.572608 16.835704 0.000000
vn -97.664456 19.120157 9.801714
vn -96.487555 26.270738 0.000000
vn -95.363161 28.456877 9.801714
vn -93.501624 35.460489 0.000000
vn -92.171486 37.527903 9.801714
vn -89.642694 44.319155 0.000000
vn -88.119231 46.248540 9.801714
vn -84.946794 52.764024 0.000000
vn -83.244231 54.537368 9.801714
vn -79.457768 60.716251 0.000000
vn -77.592001 62.316994 9.801714
vn -73.226867 68.101586 0.000000
vn -71.215316 69.514784 9.801714
vn -66.312266 74.851075 0.000000
vn -64.173712 76.063533 9.801714
vn -58.778525 80.901699 0.000000
vn -56.532936 81.902097 9.801714
vn -50.695985 86.196967 0.000000
vn -48.364327 86.975964 9.801714
vn -42.140111 90.687436 0.000000
vn -39.744153 91.237759 9.801714
vn -33.190785 94.331181 0.000000
vn -30.752899 94.647692 9.801714
vn -23.931566 97.094182 0.000000
vn -21.474514 97.173925 9.801714
vn -14.448905 98.950640 0.000000
vn -11.995626 98.792871 9.801714
vn -4.831338 99.883223 0.000000
vn -2.404739 99.489415 9.801714
vn 4.831338 99.883223 0.000000
vn 7.208601 99.257053 9.801714
vn 14.448905 98.950640 0.000000
vn 16.754636 98.097954 9.801714
vn 23.931566 97.094182 0.000000
vn 26.144237 96.022941 9.801714
vn 33.190785 94.331181 0.000000
vn 35.289737 93.051388 9.801714
vn 42.140111 90.687436 0.000000
vn 44.105746 89.211040 9.801714
vn 50.695985 86.196967 0.000000
vn 52.509951 84.537751 9.801714
vn 58.778525 80.901699 0.000000
vn 60.423885 79.075157 9.801714
vn 66.312266 74.851075 0.000000
vn 67.773658 72.874259 9.801714
vn 73.226867 68.101586 0.000000
vn 74.490646 65.992954 9.801714
vn 79.457768 60.716251 0.000000
vn 80.512136 58.495491 9.801714
vn 84.946794 52.764024 0.000000
vn 85.781905 50.451870 9.801714
vn 89.642694 44.319155 0.000000
vn 90.250751 41.937195 9.801714
vn 93.501624 35.460489 0.000000
vn 93.876951 33.030963 9.801714
vn 96.487555 26.270738 0.000000
vn 96.626647 23.816329 9.801714
vn 98.572608 16.835704 0.000000
vn 98.474166 14.379330 9.801714
vn 99.737315 7.243480 0.000000
vn 99.402258 4.808074 9.801714
vn 99.970801 -2.416375 0.000000
vn 99.402258 -4.808074 9.801714
vn 99.270887 -12.053668 0.000000
vn 98.474166 -14.379330 9.801714
vn 97.644108 -21.578420 0.000000
vn 96.626647 -23.816329 9.801714
vn 95.105652 -30.901699 0.000000
vn 93.876951 -33.030963 9.801714
vn 91.679220 -39.936458 0.000000
vn 90.250751 -41.937195 9.801714
vn 87.396803 -48.598341 0.000000
vn 85.781905 -50.451870 9.801714
vn 82.298387 -56.806475 0.000000
vn 80.512136 -58.495491 9.801714
vn 76.431572 -64.484221 0.000000
vn 74.490646 -65.992954 9.801714
vn 69.851137 -71.559896 0.000000
vn 67.773658 -72.874259 9.801714
vn 62.618520 -77.967435 0.000000
vn 60.423885 -79.075157 9.801714
vn 54.801251 -83.647014 0.000000
vn 52.509951 -84.537751 9.801714
vn 46.472317 -88.545603 0.000000
vn 44.105746 -89.211040 9.801714
vn 37.709484 -92.617465 0.000000
vn 35.289737 -93.051388 9.801714
vn 28.594568 -95.824583 0.000000
vn 26.144237 -96.022941 9.801714
vn 19.212672 -98.137013 0.000000
vn 16.754636 -98.097954 9.801714
vn -9.801714 0.000000 99.518473
vn -0.000000 0.000000 100.000000
vn -9.755956 0.946002 99.518473
vn -9.619109 1.883171 99.518473
vn -9.392452 2.802758 99.518473
vn -9.078099 3.696176 99.518473
vn -8.678987 4.555084 99.518473
vn -8.198841 5.371462 99.518473
vn -7.642145 6.137688 99.518473
vn -7.014096 6.846609 99.518473
vn -6.320559 7.491604 99.518473
vn -5.568008 8.066653 99.518473
vn -4.763470 8.566385 99.518473
vn -3.914457 8.986135 99.518473
vn -3.028896 9.321984 99.518473
vn -2.115055 9.570796 99.518473
vn -1.181466 9.730249 99.518473
vn -0.236846 9.798852 99.518473
vn 0.709985 9.775966 99.518473
vn 1.650188 9.661805 99.518473
vn 2.574983 9.457434 99.518473
vn 3.475736 9.164762 99.518473
vn 4.344037 8.786520 99.518473
vn 5.171779 8.326242 99.518473
vn 5.951233 7.788223 99.518473
vn 6.675123 7.177488 99.518473
vn 7.336688 6.499739 99.518473
vn 7.929753 5.761303 99.518473
vn 8.448780 4.969076 99.518473
vn 8.888923 4.130453 99.518473
vn 9.246073 3.253266 99.518473
vn 9.516894 2.345704 99.518473
vn 9.698859 1.416240 99.518473
vn 9.790268 0.473554 99.518473
vn 9.790268 -0.473554 99.518473
vn 9.698859 -1.416240 99.518473
vn 9.516894 -2.345704 99.518473
vn 9.246073 -3.253266 99.518473
vn 8.888923 -4.130453 99.518473
vn 8.448780 -4.969076 99.518473
vn 7.929753 -5.761303 99.518473
vn 7.336688 -6.499739 99.518473
vn 6.675123 -7.177488 99.518473
vn 5.951233 -7.788223 99.518473
vn 5.171779 -8.326242 99.518473
vn 4.344037 -8.786520 99.518473
vn 3.475736 -9.164762 99.518473
vn 2.574983 -9.457434 99.518473
vn 1.650188 -9.661805 99.518473
vn 0.709985 -9.775966 99.518473
vn -0.236846 -9.798852 99.518473
vn -1.181466 -9.730249 99.518473
vn -2.115055 -9.570796 99.518473
vn -3.028896 -9.321984 99.518473
vn -3.914457 -8.986135 99.518473
vn -4.763470 -8.566385 99.518473
vn -5.568008 -8.066653 99.518473
vn -6.320559 -7.491604 99.518473
vn -7.014096 -6.846609 99.518473
vn -7.642145 -6.137688 99.518473
vn -8.198841 -5.371462 99.518473
vn -8.678987 -4.555084 99.518473
vn -9.078099 -3.696176 99.518473
vn -9.392452 -2.802758 99.518473
vn -9.619109 -1.883171 99.518473
vn -9.755956 -0.946002 99.518473
vn -98.078528 0.000000 19.509032
vn -97.620662 9.465943 19.509032
vn -96.251337 18.843506 19.509032
vn -93.983340 28.045131 19.509032
vn -90.837846 36.984907 19.509032
vn -86.844224 45.579365 19.509032
vn -82.039760 53.748260 19.509032
vn -76.469313 61.415322 19.509032
vn -70.184893 68.508967 19.509032
vn -63.245175 74.962961 19.509032
vn -55.714954 80.717046 19.509032
vn -47.664538 85.717498 19.509032
vn -39.169091 89.917629 19.509032
vn -30.307932 93.278223 19.509032
vn -21.163796 95.767904 19.509032
vn -11.822060 97.363425 19.509032
vn -2.369945 98.049890 19.509032
vn 7.104299 97.820890 19.509032
vn 16.512211 96.678563 19.509032
vn 25.765953 94.633574 19.509032
vn 34.779125 91.705017 19.509032
vn 43.467574 87.920235 19.509032
vn 51.750178 83.314565 19.509032
vn 59.549605 77.931009 19.509032
vn 66.793033 71.819833 19.509032
vn 73.412832 65.038094 19.509032
vn 79.347196 57.649112 19.509032
vn 84.540716 49.721876 19.509032
vn 88.944902 41.330400 19.509032
vn 92.518634 32.553034 19.509032
vn 95.228544 23.471728 19.509032
vn 97.049331 14.171273 19.509032
vn 97.963995 4.738505 19.509032
vn 97.963995 -4.738505 19.509032
vn 97.049331 -14.171273 19.509032
vn 95.228544 -23.471728 19.509032
vn 92.518634 -32.553034 19.509032
vn 88.944902 -41.330400 19.509032
vn 84.540716 -49.721876 19.509032
vn 79.347196 -57.649112 19.509032
vn 73.412832 -65.038094 19.509032
vn 66.793033 -71.819833 19.509032
vn 59.549605 -77.931009 19.509032
vn 51.750178 -83.314565 19.509032
vn 43.467574 -87.920235 19.509032
vn 34.779125 -91.705017 19.509032
vn 25.765953 -94.633574 19.509032
vn 16.512211 -96.678563 19.509032
vn 7.104299 -97.820890 19.509032
vn -2.369945 -98.049890 19.509032
vn -11.822060 -97.363425 19.509032
vn -21.163796 -95.767904 19.509032
vn -30.307932 -93.278223 19.509032
vn -39.169091 -89.917629 19.509032
vn -47.664538 -85.717498 19.509032
vn -55.714954 -80.717046 19.509032
vn -63.245175 -74.962961 19.509032
vn -70.184893 -68.508967 19.509032
vn -76.469313 -61.415322 19.509032
vn -82.039760 -53.748260 19.509032
vn -86.844224 -45.579365 19.509032
vn -90.837846 -36.984907 19.509032
vn -93.983340 -28.045131 19.509032
vn -96.251337 -18.843506 19.509032
vn -97.620662 -9.465943 19.509032
vn -95.694034 0.000000 29.028468
vn -95.247299 9.235806 29.028468
vn -93.911266 18.385381 29.028468
vn -91.698409 27.363295 29.028468
vn -88.629388 36.085726 29.028468
vn -84.732859 44.471235 29.028468
vn -80.045201 52.441527 29.028468
vn -74.610184 59.922187 29.028468
vn -68.478551 66.843370 29.028468
vn -61.707552 73.140454 29.028468
vn -54.360407 78.754646 29.028468
vn -46.505713 83.633526 29.028468
vn -38.216808 87.731543 29.028468
vn -29.571083 91.010434 29.028468
vn -20.649260 93.439585 29.028468
vn -11.534641 94.996316 29.028468
vn -2.312326 95.666092 29.028468
vn 6.931578 95.442660 29.028468
vn 16.110764 94.328105 29.028468
vn 25.139529 92.332834 29.028468
vn 33.933572 89.475476 29.028468
vn 42.410787 85.782709 29.028468
vn 50.492023 81.289013 29.028468
vn 58.101829 76.036343 29.028468
vn 65.169154 70.073742 29.028468
vn 71.628013 63.456882 29.028468
vn 77.418099 56.247542 29.028468
vn 82.485354 48.513033 29.028468
vn 86.782466 40.325572 29.028468
vn 90.269312 31.761601 29.028468
vn 92.913339 22.901081 29.028468
vn 94.689859 13.826740 29.028468
vn 95.582285 4.623302 29.028468
vn 95.582285 -4.623302 29.028468
vn 94.689859 -13.826740 29.028468
vn 92.913339 -22.901081 29.028468
vn 90.269312 -31.761601 29.028468
vn 86.782466 -40.325572 29.028468
vn 82.485354 -48.513033 29.028468
vn 77.418099 -56.247542 29.028468
vn 71.628013 -63.456882 29.028468
vn 65.169154 -70.073742 29.028468
vn 58.101829 -76.036343 29.028468
vn 50.492023 -81.289013 29.028468
vn 42.410787 -85.782709 29.028468
vn 33.933572 -89.475476 29.028468
vn 25.139529 -92.332834 29.028468
vn 16.110764 -94.328105 29.028468
vn 6.931578 -95.442660 29.028468
vn -2.312326 -95.666092 29.028468
vn -11.534641 -94.996316 29.028468
vn -20.649260 -93.439585 29.028468
vn -29.571083 -91.010434 29.028468
vn -38.216808 -87.731543 29.028468
vn -46.505713 -83.633526 29.028468
vn -54.360407 -78.754646 29.028468
vn -61.707552 -73.140454 29.028468
vn -68.478551 -66.843370 29.028468
vn -74.610184 -59.922187 29.028468
vn -80.045201 -52.441527 29.028468
vn -84.732859 -44.471235 29.028468
vn -88.629388 -36.085726 29.028468
vn -91.698409 -27.363295 29.028468
vn -93.911266 -18.385381 29.028468
vn -95.247299 -9.235806 29.028468
vn -92.387953 0.000000 38.268343
vn -91.956653 8.916724 38.268343
vn -90.666777 17.750194 38.268343
vn -88.530371 26.417936 38.268343
vn -85.567380 34.839021 38.268343
vn -81.805470 42.934823 38.268343
vn -77.279764 50.629754 38.268343
vn -72.032518 57.851969 38.268343
vn -66.112723 64.534035 38.268343
vn -59.575652 70.613565 38.268343
vn -52.482339 76.033795 38.268343
vn -44.899013 80.744118 38.268343
vn -36.896476 84.700554 38.268343
vn -28.549448 87.866165 38.268343
vn -19.935860 90.211393 38.268343
vn -11.136137 91.714341 38.268343
vn -2.232439 92.360977 38.268343
vn 6.692103 92.145264 38.268343
vn 15.554162 91.069215 38.268343
vn 24.270997 89.142878 38.268343
vn 32.761220 86.384237 38.268343
vn 40.945560 82.819050 38.268343
vn 48.747602 78.480604 38.268343
vn 56.094501 73.409406 38.268343
vn 62.917661 67.652803 38.268343
vn 69.153376 61.264545 38.268343
vn 74.743424 54.304276 38.268343
vn 79.635613 46.836983 38.268343
vn 83.784266 38.932386 38.268343
vn 87.150648 30.664287 38.268343
vn 89.703327 22.109884 38.268343
vn 91.418471 13.349048 38.268343
vn 92.280065 4.463574 38.268343
vn 92.280065 -4.463574 38.268343
vn 91.418471 -13.349048 38.268343
vn 89.703327 -22.109884 38.268343
vn 87.150648 -30.664287 38.268343
vn 83.784266 -38.932386 38.268343
vn 79.635613 -46.836983 38.268343
vn 74.743424 -54.304276 38.268343
vn 69.153376 -61.264545 38.268343
vn 62.917661 -67.652803 38.268343
vn 56.094501 -73.409406 38.268343
vn 48.747602 -78.480604 38.268343
vn 40.945560 -82.819050 38.268343
vn 32.761220 -86.384237 38.268343
vn 24.270997 -89.142878 38.268343
vn 15.554162 -91.069215 38.268343
vn 6.692103 -92.145264 38.268343
vn -2.232439 -92.360977 38.268343
vn -11.136137 -91.714341 38.268343
vn -19.935860 -90.211393 38.268343
vn -28.549448 -87.866165 38.268343
vn -36.896476 -84.700554 38.268343
vn -44.899013 -80.744118 38.268343
vn -52.482339 -76.033795 38.268343
vn -59.575652 -70.613565 38.268343
vn -66.112723 -64.534035 38.268343
vn -72.032518 -57.851969 38.268343
vn -77.279764 -50.629754 38.268343
vn -81.805470 -42.934823 38.268343
vn -85.567380 -34.839021 38.268343
vn -88.530371 -26.417936 38.268343
vn -90.666777 -17.750194 38.268343
vn -91.956653 -8.916724 38.268343
vn -88.192126 0.000000 47.139674
vn -87.780413 8.511768 47.139674
vn -86.549118 16.944064 47.139674
vn -84.509737 25.218157 47.139674
vn -81.681312 33.256796 47.139674
vn -78.090250 40.984925 47.139674
vn -73.770080 48.330388 47.139674
vn -68.761139 55.224604 47.139674
vn -63.110194 61.603203 47.139674
vn -56.870006 67.406629 47.139674
vn -50.098838 72.580697 47.139674
vn -42.859911 77.077099 47.139674
vn -35.220812 80.853853 47.139674
vn -27.252866 83.875697 47.139674
vn -19.030467 86.114415 47.139674
vn -10.630386 87.549107 47.139674
vn -2.131052 88.166376 47.139674
vn 6.388179 87.960459 47.139674
vn 14.847765 86.933279 47.139674
vn 23.168722 85.094427 47.139674
vn 31.273359 82.461071 47.139674
vn 39.086005 79.057798 47.139674
vn 46.533715 74.916384 47.139674
vn 53.546953 70.075495 47.139674
vn 60.060237 64.580331 47.139674
vn 66.012755 58.482197 47.139674
vn 71.348929 51.838031 47.139674
vn 76.018938 44.709868 47.139674
vn 79.979178 37.164260 47.139674
vn 83.192675 29.271659 47.139674
vn 85.629424 21.105757 47.139674
vn 87.266673 12.742797 47.139674
vn 88.089138 4.260860 47.139674
vn 88.089138 -4.260860 47.139674
vn 87.266673 -12.742797 47.139674
vn 85.629424 -21.105757 47.139674
vn 83.192675 -29.271659 47.139674
vn 79.979178 -37.164260 47.139674
vn 76.018938 -44.709868 47.139674
vn 71.348929 -51.838031 47.139674
vn 66.012755 -58.482197 47.139674
vn 60.060237 -64.580331 47.139674
vn 53.546953 -70.075495 47.139674
vn 46.533715 -74.916384 47.139674
vn 39.086005 -79.057798 47.139674
vn 31.273359 -82.461071 47.139674
vn 23.168722 -85.094427 47.139674
vn 14.847765 -86.933279 47.139674
vn 6.388179 -87.960459 47.139674
vn -2.131052 -88.166376 47.139674
vn -10.630386 -87.549107 47.139674
vn -19.030467 -86.114415 47.139674
vn -27.252866 -83.875697 47.139674
vn -35.220812 -80.853853 47.139674
vn -42.859911 -77.077099 47.139674
vn -50.098838 -72.580697 47.139674
vn -56.870006 -67.406629 47.139674
vn -63.110194 -61.603203 47.139674
vn -68.761139 -55.224604 47.139674
vn -73.770080 -48.330388 47.139674
vn -78.090250 -40.984925 47.139674
vn -81.681312 -33.256796 47.139674
vn -84.509737 -25.218157 47.139674
vn -86.549118 -16.944064 47.139674
vn -87.780413 -8.511768 47.139674
vn -83.146961 0.000000 55.557023
vn -82.758801 8.024839 55.557023
vn -81.597944 15.974753 55.557023
vn -79.675229 23.775514 55.557023
vn -77.008608 31.354290 55.557023
vn -73.622978 38.640320 55.557023
vn -69.549950 45.565575 55.557023
vn -64.827553 52.065396 55.557023
vn -59.499879 58.079097 55.557023
vn -53.616670 63.550530 55.557023
vn -47.232857 68.428608 55.557023
vn -40.408044 72.667786 55.557023
vn -33.205952 76.228485 55.557023
vn -25.693824 79.077459 55.557023
vn -17.941800 81.188109 55.557023
vn -10.022259 82.540726 55.557023
vn -2.009142 83.122683 55.557023
vn 6.022734 82.928547 55.557023
vn 13.998376 81.960128 55.557023
vn 21.843320 80.226470 55.557023
vn 29.484319 77.743759 55.557023
vn 36.850030 74.535176 55.557023
vn 43.871683 70.630677 55.557023
vn 50.483717 66.066720 55.557023
vn 56.624399 60.885914 55.557023
vn 62.236394 55.136634 55.557023
vn 67.267305 48.872558 55.557023
vn 71.670158 42.152171 55.557023
vn 75.403847 35.038222 55.557023
vn 78.433511 27.597129 55.557023
vn 80.730862 19.898370 55.557023
vn 82.274450 12.013825 55.557023
vn 83.049864 4.017111 55.557023
vn 83.049864 -4.017111 55.557023
vn 82.274450 -12.013825 55.557023
vn 80.730862 -19.898370 55.557023
vn 78.433511 -27.597129 55.557023
vn 75.403847 -35.038222 55.557023
vn 71.670158 -42.152171 55.557023
vn 67.267305 -48.872558 55.557023
vn 62.236394 -55.136634 55.557023
vn 56.624399 -60.885914 55.557023
vn 50.483717 -66.066720 55.557023
vn 43.871683 -70.630677 55.557023
vn 36.850030 -74.535176 55.557023
vn 29.484319 -77.743759 55.557023
vn 21.843320 -80.226470 55.557023
vn 13.998376 -81.960128 55.557023
vn 6.022734 -82.928547 55.557023
vn -2.009142 -83.122683 55.557023
vn -10.022259 -82.540726 55.557023
vn -17.941800 -81.188109 55.557023
vn -25.693824 -79.077459 55.557023
vn -33.205952 -76.228485 55.557023
vn -40.408044 -72.667786 55.557023
vn -47.232857 -68.428608 55.557023
vn -53.616670 -63.550530 55.557023
vn -59.499879 -58.079097 55.557023
vn -64.827553 -52.065396 55.557023
vn -69.549950 -45.565575 55.557023
vn -73.622978 -38.640320 55.557023
vn -77.008608 -31.354290 55.557023
vn -79.675229 -23.775514 55.557023
vn -81.597944 -15.974753 55.557023
vn -82.758801 -8.024839 55.557023
vn -77.301045 0.000000 63.439328
vn -76.940176 7.460627 63.439328
vn -75.860937 14.851596 63.439328
vn -74.073404 22.103900 63.439328
vn -71.594269 29.149825 63.439328
vn -68.446676 35.923587 63.439328
vn -64.660016 42.361940 63.439328
vn -60.269643 48.404770 63.439328
vn -55.316548 53.995659 63.439328
vn -49.846977 59.082404 63.439328
vn -43.911999 63.617513 63.439328
vn -37.567026 67.558643 63.439328
vn -30.871300 70.868995 63.439328
vn -23.887337 73.517663 63.439328
vn -16.680344 75.479916 63.439328
vn -9.317611 76.737434 63.439328
vn -1.867883 77.278475 63.439328
vn 5.599286 77.097987 63.439328
vn 13.014175 76.197656 63.439328
vn 20.307555 74.585889 63.439328
vn 27.411328 72.277733 63.439328
vn 34.259170 69.294739 63.439328
vn 40.787142 65.664759 63.439328
vn 46.934297 61.421685 63.439328
vn 52.643238 56.605133 63.439328
vn 57.860663 51.260075 63.439328
vn 62.537859 45.436414 63.439328
vn 66.631156 39.188527 63.439328
vn 70.102336 32.574746 63.439328
vn 72.918989 25.656824 63.439328
vn 75.054817 18.499351 63.439328
vn 76.489879 11.169155 63.439328
vn 77.210775 3.734675 63.439328
vn 77.210775 -3.734675 63.439328
vn 76.489879 -11.169155 63.439328
vn 75.054817 -18.499351 63.439328
vn 72.918989 -25.656824 63.439328
vn 70.102336 -32.574746 63.439328
vn 66.631156 -39.188527 63.439328
vn 62.537859 -45.436414 63.439328
vn 57.860663 -51.260075 63.439328
vn 52.643238 -56.605133 63.439328
vn 46.934297 -61.421685 63.439328
vn 40.787142 -65.664759 63.439328
vn 34.259170 -69.294739 63.439328
vn 27.411328 -72.277733 63.439328
vn 20.307555 -74.585889 63.439328
vn 13.014175 -76.197656 63.439328
vn 5.599286 -77.097987 63.439328
vn -1.867883 -77.278475 63.439328
vn -9.317611 -76.737434 63.439328
vn -16.680344 -75.479916 63.439328
vn -23.887337 -73.517663 63.439328
vn -30.871300 -70.868995 63.439328
vn -37.567026 -67.558643 63.439328
vn -43.911999 -63.617513 63.439328
vn -49.846977 -59.082404 63.439328
vn -55.316548 -53.995659 63.439328
vn -60.269643 -48.404770 63.439328
vn -64.660016 -42.361940 63.439328
vn -68.446676 -35.923587 63.439328
vn -71.594269 -29.149825 63.439328
vn -74.073404 -22.103900 63.439328
vn -75.860937 -14.851596 63.439328
vn -76.940176 -7.460627 63.439328
vn -70.710678 0.000000 70.710678
vn -70.380575 6.824565 70.710678
vn -69.393347 13.585410 70.710678
vn -67.758212 20.219413 70.710678
vn -65.490437 26.664632 70.710678
vn -62.611196 32.860891 70.710678
vn -59.147371 38.750336 70.710678
vn -55.131302 44.277980 70.710678
vn -50.600488 49.392212 70.710678
vn -45.597230 54.045283 70.710678
vn -40.168243 58.193747 70.710678
vn -34.364217 61.798872 70.710678
vn -28.239341 64.826998 70.710678
vn -21.850801 67.249851 70.710678
vn -15.258247 69.044811 70.710678
vn -8.523230 70.195118 70.710678
vn -1.708635 70.690032 70.710678
vn 5.121914 70.524932 70.710678
vn 11.904641 69.701360 70.710678
vn 18.576217 68.227005 70.710678
vn 25.074352 66.115633 70.710678
vn 31.338375 63.386957 70.710678
vn 37.309799 60.066454 70.710678
vn 42.932873 56.185127 70.710678
vn 48.155093 51.779214 70.710678
vn 52.927703 46.889853 70.710678
vn 57.206140 41.562694 70.710678
vn 60.950460 35.847475 70.710678
vn 64.125701 29.797558 70.710678
vn 66.702218 23.469429 70.710678
vn 68.655954 16.922173 70.710678
vn 69.968669 10.216919 70.710678
vn 70.628104 3.416272 70.710678
vn 70.628104 -3.416272 70.710678
vn 69.968669 -10.216919 70.710678
vn 68.655954 -16.922173 70.710678
vn 66.702218 -23.469429 70.710678
vn 64.125701 -29.797558 70.710678
vn 60.950460 -35.847475 70.710678
vn 57.206140 -41.562694 70.710678
vn 52.927703 -46.889853 70.710678
vn 48.155093 -51.779214 70.710678
vn 42.932873 -56.185127 70.710678
vn 37.309799 -60.066454 70.710678
vn 31.338375 -63.386957 70.710678
vn 25.074352 -66.115633 70.710678
vn 18.576217 -68.227005 70.710678
vn 11.904641 -69.701360 70.710678
vn 5.121914 -70.524932 70.710678
vn -1.708635 -70.690032 70.710678
vn -8.523230 -70.195118 70.710678
vn -15.258247 -69.044811 70.710678
vn -21.850801 -67.249851 70.710678
vn -28.239341 -64.826998 70.710678
vn -34.364217 -61.798872 70.710678
vn -40.168243 -58.193747 70.710678
vn -45.597230 -54.045283 70.710678
vn -50.600488 -49.392212 70.710678
vn -55.131302 -44.277980 70.710678
vn -59.147371 -38.750336 70.710678
vn -62.611196 -32.860891 70.710678
vn -65.490437 -26.664632 70.710678
vn -67.758212 -20.219413 70.710678
vn -69.393347 -13.585410 70.710678
vn -70.380575 -6.824565 70.710678
vn -63.439328 0.000000 77.301045
vn -63.143170 6.122778 77.301045
vn -62.257462 12.188390 77.301045
vn -60.790472 18.140202 77.301045
vn -58.755898 23.922644 77.301045
vn -56.172736 29.481726 77.301045
vn -53.065104 34.765545 77.301045
vn -49.462017 39.724768 77.301045
vn -45.397117 44.313092 77.301045
vn -40.908357 48.487676 77.301045
vn -36.037646 52.209544 77.301045
vn -30.830461 55.443945 77.301045
vn -25.335421 58.160681 77.301045
vn -19.603831 60.334387 77.301045
vn -13.689205 61.944766 77.301045
vn -7.646766 62.976784 77.301045
vn -1.532932 63.420805 77.301045
vn 4.595215 63.272683 77.301045
vn 10.680458 62.533801 77.301045
vn 16.665980 61.211057 77.301045
vn 22.495896 59.316802 77.301045
vn 28.115774 56.868723 77.301045
vn 33.473143 53.889675 77.301045
vn 38.517982 50.407474 77.301045
vn 43.203189 46.454632 77.301045
vn 47.485019 42.068056 77.301045
vn 51.323495 37.288702 77.301045
vn 54.682777 32.161193 77.301045
vn 57.531500 26.733403 77.301045
vn 59.843068 21.056011 77.301045
vn 61.595897 15.182025 77.301045
vn 62.773621 9.166288 77.301045
vn 63.365246 3.064968 77.301045
vn 63.365246 -3.064968 77.301045
vn 62.773621 -9.166288 77.301045
vn 61.595897 -15.182025 77.301045
vn 59.843068 -21.056011 77.301045
vn 57.531500 -26.733403 77.301045
vn 54.682777 -32.161193 77.301045
vn 51.323495 -37.288702 77.301045
vn 47.485019 -42.068056 77.301045
vn 43.203189 -46.454632 77.301045
vn 38.517982 -50.407474 77.301045
vn 33.473143 -53.889675 77.301045
vn 28.115774 -56.868723 77.301045
vn 22.495896 -59.316802 77.301045
vn 16.665980 -61.211057 77.301045
vn 10.680458 -62.533801 77.301045
vn 4.595215 -63.272683 77.301045
vn -1.532932 -63.420805 77.301045
vn -7.646766 -62.976784 77.301045
vn -13.689205 -61.944766 77.301045
vn -19.603831 -60.334387 77.301045
vn -25.335421 -58.160681 77.301045
vn -30.830461 -55.443945 77.301045
vn -36.037646 -52.209544 77.301045
vn -40.908357 -48.487676 77.301045
vn -45.397117 -44.313092 77.301045
vn -49.462017 -39.724768 77.301045
vn -53.065104 -34.765545 77.301045
vn -56.172736 -29.481726 77.301045
vn -58.755898 -23.922644 77.301045
vn -60.790472 -18.140202 77.301045
vn -62.257462 -12.188390 77.301045
vn -63.143170 -6.122778 77.301045
vn -55.557023 0.000000 83.146961
vn -55.297663 5.362026 83.146961
vn -54.522003 10.673989 83.146961
vn -53.237286 15.886291 83.146961
vn -51.455507 20.950267 83.146961
vn -49.193301 25.818636 83.146961
vn -46.471791 30.445944 83.146961
vn -43.316386 34.788986 83.146961
vn -39.756548 38.807212 83.146961
vn -35.825514 42.463106 83.146961
vn -31.559986 45.722534 83.146961
vn -26.999792 48.555062 83.146961
vn -22.187507 50.934245 83.146961
vn -17.168064 52.837869 83.146961
vn -11.988328 54.248160 83.146961
vn -6.696659 55.151950 83.146961
vn -1.342466 55.540801 83.146961
vn 4.024262 55.411083 83.146961
vn 9.353416 54.764007 83.146961
vn 14.595240 53.605614 83.146961
vn 19.700792 51.946719 83.146961
vn 24.622403 49.802812 83.146961
vn 29.314121 47.193910 83.146961
vn 33.732142 44.144371 83.146961
vn 37.835214 40.682667 83.146961
vn 41.585029 36.841121 83.146961
vn 44.946576 32.655599 83.146961
vn 47.888469 28.165180 83.146961
vn 50.383240 23.411791 83.146961
vn 52.407596 18.439812 83.146961
vn 53.942637 13.295666 83.146961
vn 54.974030 8.027381 83.146961
vn 55.492145 2.684148 83.146961
vn 55.492145 -2.684148 83.146961
vn 54.974030 -8.027381 83.146961
vn 53.942637 -13.295666 83.146961
vn 52.407596 -18.439812 83.146961
vn 50.383240 -23.411791 83.146961
vn 47.888469 -28.165180 83.146961
vn 44.946576 -32.655599 83.146961
vn 41.585029 -36.841121 83.146961
vn 37.835214 -40.682667 83.146961
vn 33.732142 -44.144371 83.146961
vn 29.314121 -47.193910 83.146961
vn 24.622403 -49.802812 83.146961
vn 19.700792 -51.946719 83.146961
vn 14.595240 -53.605614 83.146961
vn 9.353416 -54.764007 83.146961
vn 4.024262 -55.411083 83.146961
vn -1.342466 -55.540801 83.146961
vn -6.696659 -55.151950 83.146961
vn -11.988328 -54.248160 83.146961
vn -17.168064 -52.837869 83.146961
vn -22.187507 -50.934245 83.146961
vn -26.999792 -48.555062 83.146961
vn -31.559986 -45.722534 83.146961
vn -35.825514 -42.463106 83.146961
vn -39.756548 -38.807212 83.146961
vn -43.316386 -34.788986 83.146961
vn -46.471791 -30.445944 83.146961
vn -49.193301 -25.818636 83.146961
vn -51.455507 -20.950267 83.146961
vn -53.237286 -15.886291 83.146961
vn -54.522003 -10.673989 83.146961
vn -55.297663 -5.362026 83.146961
vn -47.139674 0.000000 88.192126
vn -46.919608 4.549635 88.192126
vn -46.261468 9.056791 88.192126
vn -45.171396 13.479386 88.192126
vn -43.659571 17.776128 88.192126
vn -41.740108 21.906899 88.192126
vn -39.430929 25.833131 88.192126
vn -36.753595 29.518166 88.192126
vn -33.733101 32.927598 88.192126
vn -30.397651 36.029594 88.192126
vn -26.778387 38.795191 88.192126
vn -22.909100 41.198568 88.192126
vn -18.825916 43.217285 88.192126
vn -14.566960 44.832494 88.192126
vn -10.171997 46.029114 88.192126
vn -5.682060 46.795972 88.192126
vn -1.139071 47.125910 88.192126
vn 3.414553 47.015845 88.192126
vn 7.936296 46.466806 88.192126
vn 12.383940 45.483919 88.192126
vn 16.715959 44.076361 88.192126
vn 20.891905 42.257273 88.192126
vn 24.872789 40.043641 88.192126
vn 28.621442 37.456133 88.192126
vn 32.102865 34.518906 88.192126
vn 35.284552 31.259386 88.192126
vn 38.136797 27.708005 88.192126
vn 40.632969 23.897922 88.192126
vn 42.749761 19.864711 88.192126
vn 44.467411 15.646028 88.192126
vn 45.769880 11.281262 88.192126
vn 46.645009 6.811167 88.192126
vn 47.084625 2.277477 88.192126
vn 47.084625 -2.277477 88.192126
vn 46.645009 -6.811167 88.192126
vn 45.769880 -11.281262 88.192126
vn 44.467411 -15.646028 88.192126
vn 42.749761 -19.864711 88.192126
vn 40.632969 -23.897922 88.192126
vn 38.136797 -27.708005 88.192126
vn 35.284552 -31.259386 88.192126
vn 32.102865 -34.518906 88.192126
vn 28.621442 -37.456133 88.192126
vn 24.872789 -40.043641 88.192126
vn 20.891905 -42.257273 88.192126
vn 16.715959 -44.076361 88.192126
vn 12.383940 -45.483919 88.192126
vn 7.936296 -46.466806 88.192126
vn 3.414553 -47.015845 88.192126
vn -1.139071 -47.125910 88.192126
vn -5.682060 -46.795972 88.192126
vn -10.171997 -46.029114 88.192126
vn -14.566960 -44.832494 88.192126
vn -18.825916 -43.217285 88.192126
vn -22.909100 -41.198568 88.192126
vn -26.778387 -38.795191 88.192126
vn -30.397651 -36.029594 88.192126
vn -33.733101 -32.927598 88.192126
vn -36.753595 -29.518166 88.192126
vn -39.430929 -25.833131 88.192126
vn -41.740108 -21.906899 88.192126
vn -43.659571 -17.776128 88.192126
vn -45.171396 -13.479386 88.192126
vn -46.261468 -9.056791 88.192126
vn -46.919608 -4.549635 88.192126
vn -38.268343 0.000000 92.387953
vn -38.089693 3.693428 92.387953
vn -37.555409 7.352371 92.387953
vn -36.670480 10.942667 92.387953
vn -35.443169 14.430795 92.387953
vn -33.884935 17.784186 92.387953
vn -32.010326 20.971531 92.387953
vn -29.836846 23.963070 92.387953
vn -27.384787 26.730873 92.387953
vn -24.677043 29.249096 92.387953
vn -21.738897 31.494229 92.387953
vn -18.597780 33.445309 92.387953
vn -15.283021 35.084118 92.387953
vn -11.825568 36.395357 92.387953
vn -8.257704 37.366782 92.387953
vn -4.612739 37.989324 92.387953
vn -0.924706 38.257169 92.387953
vn 2.771960 38.167818 92.387953
vn 6.442745 37.722104 92.387953
vn 10.053376 36.924189 92.387953
vn 13.570142 35.781523 92.387953
vn 16.960206 34.304774 92.387953
vn 20.191918 32.507731 92.387953
vn 23.235103 30.407171 92.387953
vn 26.061349 28.022709 92.387953
vn 28.644266 25.376605 92.387953
vn 30.959740 22.493568 92.387953
vn 32.986151 19.400514 92.387953
vn 34.704579 16.126322 92.387953
vn 36.098980 12.701564 92.387953
vn 37.156335 9.158214 92.387953
vn 37.866771 5.529357 92.387953
vn 38.223654 1.848873 92.387953
vn 38.223654 -1.848873 92.387953
vn 37.866771 -5.529357 92.387953
vn 37.156335 -9.158214 92.387953
vn 36.098980 -12.701564 92.387953
vn 34.704579 -16.126322 92.387953
vn 32.986151 -19.400514 92.387953
vn 30.959740 -22.493568 92.387953
vn 28.644266 -25.376605 92.387953
vn 26.061349 -28.022709 92.387953
vn 23.235103 -30.407171 92.387953
vn 20.191918 -32.507731 92.387953
vn 16.960206 -34.304774 92.387953
vn 13.570142 -35.781523 92.387953
vn 10.053376 -36.924189 92.387953
vn 6.442745 -37.722104 92.387953
vn 2.771960 -38.167818 92.387953
vn -0.924706 -38.257169 92.387953
vn -4.612739 -37.989324 92.387953
vn -8.257704 -37.366782 92.387953
vn -11.825568 -36.395357 92.387953
vn -15.283021 -35.084118 92.387953
vn -18.597780 -33.445309 92.387953
vn -21.738897 -31.494229 92.387953
vn -24.677043 -29.249096 92.387953
vn -27.384787 -26.730873 92.387953
vn -29.836846 -23.963070 92.387953
vn -32.010326 -20.971531 92.387953
vn -33.884935 -17.784186 92.387953
vn -35.443169 -14.430795 92.387953
vn -36.670480 -10.942667 92.387953
vn -37.555409 -7.352371 92.387953
vn -38.089693 -3.693428 92.387953
vn -29.028468 0.000000 95.694034
vn -28.892952 2.801651 95.694034
vn -28.487671 5.577144 95.694034
vn -27.816408 8.300565 95.694034
vn -26.885431 10.946485 95.694034
vn -25.703432 13.490202 95.694034
vn -24.281446 15.907963 95.694034
vn -22.632752 18.177197 95.694034
vn -20.772741 20.276715 95.694034
vn -18.718781 22.186914 95.694034
vn -16.490049 23.889961 95.694034
vn -14.107354 25.369953 95.694034
vn -11.592942 26.613073 95.694034
vn -8.970290 27.607713 95.694034
vn -6.263885 28.344588 95.694034
vn -3.498995 28.816818 95.694034
vn -0.701436 29.019992 95.694034
vn 2.102671 28.952214 95.694034
vn 4.887147 28.614118 95.694034
vn 7.625993 28.008859 95.694034
vn 10.293637 27.142089 95.694034
vn 12.865171 26.021900 95.694034
vn 15.316588 24.658753 95.694034
vn 17.624997 23.065373 95.694034
vn 19.768847 21.256637 95.694034
vn 21.728120 19.249435 95.694034
vn 23.484524 17.062505 95.694034
vn 25.021659 14.716268 95.694034
vn 26.325173 12.232628 95.694034
vn 27.382897 9.634776 95.694034
vn 28.184953 6.946967 95.694034
vn 28.723855 4.194296 95.694034
vn 28.994569 1.402463 95.694034
vn 28.994569 -1.402463 95.694034
vn 28.723855 -4.194296 95.694034
vn 28.184953 -6.946967 95.694034
vn 27.382897 -9.634776 95.694034
vn 26.325173 -12.232628 95.694034
vn 25.021659 -14.716268 95.694034
vn 23.484524 -17.062505 95.694034
vn 21.728120 -19.249435 95.694034
vn 19.768847 -21.256637 95.694034
vn 17.624997 -23.065373 95.694034
vn 15.316588 -24.658753 95.694034
vn 12.865171 -26.021900 95.694034
vn 10.293637 -27.142089 95.694034
vn 7.625993 -28.008859 95.694034
vn 4.887147 -28.614118 95.694034
vn 2.102671 -28.952214 95.694034
vn -0.701436 -29.019992 95.694034
vn -3.498995 -28.816818 95.694034
vn -6.263885 -28.344588 95.694034
vn -8.970290 -27.607713 95.694034
vn -11.592942 -26.613073 95.694034
vn -14.107354 -25.369953 95.694034
vn -16.490049 -23.889961 95.694034
vn -18.718781 -22.186914 95.694034
vn -20.772741 -20.276715 95.694034
vn -22.632752 -18.177197 95.694034
vn -24.281446 -15.907963 95.694034
vn -25.703432 -13.490202 95.694034
vn -26.885431 -10.946485 95.694034
vn -27.816408 -8.300565 95.694034
vn -28.487671 -5.577144 95.694034
vn -28.892952 -2.801651 95.694034
vn -19.509032 0.000000 98.078528
vn -19.417957 1.882893 98.078528
vn -19.145581 3.748206 98.078528
vn -18.694449 5.578523 98.078528
vn -18.068771 7.356755 98.078528
vn -17.274390 9.066299 98.078528
vn -16.318723 10.691194 98.078528
vn -15.210692 12.216267 98.078528
vn -13.960643 13.627281 98.078528
vn -12.580247 14.911060 98.078528
vn -11.082393 16.055619 98.078528
vn -9.481066 17.050270 98.078528
vn -7.791217 17.885728 98.078528
vn -6.028622 18.554192 98.078528
vn -4.209741 19.049420 98.078528
vn -2.351554 19.366789 98.078528
vn -0.471411 19.503336 98.078528
vn 1.413133 19.457785 98.078528
vn 3.284483 19.230562 98.078528
vn 5.125167 18.823788 98.078528
vn 6.917998 18.241262 98.078528
vn 8.646238 17.488422 98.078528
vn 10.293751 16.572297 98.078528
vn 11.845153 15.501442 98.078528
vn 13.285960 14.285853 98.078528
vn 14.602720 12.936881 98.078528
vn 15.783139 11.467121 98.078528
vn 16.816194 9.890296 98.078528
vn 17.692241 8.221128 98.078528
vn 18.403101 6.475201 98.078528
vn 18.942135 4.668817 98.078528
vn 19.304312 2.818842 98.078528
vn 19.486250 0.942547 98.078528
vn 19.486250 -0.942547 98.078528
vn 19.304312 -2.818842 98.078528
vn 18.942135 -4.668817 98.078528
vn 18.403101 -6.475201 98.078528
vn 17.692241 -8.221128 98.078528
vn 16.816194 -9.890296 98.078528
vn 15.783139 -11.467121 98.078528
vn 14.602720 -12.936881 98.078528
vn 13.285960 -14.285853 98.078528
vn 11.845153 -15.501442 98.078528
vn 10.293751 -16.572297 98.078528
vn 8.646238 -17.488422 98.078528
vn 6.917998 -18.241262 98.078528
vn 5.125167 -18.823788 98.078528
vn 3.284483 -19.230562 98.078528
vn 1.413133 -19.457785 98.078528
vn -0.471411 -19.503336 98.078528
vn -2.351554 -19.366789 98.078528
vn -4.209741 -19.049420 98.078528
vn -6.028622 -18.554192 98.078528
vn -7.791217 -17.885728 98.078528
vn -9.481066 -17.050270 98.078528
vn -11.082393 -16.055619 98.078528
vn -12.580247 -14.911060 98.078528
vn -13.960643 -13.627281 98.078528
vn -15.210692 -12.216267 98.078528
vn -16.318723 -10.691194 98.078528
vn -17.274390 -9.066299 98.078528
vn -18.068771 -7.356755 98.078528
vn -18.694449 -5.578523 98.078528
vn -19.145581 -3.748206 98.078528
vn -19.417957 -1.882893 98.078528

f 1/1/1 2/2/2 65/3/3
f 65/3/3 2/2/2 64/4/4
f 64/4/4 2/2/2 3/5/5
f 64/4/4 3/5/5 63/6/6
f 63/6/6 3/5/5 4/7/7
f 63/6/6 4/7/7 62/8/8
f 62/8/8 4/7/7 5/9/9
f 62/8/8 5/9/9 61/10/10
f 61/10/10 5/9/9 6/11/11
f 61/10/10 6/11/11 60/12/12
f 60/12/12 6/11/11 7/13/13
f 60/12/12 7/13/13 59/14/14
f 59/14/14 7/13/13 8/15/15
f 59/14/14 8/15/15 58/16/16
f 58/16/16 8/15/15 9/17/17
f 58/16/16 9/17/17 57/18/18
f 57/18/18 9/17/17 10/19/19
f 57/18/18 10/19/19 56/20/20
f 56/20/20 10/19/19 11/21/21
f 56/20/20 11/21/21 55/22/22
f 55/22/22 11/21/21 12/23/23
f 55/22/22 12/23/23 54/24/24
f 54/24/24 12/23/23 13/25/25
f 54/24/24 13/25/25 53/26/26
f 53/26/26 13/25/25 14/27/27
f 53/26/26 14/27/27 52/28/28
f 52/28/28 14/27/27 15/29/29
f 52/28/28 15/29/29 51/30/30
f 51/30/30 15/29/29 16/31/31
f 51/30/30 16/31/31 50/32/32
f 50/32/32 16/31/31 17/33/33
f 50/32/32 17/33/33 49/34/34
f 49/34/34 17/33/33 18/35/35
f 49/34/34 18/35/35 48/36/36
f 48/36/36 18/35/35 19/37/37
f 48/36/36 19/37/37 47/38/38
f 47/38/38 19/37/37 20/39/39
f 47/38/38 20/39/39 46/40/40
f 46/40/40 20/39/39 21/41/41
f 46/40/40 21/41/41 45/42/42
f 45/42/42 21/41/41 22/43/43
f 45/42/42 22/43/43 44/44/44
f 44/44/44 22/43/43 23/45/45
f 44/44/44 23/45/45 43/46/46
f 43/46/46 23/45/45 24/47/47
f 43/46/46 24/47/47 42/48/48
f 42/48/48 24/47/47 25/49/49
f 42/48/48 25/49/49 41/50/50
f 41/50/50 25/49/49 26/51/51
f 41/50/50 26/51/51 40/52/52
f 40/52/52 26/51/51 27/53/53
f 40/52/52 27/53/53 39/54/54
f 39/54/54 27/53/53 28/55/55
f 39/54/54 28/55/55 38/56/56
f 38/56/56 28/55/55 29/57/57
f 38/56/56 29/57/57 37/58/58
f 37/58/58 29/57/57 30/59/59
f 37/58/58 30/59/59 36/60/60
f 36/60/60 30/59/59 31/61/61
f 36/60/60 31/61/61 35/62/62
f 35/62/62 31/61/61 32/63/63
f 35/62/62 32/63/63 34/64/64
f 34/64/64 32/63/63 33/65/65
f 65/66/66 82/67/67 1/68/68
f 1/68/68 82/67/67 111/69/69
f 1/68/68 111/69/69 2/70/70
f 2/70/70 111/69/69 1027/71/71
f 2/70/70 1027/71/71 3/72/72
f 3/72/72 1027/71/71 1012/73/73
f 3/72/72 1012/73/73 4/74/74
f 4/74/74 1012/73/73 997/75/75
f 4/74/74 997/75/75 5/76/76
f 5/76/76 997/75/75 982/77/77
f 5/76/76 982/77/77 6/78/78
f 6/78/78 982/77/77 967/79/79
f 6/78/78 967/79/79 7/80/80
f 7/80/80 967/79/79 952/81/81
f 7/80/80 952/81/81 8/82/82
f 8/82/82 952/81/81 937/83/83
f 8/82/82 937/83/83 9/84/84
f 9/84/84 937/83/83 922/85/85
f 9/84/84 922/85/85 10/86/86
f 10/86/86 922/85/85 907/87/87
f 10/86/86 907/87/87 11/88/88
f 11/88/88 907/87/87 892/89/89
f 11/88/88 892/89/89 12/90/90
f 12/90/90 892/89/89 877/91/91
f 12/90/90 877/91/91 13/92/92
f 13/92/92 877/91/91 862/93/93
f 13/92/92 862/93/93 14/94/94
f 14/94/94 862/93/93 847/95/95
f 14/94/94 847/95/95 15/96/96
f 15/96/96 847/95/95 832/97/97
f 15/96/96 832/97/97 16/98/98
f 16/98/98 832/97/97 817/99/99
f 16/98/98 817/99/99 17/100/100
f 17/100/100 817/99/99 67/101/101
f 17/100/100 67/101/101 18/102/102
f 18/103/102 67/104/101 802/105/103
f 18/103/102 802/105/103 19/106/104
f 19/106/104 802/105/103 787/107/105
f 19/106/104 787/107/105 20/108/106
f 20/108/106 787/107/105 772/109/107
f 20/108/106 772/109/107 21/110/108
f 21/110/108 772/109/107 757/111/109
f 21/110/108 757/111/109 22/112/110
f 22/112/110 757/111/109 742/113/111
f 22/112/110 742/113/111 23/114/112
f 23/114/112 742/113/111 727/115/113
f 23/114/112 727/115/113 24/116/114
f 24/116/114 727/115/113 712/117/115
f 24/116/114 712/117/115 25/118/116
f 25/118/116 712/117/115 697/119/117
f 25/118/116 697/119/117 26/120/118
f 26/120/118 697/119/117 682/121/119
f 26/120/118 682/121/119 27/122/120
f 27/122/120 682/121/119 667/123/121
f 27/122/120 667/123/121 28/124/122
f 28/124/122 667/123/121 652/125/123
f 28/124/122 652/125/123 29/126/124
f 29/126/124 652/125/123 637/127/125
f 29/126/124 637/127/125 30/128/126
f 30/128/126 637/127/125 622/129/127
f 30/128/126 622/129/127 31/130/128
f 31/130/128 622/129/127 607/131/129
f 31/130/128 607/131/129 32/132/130
f 32/132/130 607/131/129 592/133/131
f 32/132/130 592/133/131 33/134/132
f 33/134/132 592/133/131 577/135/133
f 33/134/132 577/135/133 34/136/134
f 34/136/134 577/135/133 562/137/135
f 34/136/134 562/137/135 35/138/136
f 35/138/136 562/137/135 547/139/137
f 35/138/136 547/139/137 36/140/138
f 36/140/138 547/139/137 532/141/139
f 36/140/138 532/141/139 37/142/140
f 37/142/140 532/141/139 517/143/141
f 37/142/140 517/143/141 38/144/142
f 38/144/142 517/143/141 502/145/143
f 38/144/142 502/145/143 39/146/144
f 39/146/144 502/145/143 487/147/145
f 39/146/144 487/147/145 40/148/146
f 40/148/146 487/147/145 472/149/147
f 40/148/146 472/149/147 41/150/148
f 41/150/148 472/149/147 457/151/149
f 41/150/148 457/151/149 42/152/150
f 42/152/150 457/151/149 442/153/151
f 42/152/150 442/153/151 43/154/152
f 43/154/152 442/153/151 427/155/153
f 43/154/152 427/155/153 44/156/154
f 44/156/154 427/155/153 412/157/155
f 44/156/154 412/157/155 45/158/156
f 45/158/156 412/157/155 397/159/157
f 45/158/156 397/159/157 46/160/158
f 46/160/158 397/159/157 382/161/159
f 46/160/158 382/161/159 47/162/160
f 47/162/160 382/161/159 367/163/161
f 47/162/160 367/163/161 48/164/162
f 48/164/162 367/163/161 352/165/163
f 48/164/162 352/165/163 49/166/164
f 49/166/164 352/165/163 337/167/165
f 49/166/164 337/167/165 50/168/166
f 50/168/166 337/167/165 322/169/167
f 50/168/166 322/169/167 51/170/168
f 51/170/168 322/169/167 307/171/169
f 51/170/168 307/171/169 52/172/170
f 52/172/170 307/171/169 292/173/171
f 52/172/170 292/173/171 53/174/172
f 53/174/172 292/173/171 277/175/173
f 53/174/172 277/175/173 54/176/174
f 54/176/174 277/175/173 262/177/175
f 54/176/174 262/177/175 55/178/176
f 55/178/176 262/177/175 247/179/177
f 55/178/176 247/179/177 56/180/178
f 56/180/178 247/179/177 232/181/179
f 56/180/178 232/181/179 57/182/180
f 57/182/180 232/181/179 217/183/181
f 57/182/180 217/183/181 58/184/182
f 58/184/182 217/183/181 202/185/183
f 58/184/182 202/185/183 59/186/184
f 59/186/184 202/185/183 187/187/185
f 59/186/184 187/187/185 60/188/186
f 60/188/186 187/187/185 172/189/187
f 60/188/186 172/189/187 61/190/188
f 61/190/188 172/189/187 157/191/189
f 61/190/188 157/191/189 62/192/190
f 62/192/190 157/191/189 142/193/191
f 62/192/190 142/193/191 63/194/192
f 63/194/192 142/193/191 127/195/193
f 63/194/192 127/195/193 64/196/194
f 64/196/194 127/195/193 112/197/195
f 64/196/194 112/197/195 65/66/66
f 65/66/66 112/197/195 82/67/67
f 81/198/196 66/199/197 816/200/198
f 816/200/198 66/201/197 801/202/199
f 801/202/199 66/203/197 786/204/200
f 786/204/200 66/205/197 771/206/201
f 771/206/201 66/207/197 756/208/202
f 756/208/202 66/209/197 741/210/203
f 741/210/203 66/211/197 726/212/204
f 726/212/204 66/213/197 711/214/205
f 711/214/205 66/215/197 696/216/206
f 696/216/206 66/217/197 681/218/207
f 681/218/207 66/219/197 666/220/208
f 666/220/208 66/221/197 651/222/209
f 651/222/209 66/223/197 636/224/210
f 636/224/210 66/225/197 621/226/211
f 621/226/211 66/227/197 606/228/212
f 606/228/212 66/229/197 591/230/213
f 591/230/213 66/231/197 576/232/214
f 576/232/214 66/233/197 561/234/215
f 561/234/215 66/235/197 546/236/216
f 546/236/216 66/237/197 531/238/217
f 531/238/217 66/239/197 516/240/218
f 516/240/218 66/241/197 501/242/219
f 486/243/220 66/244/197 471/245/221
f 471/245/221 66/246/197 456/247/222
f 456/247/222 66/248/197 441/249/223
f 441/249/223 66/250/197 426/251/224
f 426/251/224 66/252/197 411/253/225
f 411/253/225 66/254/197 396/255/226
f 396/255/226 66/256/197 381/257/227
f 381/257/227 66/258/197 366/259/228
f 366/259/228 66/260/197 351/261/229
f 351/261/229 66/262/197 336/263/230
f 336/263/230 66/264/197 321/265/231
f 321/265/231 66/266/197 306/267/232
f 306/267/232 66/268/197 291/269/233
f 291/269/233 66/270/197 276/271/234
f 276/271/234 66/272/197 261/273/235
f 261/273/235 66/274/197 246/275/236
f 246/275/236 66/276/197 231/277/237
f 231/277/237 66/278/197 216/279/238
f 216/279/238 66/280/197 201/281/239
f 201/281/239 66/282/197 186/283/240
f 186/283/240 66/284/197 171/285/241
f 156/286/242 66/287/197 141/288/243
f 141/288/243 66/289/197 126/290/244
f 126/290/244 66/291/197 96/292/245
f 96/292/245 66/293/197 97/294/246
f 97/294/246 66/295/197 1041/296/247
f 1041/296/247 66/297/197 1026/298/248
f 1026/298/248 66/299/197 1011/300/249
f 1011/300/249 66/301/197 996/302/250
f 996/302/250 66/303/197 981/304/251
f 981/304/251 66/305/197 966/306/252
f 966/306/252 66/307/197 951/308/253
f 951/308/253 66/309/197 936/310/254
f 936/310/254 66/311/197 921/312/255
f 921/312/255 66/313/197 906/314/256
f 906/314/256 66/315/197 891/316/257
f 891/316/257 66/317/197 876/318/258
f 876/318/258 66/319/197 861/320/259
f 861/320/259 66/321/197 846/322/260
f 846/322/260 66/323/197 831/324/261
f 831/324/261 66/325/197 81/326/196
f 67/104/101 68/327/262 802/105/103
f 802/105/103 68/327/262 803/328/263
f 802/105/103 803/328/263 787/107/105
f 787/107/105 803/328/263 788/329/264
f 787/107/105 788/329/264 772/109/107
f 772/109/107 788/329/264 773/330/265
f 772/109/107 773/330/265 757/111/109
f 757/111/109 773/330/265 758/331/266
f 757/111/109 758/331/266 742/113/111
f 742/113/111 758/331/266 743/332/267
f 742/113/111 743/332/267 727/115/113
f 727/115/113 743/332/267 728/333/268
f 727/115/113 728/333/268 712/117/115
f 712/117/115 728/333/268 713/334/269
f 712/117/115 713/334/269 697/119/117
f 697/119/117 713/334/269 698/335/270
f 697/119/117 698/335/270 682/121/119
f 682/121/119 698/335/270 683/336/271
f 682/121/119 683/336/271 667/123/121
f 667/123/121 683/336/271 668/337/272
f 667/123/121 668/337/272 652/125/123
f 652/125/123 668/337/272 653/338/273
f 652/125/123 653/338/273 637/127/125
f 637/127/125 653/338/273 638/339/274
f 637/127/125 638/339/274 622/129/127
f 622/129/127 638/339/274 623/340/275
f 622/129/127 623/340/275 607/131/129
f 607/131/129 623/340/275 608/341/276
f 607/131/129 608/341/276 592/133/131
f 592/133/131 608/341/276 593/342/277
f 592/133/131 593/342/277 577/135/133
f 577/135/133 593/342/277 578/343/278
f 577/135/133 578/343/278 562/137/135
f 562/137/135 578/343/278 563/344/279
f 562/137/135 563/344/279 547/139/137
f 547/139/137 563/344/279 548/345/280
f 547/139/137 548/345/280 532/141/139
f 532/141/139 548/345/280 533/346/281
f 532/141/139 533/346/281 517/143/141
f 517/143/141 533/346/281 518/347/282
f 517/143/141 518/347/282 502/145/143
f 502/145/143 518/347/282 503/348/283
f 502/145/143 503/348/283 487/147/145
f 487/147/145 503/348/283 488/349/284
f 487/147/145 488/349/284 472/149/147
f 472/149/147 488/349/284 473/350/285
f 472/149/147 473/350/285 457/151/149
f 457/151/149 473/350/285 458/351/286
f 457/151/149 458/351/286 442/153/151
f 442/153/151 458/351/286 443/352/287
f 442/153/151 443/352/287 427/155/153
f 427/155/153 443/352/287 428/353/288
f 427/155/153 428/353/288 412/157/155
f 412/157/155 428/353/288 413/354/289
f 412/157/155 413/354/289 397/159/157
f 397/159/157 413/354/289 398/355/290
f 397/159/157 398/355/290 382/161/159
f 382/161/159 398/355/290 383/356/291
f 382/161/159 383/356/291 367/163/161
f 367/163/161 383/356/291 368/357/292
f 367/163/161 368/357/292 352/165/163
f 352/165/163 368/357/292 353/358/293
f 352/165/163 353/358/293 337/167/165
f 337/167/165 353/358/293 338/359/294
f 337/167/165 338/359/294 322/169/167
f 322/169/167 338/359/294 323/360/295
f 322/169/167 323/360/295 307/171/169
f 307/171/169 323/360/295 308/361/296
f 307/171/169 308/361/296 292/173/171
f 292/173/171 308/361/296 293/362/297
f 292/173/171 293/362/297 277/175/173
f 277/175/173 293/362/297 278/363/298
f 277/175/173 278/363/298 262/177/175
f 262/177/175 278/363/298 263/364/299
f 262/177/175 263/364/299 247/179/177
f 247/179/177 263/364/299 248/365/300
f 247/179/177 248/365/300 232/181/179
f 232/181/179 248/365/300 233/366/301
f 232/181/179 233/366/301 217/183/181
f 217/183/181 233/366/301 218/367/302
f 217/183/181 218/367/302 202/185/183
f 202/185/183 218/367/302 203/368/303
f 202/185/183 203/368/303 187/187/185
f 187/187/185 203/368/303 188/369/304
f 187/187/185 188/369/304 172/189/187
f 172/189/187 188/369/304 173/370/305
f 172/189/187 173/370/305 157/191/189
f 157/191/189 173/370/305 158/371/306
f 157/191/189 158/371/306 142/193/191
f 142/193/191 158/371/306 143/372/307
f 142/193/191 143/372/307 127/195/193
f 127/195/193 143/372/307 128/373/308
f 127/195/193 128/373/308 112/197/195
f 112/197/195 128/373/308 113/374/309
f 112/197/195 113/374/309 82/67/67
f 82/67/67 113/374/309 83/375/310
f 82/67/67 83/375/310 111/69/69
f 111/69/69 83/375/310 110/376/311
f 111/69/69 110/376/311 1027/71/71
f 1027/71/71 110/376/311 1028/377/312
f 1027/71/71 1028/377/312 1012/73/73
f 1012/73/73 1028/377/312 1013/378/313
f 1012/73/73 1013/378/313 997/75/75
f 997/75/75 1013/378/313 998/379/314
f 997/75/75 998/379/314 982/77/77
f 982/77/77 998/379/314 983/380/315
f 982/77/77 983/380/315 967/79/79
f 967/79/79 983/380/315 968/381/316
f 967/79/79 968/381/316 952/81/81
f 952/81/81 968/381/316 953/382/317
f 952/81/81 953/382/317 937/83/83
f 937/83/83 953/382/317 938/383/318
f 937/83/83 938/383/318 922/85/85
f 922/85/85 938/383/318 923/384/319
f 922/85/85 923/384/319 907/87/87
f 907/87/87 923/384/319 908/385/320
f 907/87/87 908/385/320 892/89/89
f 892/89/89 908/385/320 893/386/321
f 892/89/89 893/386/321 877/91/91
f 877/91/91 893/386/321 878/387/322
f 877/91/91 878/387/322 862/93/93
f 862/93/93 878/387/322 863/388/323
f 862/93/93 863/388/323 847/95/95
f 847/95/95 863/388/323 848/389/324
f 847/95/95 848/389/324 832/97/97
f 832/97/97 848/389/324 833/390/325
f 832/97/97 833/390/325 817/99/99
f 817/99/99 833/390/325 818/391/326
f 817/99/99 818/391/326 67/101/101
f 67/101/101 818/391/326 68/392/262
f 68/327/262 69/393/327 803/328/263
f 803/328/263 69/393/327 804/394/328
f 803/328/263 804/394/328 788/329/264
f 788/329/264 804/394/328 789/395/329
f 788/329/264 789/395/329 773/330/265
f 773/330/265 789/395/329 774/396/330
f 773/330/265 774/396/330 758/331/266
f 758/331/266 774/396/330 759/397/331
f 758/331/266 759/397/331 743/332/267
f 743/332/267 759/397/331 744/398/332
f 743/332/267 744/398/332 728/333/268
f 728/333/268 744/398/332 729/399/333
f 728/333/268 729/399/333 713/334/269
f 713/334/269 729/399/333 714/400/334
f 713/334/269 714/400/334 698/335/270
f 698/335/270 714/400/334 699/401/335
f 698/335/270 699/401/335 683/336/271
f 683/336/271 699/401/335 684/402/336
f 683/336/271 684/402/336 668/337/272
f 668/337/272 684/402/336 669/403/337
f 668/337/272 669/403/337 653/338/273
f 653/338/273 669/403/337 654/404/338
f 653/338/273 654/404/338 638/339/274
f 638/339/274 654/404/338 639/405/339
f 638/339/274 639/405/339 623/340/275
f 623/340/275 639/405/339 624/406/340
f 623/340/275 624/406/340 608/341/276
f 608/341/276 624/406/340 609/407/341
f 608/341/276 609/407/341 593/342/277
f 593/342/277 609/407/341 594/408/342
f 593/342/277 594/408/342 578/343/278
f 578/343/278 594/408/342 579/409/343
f 578/343/278 579/409/343 563/344/279
f 563/344/279 579/409/343 564/410/344
f 563/344/279 564/410/344 548/345/280
f 548/345/280 564/410/344 549/411/345
f 548/345/280 549/411/345 533/346/281
f 533/346/281 549/411/345 534/412/346
f 533/346/281 534/412/346 518/347/282
f 518/347/282 534/412/346 519/413/347
f 518/347/282 519/413/347 503/348/283
f 503/348/283 519/413/347 504/414/348
f 503/348/283 504/414/348 488/349/284
f 488/349/284 504/414/348 489/415/349
f 488/349/284 489/415/349 473/350/285
f 473/350/285 489/415/349 474/416/350
f 473/350/285 474/416/350 458/351/286
f 458/351/286 474/416/350 459/417/351
f 458/351/286 459/417/351 443/352/287
f 443/352/287 459/417/351 444/418/352
f 443/352/287 444/418/352 428/353/288
f 428/353/288 444/418/352 429/419/353
f 428/353/288 429/419/353 413/354/289
f 413/354/289 429/419/353 414/420/354
f 413/354/289 414/420/354 398/355/290
f 398/355/290 414/420/354 399/421/355
f 398/355/290 399/421/355 383/356/291
f 383/356/291 399/421/355 384/422/356
f 383/356/291 384/422/356 368/357/292
f 368/357/292 384/422/356 369/423/357
f 368/357/292 369/423/357 353/358/293
f 353/358/293 369/423/357 354/424/358
f 353/358/293 354/424/358 338/359/294
f 338/359/294 354/424/358 339/425/359
f 338/359/294 339/425/359 323/360/295
f 323/360/295 339/425/359 324/426/360
f 323/360/295 324/426/360 308/361/296
f 308/361/296 324/426/360 309/427/361
f 308/361/296 309/427/361 293/362/297
f 293/362/297 309/427/361 294/428/362
f 293/362/297 294/428/362 278/363/298
f 278/363/298 294/428/362 279/429/363
f 278/363/298 279/429/363 263/364/299
f 263/364/299 279/429/363 264/430/364
f 263/364/299 264/430/364 248/365/300
f 248/365/300 264/430/364 249/431/365
f 248/365/300 249/431/365 233/366/301
f 233/366/301 249/431/365 234/432/366
f 233/366/301 234/432/366 218/367/302
f 218/367/302 234/432/366 219/433/367
f 218/367/302 219/433/367 203/368/303
f 203/368/303 219/433/367 204/434/368
f 203/368/303 204/434/368 188/369/304
f 188/369/304 204/434/368 189/435/369
f 188/369/304 189/435/369 173/370/305
f 173/370/305 189/435/369 174/436/370
f 173/370/305 174/436/370 158/371/306
f 158/371/306 174/436/370 159/437/371
f 158/371/306 159/437/371 143/372/307
f 143/372/307 159/437/371 144/438/372
f 143/372/307 144/438/372 128/373/308
f 128/373/308 144/438/372 129/439/373
f 128/373/308 129/439/373 113/374/309
f 113/374/309 129/439/373 114/440/374
f 113/374/309 114/440/374 83/375/310
f 83/375/310 114/440/374 84/441/375
f 83/375/310 84/441/375 110/376/311
f 110/376/311 84/441/375 109/442/376
f 110/376/311 109/442/376 1028/377/312
f 1028/377/312 109/442/376 1029/443/377
f 1028/377/312 1029/443/377 1013/378/313
f 1013/378/313 1029/443/377 1014/444/378
f 1013/378/313 1014/444/378 998/379/314
f 998/379/314 1014/444/378 999/445/379
f 998/379/314 999/445/379 983/380/315
f 983/380/315 999/445/379 984/446/380
f 983/380/315 984/446/380 968/381/316
f 968/381/316 984/446/380 969/447/381
f 968/381/316 969/447/381 953/382/317
f 953/382/317 969/447/381 954/448/382
f 953/382/317 954/448/382 938/383/318
f 938/383/318 954/448/382 939/449/383
f 938/383/318 939/449/383 923/384/319
f 923/384/319 939/449/383 924/450/384
f 923/384/319 924/450/384 908/385/320
f 908/385/320 924/450/384 909/451/385
f 908/385/320 909/451/385 893/386/321
f 893/386/321 909/451/385 894/452/386
f 893/386/321 894/452/386 878/387/322
f 878/387/322 894/452/386 879/453/387
f 878/387/322 879/453/387 863/388/323
f 863/388/323 879/453/387 864/454/388
f 863/388/323 864/454/388 848/389/324
f 848/389/324 864/454/388 849/455/389
f 848/389/324 849/455/389 833/390/325
f 833/390/325 849/455/389 834/456/390
f 833/390/325 834/456/390 818/391/326
f 818/391/326 834/456/390 819/457/391
f 818/391/326 819/457/391 68/392/262
f 68/392/262 819/457/391 69/458/327
f 69/393/327 70/459/392 804/394/328
f 804/394/328 70/459/392 805/460/393
f 804/394/328 805/460/393 789/395/329
f 789/395/329 805/460/393 790/461/394
f 789/395/329 790/461/394 774/396/330
f 774/396/330 790/461/394 775/462/395
f 774/396/330 775/462/395 759/397/331
f 759/397/331 775/462/395 760/463/396
f 759/397/331 760/463/396 744/398/332
f 744/398/332 760/463/396 745/464/397
f 744/398/332 745/464/397 729/399/333
f 729/399/333 745/464/397 730/465/398
f 729/399/333 730/465/398 714/400/334
f 714/400/334 730/465/398 715/466/399
f 714/400/334 715/466/399 699/401/335
f 699/401/335 715/466/399 700/467/400
f 699/401/335 700/467/400 684/402/336
f 684/402/336 700/467/400 685/468/401
f 684/402/336 685/468/401 669/403/337
f 669/403/337 685/468/401 670/469/402
f 669/403/337 670/469/402 654/404/338
f 654/404/338 670/469/402 655/470/403
f 654/404/338 655/470/403 639/405/339
f 639/405/339 655/470/403 640/471/404
f 639/405/339 640/471/404 624/406/340
f 624/406/340 640/471/404 625/472/405
f 624/406/340 625/472/405 609/407/341
f 609/407/341 625/472/405 610/473/406
f 609/407/341 610/473/406 594/408/342
f 594/408/342 610/473/406 595/474/407
f 594/408/342 595/474/407 579/409/343
f 579/409/343 595/474/407 580/475/408
f 579/409/343 580/475/408 564/410/344
f 564/410/344 580/475/408 565/476/409
f 564/410/344 565/476/409 549/411/345
f 549/411/345 565/476/409 550/477/410
f 549/411/345 550/477/410 534/412/346
f 534/412/346 550/477/410 535/478/411
f 534/412/346 535/478/411 519/413/347
f 519/413/347 535/478/411 520/479/412
f 519/413/347 520/479/412 504/414/348
f 504/414/348 520/479/412 505/480/413
f 504/414/348 505/480/413 489/415/349
f 489/415/349 505/480/413 490/481/414
f 489/415/349 490/481/414 474/416/350
f 474/416/350 490/481/414 475/482/415
f 474/416/350 475/482/415 459/417/351
f 459/417/351 475/482/415 460/483/416
f 459/417/351 460/483/416 444/418/352
f 444/418/352 460/483/416 445/484/417
f 444/418/352 445/484/417 429/419/353
f 429/419/353 445/484/417 430/485/418
f 429/419/353 430/485/418 414/420/354
f 414/420/354 430/485/418 415/486/419
f 414/420/354 415/486/419 399/421/355
f 399/421/355 415/486/419 400/487/420
f 399/421/355 400/487/420 384/422/356
f 384/422/356 400/487/420 385/488/421
f 384/422/356 385/488/421 369/423/357
f 369/423/357 385/488/421 370/489/422
f 369/423/357 370/489/422 354/424/358
f 354/424/358 370/489/422 355/490/423
f 354/424/358 355/490/423 339/425/359
f 339/425/359 355/490/423 340/491/424
f 339/425/359 340/491/424 324/426/360
f 324/426/360 340/491/424 325/492/425
f 324/426/360 325/492/425 309/427/361
f 309/427/361 325/492/425 310/493/426
f 309/427/361 310/493/426 294/428/362
f 294/428/362 310/493/426 295/494/427
f 294/428/362 295/494/427 279/429/363
f 279/429/363 295/494/427 280/495/428
f 279/429/363 280/495/428 264/430/364
f 264/430/364 280/495/428 265/496/429
f 264/430/364 265/496/429 249/431/365
f 249/431/365 265/496/429 250/497/430
f 249/431/365 250/497/430 234/432/366
f 234/432/366 250/497/430 235/498/431
f 234/432/366 235/498/431 219/433/367
f 219/433/367 235/498/431 220/499/432
f 219/433/367 220/499/432 204/434/368
f 204/434/368 220/499/432 205/500/433
f 204/434/368 205/500/433 189/435/369
f 189/435/369 205/500/433 190/501/434
f 189/435/369 190/501/434 174/436/370
f 174/436/370 190/501/434 175/502/435
f 174/436/370 175/502/435 159/437/371
f 159/437/371 175/502/435 160/503/436
f 159/437/371 160/503/436 144/438/372
f 144/438/372 160/503/436 145/504/437
f 144/438/372 145/504/437 129/439/373
f 129/439/373 145/504/437 130/505/438
f 129/439/373 130/505/438 114/440/374
f 114/440/374 130/505/438 115/506/439
f 114/440/374 115/506/439 84/441/375
f 84/441/375 115/506/439 85/507/440
f 84/441/375 85/507/440 109/442/376
f 109/442/376 85/507/440 108/508/441
f 109/442/376 108/508/441 1029/443/377
f 1029/443/377 108/508/441 1030/509/442
f 1029/443/377 1030/509/442 1014/444/378
f 1014/444/378 1030/509/442 1015/510/443
f 1014/444/378 1015/510/443 999/445/379
f 999/445/379 1015/510/443 1000/511/444
f 999/445/379 1000/511/444 984/446/380
f 984/446/380 1000/511/444 985/512/445
f 984/446/380 985/512/445 969/447/381
f 969/447/381 985/512/445 970/513/446
f 969/447/381 970/513/446 954/448/382
f 954/448/382 970/513/446 955/514/447
f 954/448/382 955/514/447 939/449/383
f 939/449/383 955/514/447 940/515/448
f 939/449/383 940/515/448 924/450/384
f 924/450/384 940/515/448 925/516/449
f 924/450/384 925/516/449 909/451/385
f 909/451/385 925/516/449 910/517/450
f 909/451/385 910/517/450 894/452/386
f 894/452/386 910/517/450 895/518/451
f 894/452/386 895/518/451 879/453/387
f 879/453/387 895/518/451 880/519/452
f 879/453/387 880/519/452 864/454/388
f 864/454/388 880/519/452 865/520/453
f 864/454/388 865/520/453 849/455/389
f 849/455/389 865/520/453 850/521/454
f 849/455/389 850/521/454 834/456/390
f 834/456/390 850/521/454 835/522/455
f 834/456/390 835/522/455 819/457/391
f 819/457/391 835/522/455 820/523/456
f 819/457/391 820/523/456 69/458/327
f 69/458/327 820/523/456 70/524/392
f 70/459/392 71/525/457 805/460/393
f 805/460/393 71/525/457 806/526/458
f 805/460/393 806/526/458 790/461/394
f 790/461/394 806/526/458 791/527/459
f 790/461/394 791/527/459 775/462/395
f 775/462/395 791/527/459 776/528/460
f 775/462/395 776/528/460 760/463/396
f 760/463/396 776/528/460 761/529/461
f 760/463/396 761/529/461 745/464/397
f 745/464/397 761/529/461 746/530/462
f 745/464/397 746/530/462 730/465/398
f 730/465/398 746/530/462 731/531/463
f 730/465/398 731/531/463 715/466/399
f 715/466/399 731/531/463 716/532/464
f 715/466/399 716/532/464 700/467/400
f 700/467/400 716/532/464 701/533/465
f 700/467/400 701/533/465 685/468/401
f 685/468/401 701/533/465 686/534/466
f 685/468/401 686/534/466 670/469/402
f 670/469/402 686/534/466 671/535/467
f 670/469/402 671/535/467 655/470/403
f 655/470/403 671/535/467 656/536/468
f 655/470/403 656/536/468 640/471/404
f 640/471/404 656/536/468 641/537/469
f 640/471/404 641/537/469 625/472/405
f 625/472/405 641/537/469 626/538/470
f 625/472/405 626/538/470 610/473/406
f 610/473/406 626/538/470 611/539/471
f 610/473/406 611/539/471 595/474/407
f 595/474/407 611/539/471 596/540/472
f 595/474/407 596/540/472 580/475/408
f 580/475/408 596/540/472 581/541/473
f 580/475/408 581/541/473 565/476/409
f 565/476/409 581/541/473 566/542/474
f 565/476/409 566/542/474 550/477/410
f 550/477/410 566/542/474 551/543/475
f 550/477/410 551/543/475 535/478/411
f 535/478/411 551/543/475 536/544/476
f 535/478/411 536/544/476 520/479/412
f 520/479/412 536/544/476 521/545/477
f 520/479/412 521/545/477 505/480/413
f 505/480/413 521/545/477 506/546/478
f 505/480/413 506/546/478 490/481/414
f 490/481/414 506/546/478 491/547/479
f 490/481/414 491/547/479 475/482/415
f 475/482/415 491/547/479 476/548/480
f 475/482/415 476/548/480 460/483/416
f 460/483/416 476/548/480 461/549/481
f 460/483/416 461/549/481 445/484/417
f 445/484/417 461/549/481 446/550/482
f 445/484/417 446/550/482 430/485/418
f 430/485/418 446/550/482 431/551/483
f 430/485/418 431/551/483 415/486/419
f 415/486/419 431/551/483 416/552/484
f 415/486/419 416/552/484 400/487/420
f 400/487/420 416/552/484 401/553/485
f 400/487/420 401/553/485 385/488/421
f 385/488/421 401/553/485 386/554/486
f 385/488/421 386/554/486 370/489/422
f 370/489/422 386/554/486 371/555/487
f 370/489/422 371/555/487 355/490/423
f 355/490/423 371/555/487 356/556/488
f 355/490/423 356/556/488 340/491/424
f 340/491/424 356/556/488 341/557/489
f 340/491/424 341/557/489 325/492/425
f 325/492/425 341/557/489 326/558/490
f 325/492/425 326/558/490 310/493/426
f 310/493/426 326/558/490 311/559/491
f 310/493/426 311/559/491 295/494/427
f 295/494/427 311/559/491 296/560/492
f 295/494/427 296/560/492 280/495/428
f 280/495/428 296/560/492 281/561/493
f 280/495/428 281/561/493 265/496/429
f 265/496/429 281/561/493 266/562/494
f 265/496/429 266/562/494 250/497/430
f 250/497/430 266/562/494 251/563/495
f 250/497/430 251/563/495 235/498/431
f 235/498/431 251/563/495 236/564/496
f 235/498/431 236/564/496 220/499/432
f 220/499/432 236/564/496 221/565/497
f 220/499/432 221/565/497 205/500/433
f 205/500/433 221/565/497 206/566/498
f 205/500/433 206/566/498 190/501/434
f 190/501/434 206/566/498 191/567/499
f 190/501/434 191/567/499 175/502/435
f 175/502/435 191/567/499 176/568/500
f 175/502/435 176/568/500 160/503/436
f 160/503/436 176/568/500 161/569/501
f 160/503/436 161/569/501 145/504/437
f 145/504/437 161/569/501 146/570/502
f 145/504/437 146/570/502 130/505/438
f 130/505/438 146/570/502 131/571/503
f 130/505/438 131/571/503 115/506/439
f 115/506/439 131/571/503 116/572/504
f 115/506/439 116/572/504 85/507/440
f 85/507/440 116/572/504 86/573/505
f 85/507/440 86/573/505 108/508/441
f 108/508/441 86/573/505 107/574/506
f 108/508/441 107/574/506 1030/509/442
f 1030/509/442 107/574/506 1031/575/507
f 1030/509/442 1031/575/507 1015/510/443
f 1015/510/443 1031/575/507 1016/576/508
f 1015/510/443 1016/576/508 1000/511/444
f 1000/511/444 1016/576/508 1001/577/509
f 1000/511/444 1001/577/509 985/512/445
f 985/512/445 1001/577/509 986/578/510
f 985/512/445 986/578/510 970/513/446
f 970/513/446 986/578/510 971/579/511
f 970/513/446 971/579/511 955/514/447
f 955/514/447 971/579/511 956/580/512
f 955/514/447 956/580/512 940/515/448
f 940/515/448 956/580/512 941/581/513
f 940/515/448 941/581/513 925/516/449
f 925/516/449 941/581/513 926/582/514
f 925/516/449 926/582/514 910/517/450
f 910/517/450 926/582/514 911/583/515
f 910/517/450 911/583/515 895/518/451
f 895/518/451 911/583/515 896/584/516
f 895/518/451 896/584/516 880/519/452
f 880/519/452 896/584/516 881/585/517
f 880/519/452 881/585/517 865/520/453
f 865/520/453 881/585/517 866/586/518
f 865/520/453 866/586/518 850/521/454
f 850/521/454 866/586/518 851/587/519
f 850/521/454 851/587/519 835/522/455
f 835/522/455 851/587/519 836/588/520
f 835/522/455 836/588/520 820/523/456
f 820/523/456 836/588/520 821/589/521
f 820/523/456 821/589/521 70/524/392
f 70/524/392 821/589/521 71/590/457
f 71/525/457 72/591/522 806/526/458
f 806/526/458 72/591/522 807/592/523
f 806/526/458 807/592/523 791/527/459
f 791/527/459 807/592/523 792/593/524
f 791/527/459 792/593/524 776/528/460
f 776/528/460 792/593/524 777/594/525
f 776/528/460 777/594/525 761/529/461
f 761/529/461 777/594/525 762/595/526
f 761/529/461 762/595/526 746/530/462
f 746/530/462 762/595/526 747/596/527
f 746/530/462 747/596/527 731/531/463
f 731/531/463 747/596/527 732/597/528
f 731/531/463 732/597/528 716/532/464
f 716/532/464 732/597/528 717/598/529
f 716/532/464 717/598/529 701/533/465
f 701/533/465 717/598/529 702/599/530
f 701/533/465 702/599/530 686/534/466
f 686/534/466 702/599/530 687/600/531
f 686/534/466 687/600/531 671/535/467
f 671/535/467 687/600/531 672/601/532
f 671/535/467 672/601/532 656/536/468
f 656/536/468 672/601/532 657/602/533
f 656/536/468 657/602/533 641/537/469
f 641/537/469 657/602/533 642/603/534
f 641/537/469 642/603/534 626/538/470
f 626/538/470 642/603/534 627/604/535
f 626/538/470 627/604/535 611/539/471
f 611/539/471 627/604/535 612/605/536
f 611/539/471 612/605/536 596/540/472
f 596/540/472 612/605/536 597/606/537
f 596/540/472 597/606/537 581/541/473
f 581/541/473 597/606/537 582/607/538
f 581/541/473 582/607/538 566/542/474
f 566/542/474 582/607/538 567/608/539
f 566/542/474 567/608/539 551/543/475
f 551/543/475 567/608/539 552/609/540
f 551/543/475 552/609/540 536/544/476
f 536/544/476 552/609/540 537/610/541
f 536/544/476 537/610/541 521/545/477
f 521/545/477 537/610/541 522/611/542
f 521/545/477 522/611/542 506/546/478
f 506/546/478 522/611/542 507/612/543
f 506/546/478 507/612/543 491/547/479
f 491/547/479 507/612/543 492/613/544
f 491/547/479 492/613/544 476/548/480
f 476/548/480 492/613/544 477/614/545
f 476/548/480 477/614/545 461/549/481
f 461/549/481 477/614/545 462/615/546
f 461/549/481 462/615/546 446/550/482
f 446/550/482 462/615/546 447/616/547
f 446/550/482 447/616/547 431/551/483
f 431/551/483 447/616/547 432/617/548
f 431/551/483 432/617/548 416/552/484
f 416/552/484 432/617/548 417/618/549
f 416/552/484 417/618/549 401/553/485
f 401/553/485 417/618/549 402/619/550
f 401/553/485 402/619/550 386/554/486
f 386/554/486 402/619/550 387/620/551
f 386/554/486 387/620/551 371/555/487
f 371/555/487 387/620/551 372/621/552
f 371/555/487 372/621/552 356/556/488
f 356/556/488 372/621/552 357/622/553
f 356/556/488 357/622/553 341/557/489
f 341/557/489 357/622/553 342/623/554
f 341/557/489 342/623/554 326/558/490
f 326/558/490 342/623/554 327/624/555
f 326/558/490 327/624/555 311/559/491
f 311/559/491 327/624/555 312/625/556
f 311/559/491 312/625/556 296/560/492
f 296/560/492 312/625/556 297/626/557
f 296/560/492 297/626/557 281/561/493
f 281/561/493 297/626/557 282/627/558
f 281/561/493 282/627/558 266/562/494
f 266/562/494 282/627/558 267/628/559
f 266/562/494 267/628/559 251/563/495
f 251/563/495 267/628/559 252/629/560
f 251/563/495 252/629/560 236/564/496
f 236/564/496 252/629/560 237/630/561
f 236/564/496 237/630/561 221/565/497
f 221/565/497 237/630/561 222/631/562
f 221/565/497 222/631/562 206/566/498
f 206/566/498 222/631/562 207/632/563
f 206/566/498 207/632/563 191/567/499
f 191/567/499 207/632/563 192/633/564
f 191/567/499 192/633/564 176/568/500
f 176/568/500 192/633/564 177/634/565
f 176/568/500 177/634/565 161/569/501
f 161/569/501 177/634/565 162/635/566
f 161/569/501 162/635/566 146/570/502
f 146/570/502 162/635/566 147/636/567
f 146/570/502 147/636/567 131/571/503
f 131/571/503 147/636/567 132/637/568
f 131/571/503 132/637/568 116/572/504
f 116/572/504 132/637/568 117/638/569
f 116/572/504 117/638/569 86/573/505
f 86/573/505 117/638/569 87/639/570
f 86/573/505 87/639/570 107/574/506
f 107/574/506 87/639/570 106/640/571
f 107/574/506 106/640/571 1031/575/507
f 1031/575/507 106/640/571 1032/641/572
f 1031/575/507 1032/641/572 1016/576/508
f 1016/576/508 1032/641/572 1017/642/573
f 1016/576/508 1017/642/573 1001/577/509
f 1001/577/509 1017/642/573 1002/643/574
f 1001/577/509 1002/643/574 986/578/510
f 986/578/510 1002/643/574 987/644/575
f 986/578/510 987/644/575 971/579/511
f 971/579/511 987/644/575 972/645/576
f 971/579/511 972/645/576 956/580/512
f 956/580/512 972/645/576 957/646/577
f 956/580/512 957/646/577 941/581/513
f 941/581/513 957/646/577 942/647/578
f 941/581/513 942/647/578 926/582/514
f 926/582/514 942/647/578 927/648/579
f 926/582/514 927/648/579 911/583/515
f 911/583/515 927/648/579 912/649/580
f 911/583/515 912/649/580 896/584/516
f 896/584/516 912/649/580 897/650/581
f 896/584/516 897/650/581 881/585/517
f 881/585/517 897/650/581 882/651/582
f 881/585/517 882/651/582 866/586/518
f 866/586/518 882/651/582 867/652/583
f 866/586/518 867/652/583 851/587/519
f 851/587/519 867/652/583 852/653/584
f 851/587/519 852/653/584 836/588/520
f 836/588/520 852/653/584 837/654/585
f 836/588/520 837/654/585 821/589/521
f 821/589/521 837/654/585 822/655/586
f 821/589/521 822/655/586 71/590/457
f 71/590/457 822/655/586 72/656/522
f 72/591/522 73/657/587 807/592/523
f 807/592/523 73/657/587 808/658/588
f 807/592/523 808/658/588 792/593/524
f 792/593/524 808/658/588 793/659/589
f 792/593/524 793/659/589 777/594/525
f 777/594/525 793/659/589 778/660/590
f 777/594/525 778/660/590 762/595/526
f 762/595/526 778/660/590 763/661/591
f 762/595/526 763/661/591 747/596/527
f 747/596/527 763/661/591 748/662/592
f 747/596/527 748/662/592 732/597/528
f 732/597/528 748/662/592 733/663/593
f 732/597/528 733/663/593 717/598/529
f 717/598/529 733/663/593 718/664/594
f 717/598/529 718/664/594 702/599/530
f 702/599/530 718/664/594 703/665/595
f 702/599/530 703/665/595 687/600/531
f 687/600/531 703/665/595 688/666/596
f 687/600/531 688/666/596 672/601/532
f 672/601/532 688/666/596 673/667/597
f 672/601/532 673/667/597 657/602/533
f 657/602/533 673/667/597 658/668/598
f 657/602/533 658/668/598 642/603/534
f 642/603/534 658/668/598 643/669/599
f 642/603/534 643/669/599 627/604/535
f 627/604/535 643/669/599 628/670/600
f 627/604/535 628/670/600 612/605/536
f 612/605/536 628/670/600 613/671/601
f 612/605/536 613/671/601 597/606/537
f 597/606/537 613/671/601 598/672/602
f 597/606/537 598/672/602 582/607/538
f 582/607/538 598/672/602 583/673/603
f 582/607/538 583/673/603 567/608/539
f 567/608/539 583/673/603 568/674/604
f 567/608/539 568/674/604 552/609/540
f 552/609/540 568/674/604 553/675/605
f 552/609/540 553/675/605 537/610/541
f 537/610/541 553/675/605 538/676/606
f 537/610/541 538/676/606 522/611/542
f 522/611/542 538/676/606 523/677/607
f 522/611/542 523/677/607 507/612/543
f 507/612/543 523/677/607 508/678/608
f 507/612/543 508/678/608 492/613/544
f 492/613/544 508/678/608 493/679/609
f 492/613/544 493/679/609 477/614/545
f 477/614/545 493/679/609 478/680/610
f 477/614/545 478/680/610 462/615/546
f 462/615/546 478/680/610 463/681/611
f 462/615/546 463/681/611 447/616/547
f 447/616/547 463/681/611 448/682/612
f 447/616/547 448/682/612 432/617/548
f 432/617/548 448/682/612 433/683/613
f 432/617/548 433/683/613 417/618/549
f 417/618/549 433/683/613 418/684/614
f 417/618/549 418/684/614 402/619/550
f 402/619/550 418/684/614 403/685/615
f 402/619/550 403/685/615 387/620/551
f 387/620/551 403/685/615 388/686/616
f 387/620/551 388/686/616 372/621/552
f 372/621/552 388/686/616 373/687/617
f 372/621/552 373/687/617 357/622/553
f 357/622/553 373/687/617 358/688/618
f 357/622/553 358/688/618 342/623/554
f 342/623/554 358/688/618 343/689/619
f 342/623/554 343/689/619 327/624/555
f 327/624/555 343/689/619 328/690/620
f 327/624/555 328/690/620 312/625/556
f 312/625/556 328/690/620 313/691/621
f 312/625/556 313/691/621 297/626/557
f 297/626/557 313/691/621 298/692/622
f 297/626/557 298/692/622 282/627/558
f 282/627/558 298/692/622 283/693/623
f 282/627/558 283/693/623 267/628/559
f 267/628/559 283/693/623 268/694/624
f 267/628/559 268/694/624 252/629/560
f 252/629/560 268/694/624 253/695/625
f 252/629/560 253/695/625 237/630/561
f 237/630/561 253/695/625 238/696/626
f 237/630/561 238/696/626 222/631/562
f 222/631/562 238/696/626 223/697/627
f 222/631/562 223/697/627 207/632/563
f 207/632/563 223/697/627 208/698/628
f 207/632/563 208/698/628 192/633/564
f 192/633/564 208/698/628 193/699/629
f 192/633/564 193/699/629 177/634/565
f 177/634/565 193/699/629 178/700/630
f 177/634/565 178/700/630 162/635/566
f 162/635/566 178/700/630 163/701/631
f 162/635/566 163/701/631 147/636/567
f 147/636/567 163/701/631 148/702/632
f 147/636/567 148/702/632 132/637/568
f 132/637/568 148/702/632 133/703/633
f 132/637/568 133/703/633 117/638/569
f 117/638/569 133/703/633 118/704/634
f 117/638/569 118/704/634 87/639/570
f 87/639/570 118/704/634 88/705/635
f 87/639/570 88/705/635 106/640/571
f 106/640/571 88/705/635 105/706/636
f 106/640/571 105/706/636 1032/641/572
f 1032/641/572 105/706/636 1033/707/637
f 1032/641/572 1033/707/637 1017/642/573
f 1017/642/573 1033/707/637 1018/708/638
f 1017/642/573 1018/708/638 1002/643/574
f 1002/643/574 1018/708/638 1003/709/639
f 1002/643/574 1003/709/639 987/644/575
f 987/644/575 1003/709/639 988/710/640
f 987/644/575 988/710/640 972/645/576
f 972/645/576 988/710/640 973/711/641
f 972/645/576 973/711/641 957/646/577
f 957/646/577 973/711/641 958/712/642
f 957/646/577 958/712/642 942/647/578
f 942/647/578 958/712/642 943/713/643
f 942/647/578 943/713/643 927/648/579
f 927/648/579 943/713/643 928/714/644
f 927/648/579 928/714/644 912/649/580
f 912/649/580 928/714/644 913/715/645
f 912/649/580 913/715/645 897/650/581
f 897/650/581 913/715/645 898/716/646
f 897/650/581 898/716/646 882/651/582
f 882/651/582 898/716/646 883/717/647
f 882/651/582 883/717/647 867/652/583
f 867/652/583 883/717/647 868/718/648
f 867/652/583 868/718/648 852/653/584
f 852/653/584 868/718/648 853/719/649
f 852/653/584 853/719/649 837/654/585
f 837/654/585 853/719/649 838/720/650
f 837/654/585 838/720/650 822/655/586
f 822/655/586 838/720/650 823/721/651
f 822/655/586 823/721/651 72/656/522
f 72/656/522 823/721/651 73/722/587
f 73/657/587 74/723/652 808/658/588
f 808/658/588 74/723/652 809/724/653
f 808/658/588 809/724/653 793/659/589
f 793/659/589 809/724/653 794/725/654
f 793/659/589 794/725/654 778/660/590
f 778/660/590 794/725/654 779/726/655
f 778/660/590 779/726/655 763/661/591
f 763/661/591 779/726/655 764/727/656
f 763/661/591 764/727/656 748/662/592
f 748/662/592 764/727/656 749/728/657
f 748/662/592 749/728/657 733/663/593
f 733/663/593 749/728/657 734/729/658
f 733/663/593 734/729/658 718/664/594
f 718/664/594 734/729/658 719/730/659
f 718/664/594 719/730/659 703/665/595
f 703/665/595 719/730/659 704/731/660
f 703/665/595 704/731/660 688/666/596
f 688/666/596 704/731/660 689/732/661
f 688/666/596 689/732/661 673/667/597
f 673/667/597 689/732/661 674/733/662
f 673/667/597 674/733/662 658/668/598
f 658/668/598 674/733/662 659/734/663
f 658/668/598 659/734/663 643/669/599
f 643/669/599 659/734/663 644/735/664
f 643/669/599 644/735/664 628/670/600
f 628/670/600 644/735/664 629/736/665
f 628/670/600 629/736/665 613/671/601
f 613/671/601 629/736/665 614/737/666
f 613/671/601 614/737/666 598/672/602
f 598/672/602 614/737/666 599/738/667
f 598/672/602 599/738/667 583/673/603
f 583/673/603 599/738/667 584/739/668
f 583/673/603 584/739/668 568/674/604
f 568/674/604 584/739/668 569/740/669
f 568/674/604 569/740/669 553/675/605
f 553/675/605 569/740/669 554/741/670
f 553/675/605 554/741/670 538/676/606
f 538/676/606 554/741/670 539/742/671
f 538/676/606 539/742/671 523/677/607
f 523/677/607 539/742/671 524/743/672
f 523/677/607 524/743/672 508/678/608
f 508/678/608 524/743/672 509/744/673
f 508/678/608 509/744/673 493/679/609
f 493/679/609 509/744/673 494/745/674
f 493/679/609 494/745/674 478/680/610
f 478/680/610 494/745/674 479/746/675
f 478/680/610 479/746/675 463/681/611
f 463/681/611 479/746/675 464/747/676
f 463/681/611 464/747/676 448/682/612
f 448/682/612 464/747/676 449/748/677
f 448/682/612 449/748/677 433/683/613
f 433/683/613 449/748/677 434/749/678
f 433/683/613 434/749/678 418/684/614
f 418/684/614 434/749/678 419/750/679
f 418/684/614 419/750/679 403/685/615
f 403/685/615 419/750/679 404/751/680
f 403/685/615 404/751/680 388/686/616
f 388/686/616 404/751/680 389/752/681
f 388/686/616 389/752/681 373/687/617
f 373/687/617 389/752/681 374/753/682
f 373/687/617 374/753/682 358/688/618
f 358/688/618 374/753/682 359/754/683
f 358/688/618 359/754/683 343/689/619
f 343/689/619 359/754/683 344/755/684
f 343/689/619 344/755/684 328/690/620
f 328/690/620 344/755/684 329/756/685
f 328/690/620 329/756/685 313/691/621
f 313/691/621 329/756/685 314/757/686
f 313/691/621 314/757/686 298/692/622
f 298/692/622 314/757/686 299/758/687
f 298/692/622 299/758/687 283/693/623
f 283/693/623 299/758/687 284/759/688
f 283/693/623 284/759/688 268/694/624
f 268/694/624 284/759/688 269/760/689
f 268/694/624 269/760/689 253/695/625
f 253/695/625 269/760/689 254/761/690
f 253/695/625 254/761/690 238/696/626
f 238/696/626 254/761/690 239/762/691
f 238/696/626 239/762/691 223/697/627
f 223/697/627 239/762/691 224/763/692
f 223/697/627 224/763/692 208/698/628
f 208/698/628 224/763/692 209/764/693
f 208/698/628 209/764/693 193/699/629
f 193/699/629 209/764/693 194/765/694
f 193/699/629 194/765/694 178/700/630
f 178/700/630 194/765/694 179/766/695
f 178/700/630 179/766/695 163/701/631
f 163/701/631 179/766/695 164/767/696
f 163/701/631 164/767/696 148/702/632
f 148/702/632 164/767/696 149/768/697
f 148/702/632 149/768/697 133/703/633
f 133/703/633 149/768/697 134/769/698
f 133/703/633 134/769/698 118/704/634
f 118/704/634 134/769/698 119/770/699
f 118/704/634 119/770/699 88/705/635
f 88/705/635 119/770/699 89/771/700
f 88/705/635 89/771/700 105/706/636
f 105/706/636 89/771/700 104/772/701
f 105/706/636 104/772/701 1033/707/637
f 1033/707/637 104/772/701 1034/773/702
f 1033/707/637 1034/773/702 1018/708/638
f 1018/708/638 1034/773/702 1019/774/703
f 1018/708/638 1019/774/703 1003/709/639
f 1003/709/639 1019/774/703 1004/775/704
f 1003/709/639 1004/775/704 988/710/640
f 988/710/640 1004/775/704 989/776/705
f 988/710/640 989/776/705 973/711/641
f 973/711/641 989/776/705 974/777/706
f 973/711/641 974/777/706 958/712/642
f 958/712/642 974/777/706 959/778/707
f 958/712/642 959/778/707 943/713/643
f 943/713/643 959/778/707 944/779/708
f 943/713/643 944/779/708 928/714/644
f 928/714/644 944/779/708 929/780/709
f 928/714/644 929/780/709 913/715/645
f 913/715/645 929/780/709 914/781/710
f 913/715/645 914/781/710 898/716/646
f 898/716/646 914/781/710 899/782/711
f 898/716/646 899/782/711 883/717/647
f 883/717/647 899/782/711 884/783/712
f 883/717/647 884/783/712 868/718/648
f 868/718/648 884/783/712 869/784/713
f 868/718/648 869/784/713 853/719/649
f 853/719/649 869/784/713 854/785/714
f 853/719/649 854/785/714 838/720/650
f 838/720/650 854/785/714 839/786/715
f 838/720/650 839/786/715 823/721/651
f 823/721/651 839/786/715 824/787/716
f 823/721/651 824/787/716 73/722/587
f 73/722/587 824/787/716 74/788/652
f 74/723/652 75/789/717 809/724/653
f 809/724/653 75/789/717 810/790/718
f 809/724/653 810/790/718 794/725/654
f 794/725/654 810/790/718 795/791/719
f 794/725/654 795/791/719 779/726/655
f 779/726/655 795/791/719 780/792/720
f 779/726/655 780/792/720 764/727/656
f 764/727/656 780/792/720 765/793/721
f 764/727/656 765/793/721 749/728/657
f 749/728/657 765/793/721 750/794/722
f 749/728/657 750/794/722 734/729/658
f 734/729/658 750/794/722 735/795/723
f 734/729/658 735/795/723 719/730/659
f 719/730/659 735/795/723 720/796/724
f 719/730/659 720/796/724 704/731/660
f 704/731/660 720/796/724 705/797/725
f 704/731/660 705/797/725 689/732/661
f 689/732/661 705/797/725 690/798/726
f 689/732/661 690/798/726 674/733/662
f 674/733/662 690/798/726 675/799/727
f 674/733/662 675/799/727 659/734/663
f 659/734/663 675/799/727 660/800/728
f 659/734/663 660/800/728 644/735/664
f 644/735/664 660/800/728 645/801/729
f 644/735/664 645/801/729 629/736/665
f 629/736/665 645/801/729 630/802/730
f 629/736/665 630/802/730 614/737/666
f 614/737/666 630/802/730 615/803/731
f 614/737/666 615/803/731 599/738/667
f 599/738/667 615/803/731 600/804/732
f 599/738/667 600/804/732 584/739/668
f 584/739/668 600/804/732 585/805/733
f 584/739/668 585/805/733 569/740/669
f 569/740/669 585/805/733 570/806/734
f 569/740/669 570/806/734 554/741/670
f 554/741/670 570/806/734 555/807/735
f 554/741/670 555/807/735 539/742/671
f 539/742/671 555/807/735 540/808/736
f 539/742/671 540/808/736 524/743/672
f 524/743/672 540/808/736 525/809/737
f 524/743/672 525/809/737 509/744/673
f 509/744/673 525/809/737 510/810/738
f 509/744/673 510/810/738 494/745/674
f 494/745/674 510/810/738 495/811/739
f 494/745/674 495/811/739 479/746/675
f 479/746/675 495/811/739 480/812/740
f 479/746/675 480/812/740 464/747/676
f 464/747/676 480/812/740 465/813/741
f 464/747/676 465/813/741 449/748/677
f 449/748/677 465/813/741 450/814/742
f 449/748/677 450/814/742 434/749/678
f 434/749/678 450/814/742 435/815/743
f 434/749/678 435/815/743 419/750/679
f 419/750/679 435/815/743 420/816/744
f 419/750/679 420/816/744 404/751/680
f 404/751/680 420/816/744 405/817/745
f 404/751/680 405/817/745 389/752/681
f 389/752/681 405/817/745 390/818/746
f 389/752/681 390/818/746 374/753/682
f 374/753/682 390/818/746 375/819/747
f 374/753/682 375/819/747 359/754/683
f 359/754/683 375/819/747 360/820/748
f 359/754/683 360/820/748 344/755/684
f 344/755/684 360/820/748 345/821/749
f 344/755/684 345/821/749 329/756/685
f 329/756/685 345/821/749 330/822/750
f 329/756/685 330/822/750 314/757/686
f 314/757/686 330/822/750 315/823/751
f 314/757/686 315/823/751 299/758/687
f 299/758/687 315/823/751 300/824/752
f 299/758/687 300/824/752 284/759/688
f 284/759/688 300/824/752 285/825/753
f 284/759/688 285/825/753 269/760/689
f 269/760/689 285/825/753 270/826/754
f 269/760/689 270/826/754 254/761/690
f 254/761/690 270/826/754 255/827/755
f 254/761/690 255/827/755 239/762/691
f 239/762/691 255/827/755 240/828/756
f 239/762/691 240/828/756 224/763/692
f 224/763/692 240/828/756 225/829/757
f 224/763/692 225/829/757 209/764/693
f 209/764/693 225/829/757 210/830/758
f 209/764/693 210/830/758 194/765/694
f 194/765/694 210/830/758 195/831/759
f 194/765/694 195/831/759 179/766/695
f 179/766/695 195/831/759 180/832/760
f 179/766/695 180/832/760 164/767/696
f 164/767/696 180/832/760 165/833/761
f 164/767/696 165/833/761 149/768/697
f 149/768/697 165/833/761 150/834/762
f 149/768/697 150/834/762 134/769/698
f 134/769/698 150/834/762 135/835/763
f 134/769/698 135/835/763 119/770/699
f 119/770/699 135/835/763 120/836/764
f 119/770/699 120/836/764 89/771/700
f 89/771/700 120/836/764 90/837/765
f 89/771/700 90/837/765 104/772/701
f 104/772/701 90/837/765 103/838/766
f 104/772/701 103/838/766 1034/773/702
f 1034/773/702 103/838/766 1035/839/767
f 1034/773/702 1035/839/767 1019/774/703
f 1019/774/703 1035/839/767 1020/840/768
f 1019/774/703 1020/840/768 1004/775/704
f 1004/775/704 1020/840/768 1005/841/769
f 1004/775/704 1005/841/769 989/776/705
f 989/776/705 1005/841/769 990/842/770
f 989/776/705 990/842/770 974/777/706
f 974/777/706 990/842/770 975/843/771
f 974/777/706 975/843/771 959/778/707
f 959/778/707 975/843/771 960/844/772
f 959/778/707 960/844/772 944/779/708
f 944/779/708 960/844/772 945/845/773
f 944/779/708 945/845/773 929/780/709
f 929/780/709 945/845/773 930/846/774
f 929/780/709 930/846/774 914/781/710
f 914/781/710 930/846/774 915/847/775
f 914/781/710 915/847/775 899/782/711
f 899/782/711 915/847/775 900/848/776
f 899/782/711 900/848/776 884/783/712
f 884/783/712 900/848/776 885/849/777
f 884/783/712 885/849/777 869/784/713
f 869/784/713 885/849/777 870/850/778
f 869/784/713 870/850/778 854/785/714
f 854/785/714 870/850/778 855/851/779
f 854/785/714 855/851/779 839/786/715
f 839/786/715 855/851/779 840/852/780
f 839/786/715 840/852/780 824/787/716
f 824/787/716 840/852/780 825/853/781
f 824/787/716 825/853/781 74/788/652
f 74/788/652 825/853/781 75/854/717
f 75/789/717 76/855/782 810/790/718
f 810/790/718 76/855/782 811/856/783
f 810/790/718 811/856/783 795/791/719
f 795/791/719 811/856/783 796/857/784
f 795/791/719 796/857/784 780/792/720
f 780/792/720 796/857/784 781/858/785
f 780/792/720 781/858/785 765/793/721
f 765/793/721 781/858/785 766/859/786
f 765/793/721 766/859/786 750/794/722
f 750/794/722 766/859/786 751/860/787
f 750/794/722 751/860/787 735/795/723
f 735/795/723 751/860/787 736/861/788
f 735/795/723 736/861/788 720/796/724
f 720/796/724 736/861/788 721/862/789
f 720/796/724 721/862/789 705/797/725
f 705/797/725 721/862/789 706/863/790
f 705/797/725 706/863/790 690/798/726
f 690/798/726 706/863/790 691/864/791
f 690/798/726 691/864/791 675/799/727
f 675/799/727 691/864/791 676/865/792
f 675/799/727 676/865/792 660/800/728
f 660/800/728 676/865/792 661/866/793
f 660/800/728 661/866/793 645/801/729
f 645/801/729 661/866/793 646/867/794
f 645/801/729 646/867/794 630/802/730
f 630/802/730 646/867/794 631/868/795
f 630/802/730 631/868/795 615/803/731
f 615/803/731 631/868/795 616/869/796
f 615/803/731 616/869/796 600/804/732
f 600/804/732 616/869/796 601/870/797
f 600/804/732 601/870/797 585/805/733
f 585/805/733 601/870/797 586/871/798
f 585/805/733 586/871/798 570/806/734
f 570/806/734 586/871/798 571/872/799
f 570/806/734 571/872/799 555/807/735
f 555/807/735 571/872/799 556/873/800
f 555/807/735 556/873/800 540/808/736
f 540/808/736 556/873/800 541/874/801
f 540/808/736 541/874/801 525/809/737
f 525/809/737 541/874/801 526/875/802
f 525/809/737 526/875/802 510/810/738
f 510/810/738 526/875/802 511/876/803
f 510/810/738 511/876/803 495/811/739
f 495/811/739 511/876/803 496/877/804
f 495/811/739 496/877/804 480/812/740
f 480/812/740 496/877/804 481/878/805
f 480/812/740 481/878/805 465/813/741
f 465/813/741 481/878/805 466/879/806
f 465/813/741 466/879/806 450/814/742
f 450/814/742 466/879/806 451/880/807
f 450/814/742 451/880/807 435/815/743
f 435/815/743 451/880/807 436/881/808
f 435/815/743 436/881/808 420/816/744
f 420/816/744 436/881/808 421/882/809
f 420/816/744 421/882/809 405/817/745
f 405/817/745 421/882/809 406/883/810
f 405/817/745 406/883/810 390/818/746
f 390/818/746 406/883/810 391/884/811
f 390/818/746 391/884/811 375/819/747
f 375/819/747 391/884/811 376/885/812
f 375/819/747 376/885/812 360/820/748
f 360/820/748 376/885/812 361/886/813
f 360/820/748 361/886/813 345/821/749
f 345/821/749 361/886/813 346/887/814
f 345/821/749 346/887/814 330/822/750
f 330/822/750 346/887/814 331/888/815
f 330/822/750 331/888/815 315/823/751
f 315/823/751 331/888/815 316/889/816
f 315/823/751 316/889/816 300/824/752
f 300/824/752 316/889/816 301/890/817
f 300/824/752 301/890/817 285/825/753
f 285/825/753 301/890/817 286/891/818
f 285/825/753 286/891/818 270/826/754
f 270/826/754 286/891/818 271/892/819
f 270/826/754 271/892/819 255/827/755
f 255/827/755 271/892/819 256/893/820
f 255/827/755 256/893/820 240/828/756
f 240/828/756 256/893/820 241/894/821
f 240/828/756 241/894/821 225/829/757
f 225/829/757 241/894/821 226/895/822
f 225/829/757 226/895/822 210/830/758
f 210/830/758 226/895/822 211/896/823
f 210/830/758 211/896/823 195/831/759
f 195/831/759 211/896/823 196/897/824
f 195/831/759 196/897/824 180/832/760
f 180/832/760 196/897/824 181/898/825
f 180/832/760 181/898/825 165/833/761
f 165/833/761 181/898/825 166/899/826
f 165/833/761 166/899/826 150/834/762
f 150/834/762 166/899/826 151/900/827
f 150/834/762 151/900/827 135/835/763
f 135/835/763 151/900/827 136/901/828
f 135/835/763 136/901/828 120/836/764
f 120/836/764 136/901/828 121/902/829
f 120/836/764 121/902/829 90/837/765
f 90/837/765 121/902/829 91/903/830
f 90/837/765 91/903/830 103/838/766
f 103/838/766 91/903/830 102/904/831
f 103/838/766 102/904/831 1035/839/767
f 1035/839/767 102/904/831 1036/905/832
f 1035/839/767 1036/905/832 1020/840/768
f 1020/840/768 1036/905/832 1021/906/833
f 1020/840/768 1021/906/833 1005/841/769
f 1005/841/769 1021/906/833 1006/907/834
f 1005/841/769 1006/907/834 990/842/770
f 990/842/770 1006/907/834 991/908/835
f 990/842/770 991/908/835 975/843/771
f 975/843/771 991/908/835 976/909/836
f 975/843/771 976/909/836 960/844/772
f 960/844/772 976/909/836 961/910/837
f 960/844/772 961/910/837 945/845/773
f 945/845/773 961/910/837 946/911/838
f 945/845/773 946/911/838 930/846/774
f 930/846/774 946/911/838 931/912/839
f 930/846/774 931/912/839 915/847/775
f 915/847/775 931/912/839 916/913/840
f 915/847/775 916/913/840 900/848/776
f 900/848/776 916/913/840 901/914/841
f 900/848/776 901/914/841 885/849/777
f 885/849/777 901/914/841 886/915/842
f 885/849/777 886/915/842 870/850/778
f 870/850/778 886/915/842 871/916/843
f 870/850/778 871/916/843 855/851/779
f 855/851/779 871/916/843 856/917/844
f 855/851/779 856/917/844 840/852/780
f 840/852/780 856/917/844 841/918/845
f 840/852/780 841/918/845 825/853/781
f 825/853/781 841/918/845 826/919/846
f 825/853/781 826/919/846 75/854/717
f 75/854/717 826/919/846 76/920/782
f 76/855/782 77/921/847 811/856/783
f 811/856/783 77/921/847 812/922/848
f 811/856/783 812/922/848 796/857/784
f 796/857/784 812/922/848 797/923/849
f 796/857/784 797/923/849 781/858/785
f 781/858/785 797/923/849 782/924/850
f 781/858/785 782/924/850 766/859/786
f 766/859/786 782/924/850 767/925/851
f 766/859/786 767/925/851 751/860/787
f 751/860/787 767/925/851 752/926/852
f 751/860/787 752/926/852 736/861/788
f 736/861/788 752/926/852 737/927/853
f 736/861/788 737/927/853 721/862/789
f 721/862/789 737/927/853 722/928/854
f 721/862/789 722/928/854 706/863/790
f 706/863/790 722/928/854 707/929/855
f 706/863/790 707/929/855 691/864/791
f 691/864/791 707/929/855 692/930/856
f 691/864/791 692/930/856 676/865/792
f 676/865/792 692/930/856 677/931/857
f 676/865/792 677/931/857 661/866/793
f 661/866/793 677/931/857 662/932/858
f 661/866/793 662/932/858 646/867/794
f 646/867/794 662/932/858 647/933/859
f 646/867/794 647/933/859 631/868/795
f 631/868/795 647/933/859 632/934/860
f 631/868/795 632/934/860 616/869/796
f 616/869/796 632/934/860 617/935/861
f 616/869/796 617/935/861 601/870/797
f 601/870/797 617/935/861 602/936/862
f 601/870/797 602/936/862 586/871/798
f 586/871/798 602/936/862 587/937/863
f 586/871/798 587/937/863 571/872/799
f 571/872/799 587/937/863 572/938/864
f 571/872/799 572/938/864 556/873/800
f 556/873/800 572/938/864 557/939/865
f 556/873/800 557/939/865 541/874/801
f 541/874/801 557/939/865 542/940/866
f 541/874/801 542/940/866 526/875/802
f 526/875/802 542/940/866 527/941/867
f 526/875/802 527/941/867 511/876/803
f 511/876/803 527/941/867 512/942/868
f 511/876/803 512/942/868 496/877/804
f 496/877/804 512/942/868 497/943/869
f 496/877/804 497/943/869 481/878/805
f 481/878/805 497/943/869 482/944/870
f 481/878/805 482/944/870 466/879/806
f 466/879/806 482/944/870 467/945/871
f 466/879/806 467/945/871 451/880/807
f 451/880/807 467/945/871 452/946/872
f 451/880/807 452/946/872 436/881/808
f 436/881/808 452/946/872 437/947/873
f 436/881/808 437/947/873 421/882/809
f 421/882/809 437/947/873 422/948/874
f 421/882/809 422/948/874 406/883/810
f 406/883/810 422/948/874 407/949/875
f 406/883/810 407/949/875 391/884/811
f 391/884/811 407/949/875 392/950/876
f 391/884/811 392/950/876 376/885/812
f 376/885/812 392/950/876 377/951/877
f 376/885/812 377/951/877 361/886/813
f 361/886/813 377/951/877 362/952/878
f 361/886/813 362/952/878 346/887/814
f 346/887/814 362/952/878 347/953/879
f 346/887/814 347/953/879 331/888/815
f 331/888/815 347/953/879 332/954/880
f 331/888/815 332/954/880 316/889/816
f 316/889/816 332/954/880 317/955/881
f 316/889/816 317/955/881 301/890/817
f 301/890/817 317/955/881 302/956/882
f 301/890/817 302/956/882 286/891/818
f 286/891/818 302/956/882 287/957/883
f 286/891/818 287/957/883 271/892/819
f 271/892/819 287/957/883 272/958/884
f 271/892/819 272/958/884 256/893/820
f 256/893/820 272/958/884 257/959/885
f 256/893/820 257/959/885 241/894/821
f 241/894/821 257/959/885 242/960/886
f 241/894/821 242/960/886 226/895/822
f 226/895/822 242/960/886 227/961/887
f 226/895/822 227/961/887 211/896/823
f 211/896/823 227/961/887 212/962/888
f 211/896/823 212/962/888 196/897/824
f 196/897/824 212/962/888 197/963/889
f 196/897/824 197/963/889 181/898/825
f 181/898/825 197/963/889 182/964/890
f 181/898/825 182/964/890 166/899/826
f 166/899/826 182/964/890 167/965/891
f 166/899/826 167/965/891 151/900/827
f 151/900/827 167/965/891 152/966/892
f 151/900/827 152/966/892 136/901/828
f 136/901/828 152/966/892 137/967/893
f 136/901/828 137/967/893 121/902/829
f 121/902/829 137/967/893 122/968/894
f 121/902/829 122/968/894 91/903/830
f 91/903/830 122/968/894 92/969/895
f 91/903/830 92/969/895 102/904/831
f 102/904/831 92/969/895 101/970/896
f 102/904/831 101/970/896 1036/905/832
f 1036/905/832 101/970/896 1037/971/897
f 1036/905/832 1037/971/897 1021/906/833
f 1021/906/833 1037/971/897 1022/972/898
f 1021/906/833 1022/972/898 1006/907/834
f 1006/907/834 1022/972/898 1007/973/899
f 1006/907/834 1007/973/899 991/908/835
f 991/908/835 1007/973/899 992/974/900
f 991/908/835 992/974/900 976/909/836
f 976/909/836 992/974/900 977/975/901
f 976/909/836 977/975/901 961/910/837
f 961/910/837 977/975/901 962/976/902
f 961/910/837 962/976/902 946/911/838
f 946/911/838 962/976/902 947/977/903
f 946/911/838 947/977/903 931/912/839
f 931/912/839 947/977/903 932/978/904
f 931/912/839 932/978/904 916/913/840
f 916/913/840 932/978/904 917/979/905
f 916/913/840 917/979/905 901/914/841
f 901/914/841 917/979/905 902/980/906
f 901/914/841 902/980/906 886/915/842
f 886/915/842 902/980/906 887/981/907
f 886/915/842 887/981/907 871/916/843
f 871/916/843 887/981/907 872/982/908
f 871/916/843 872/982/908 856/917/844
f 856/917/844 872/982/908 857/983/909
f 856/917/844 857/983/909 841/918/845
f 841/918/845 857/983/909 842/984/910
f 841/918/845 842/984/910 826/919/846
f 826/919/846 842/984/910 827/985/911
f 826/919/846 827/985/911 76/920/782
f 76/920/782 827/985/911 77/986/847
f 77/921/847 78/987/912 812/922/848
f 812/922/848 78/987/912 813/988/913
f 812/922/848 813/988/913 797/923/849
f 797/923/849 813/988/913 798/989/914
f 797/923/849 798/989/914 782/924/850
f 782/924/850 798/989/914 783/990/915
f 782/924/850 783/990/915 767/925/851
f 767/925/851 783/990/915 768/991/916
f 767/925/851 768/991/916 752/926/852
f 752/926/852 768/991/916 753/992/917
f 752/926/852 753/992/917 737/927/853
f 737/927/853 753/992/917 738/993/918
f 737/927/853 738/993/918 722/928/854
f 722/928/854 738/993/918 723/994/919
f 722/928/854 723/994/919 707/929/855
f 707/929/855 723/994/919 708/995/920
f 707/929/855 708/995/920 692/930/856
f 692/930/856 708/995/920 693/996/921
f 692/930/856 693/996/921 677/931/857
f 677/931/857 693/996/921 678/997/922
f 677/931/857 678/997/922 662/932/858
f 662/932/858 678/997/922 663/998/923
f 662/932/858 663/998/923 647/933/859
f 647/933/859 663/998/923 648/999/924
f 647/933/859 648/999/924 632/934/860
f 632/934/860 648/999/924 633/1000/925
f 632/934/860 633/1000/925 617/935/861
f 617/935/861 633/1000/925 618/1001/926
f 617/935/861 618/1001/926 602/936/862
f 602/936/862 618/1001/926 603/1002/927
f 602/936/862 603/1002/927 587/937/863
f 587/937/863 603/1002/927 588/1003/928
f 587/937/863 588/1003/928 572/938/864
f 572/938/864 588/1003/928 573/1004/929
f 572/938/864 573/1004/929 557/939/865
f 557/939/865 573/1004/929 558/1005/930
f 557/939/865 558/1005/930 542/940/866
f 542/940/866 558/1005/930 543/1006/931
f 542/940/866 543/1006/931 527/941/867
f 527/941/867 543/1006/931 528/1007/932
f 527/941/867 528/1007/932 512/942/868
f 512/942/868 528/1007/932 513/1008/933
f 512/942/868 513/1008/933 497/943/869
f 497/943/869 513/1008/933 498/1009/934
f 497/943/869 498/1009/934 482/944/870
f 482/944/870 498/1009/934 483/1010/935
f 482/944/870 483/1010/935 467/945/871
f 467/945/871 483/1010/935 468/1011/936
f 467/945/871 468/1011/936 452/946/872
f 452/946/872 468/1011/936 453/1012/937
f 452/946/872 453/1012/937 437/947/873
f 437/947/873 453/1012/937 438/1013/938
f 437/947/873 438/1013/938 422/948/874
f 422/948/874 438/1013/938 423/1014/939
f 422/948/874 423/1014/939 407/949/875
f 407/949/875 423/1014/939 408/1015/940
f 407/949/875 408/1015/940 392/950/876
f 392/950/876 408/1015/940 393/1016/941
f 392/950/876 393/1016/941 377/951/877
f 377/951/877 393/1016/941 378/1017/942
f 377/951/877 378/1017/942 362/952/878
f 362/952/878 378/1017/942 363/1018/943
f 362/952/878 363/1018/943 347/953/879
f 347/953/879 363/1018/943 348/1019/944
f 347/953/879 348/1019/944 332/954/880
f 332/954/880 348/1019/944 333/1020/945
f 332/954/880 333/1020/945 317/955/881
f 317/955/881 333/1020/945 318/1021/946
f 317/955/881 318/1021/946 302/956/882
f 302/956/882 318/1021/946 303/1022/947
f 302/956/882 303/1022/947 287/957/883
f 287/957/883 303/1022/947 288/1023/948
f 287/957/883 288/1023/948 272/958/884
f 272/958/884 288/1023/948 273/1024/949
f 272/958/884 273/1024/949 257/959/885
f 257/959/885 273/1024/949 258/1025/950
f 257/959/885 258/1025/950 242/960/886
f 242/960/886 258/1025/950 243/1026/951
f 242/960/886 243/1026/951 227/961/887
f 227/961/887 243/1026/951 228/1027/952
f 227/961/887 228/1027/952 212/962/888
f 212/962/888 228/1027/952 213/1028/953
f 212/962/888 213/1028/953 197/963/889
f 197/963/889 213/1028/953 198/1029/954
f 197/963/889 198/1029/954 182/964/890
f 182/964/890 198/1029/954 183/1030/955
f 182/964/890 183/1030/955 167/965/891
f 167/965/891 183/1030/955 168/1031/956
f 167/965/891 168/1031/956 152/966/892
f 152/966/892 168/1031/956 153/1032/957
f 152/966/892 153/1032/957 137/967/893
f 137/967/893 153/1032/957 138/1033/958
f 137/967/893 138/1033/958 122/968/894
f 122/968/894 138/1033/958 123/1034/959
f 122/968/894 123/1034/959 92/969/895
f 92/969/895 123/1034/959 93/1035/960
f 92/969/895 93/1035/960 101/970/896
f 101/970/896 93/1035/960 100/1036/961
f 101/970/896 100/1036/961 1037/971/897
f 1037/971/897 100/1036/961 1038/1037/962
f 1037/971/897 1038/1037/962 1022/972/898
f 1022/972/898 1038/1037/962 1023/1038/963
f 1022/972/898 1023/1038/963 1007/973/899
f 1007/973/899 1023/1038/963 1008/1039/964
f 1007/973/899 1008/1039/964 992/974/900
f 992/974/900 1008/1039/964 993/1040/965
f 992/974/900 993/1040/965 977/975/901
f 977/975/901 993/1040/965 978/1041/966
f 977/975/901 978/1041/966 962/976/902
f 962/976/902 978/1041/966 963/1042/967
f 962/976/902 963/1042/967 947/977/903
f 947/977/903 963/1042/967 948/1043/968
f 947/977/903 948/1043/968 932/978/904
f 932/978/904 948/1043/968 933/1044/969
f 932/978/904 933/1044/969 917/979/905
f 917/979/905 933/1044/969 918/1045/970
f 917/979/905 918/1045/970 902/980/906
f 902/980/906 918/1045/970 903/1046/971
f 902/980/906 903/1046/971 887/981/907
f 887/981/907 903/1046/971 888/1047/972
f 887/981/907 888/1047/972 872/982/908
f 872/982/908 888/1047/972 873/1048/973
f 872/982/908 873/1048/973 857/983/909
f 857/983/909 873/1048/973 858/1049/974
f 857/983/909 858/1049/974 842/984/910
f 842/984/910 858/1049/974 843/1050/975
f 842/984/910 843/1050/975 827/985/911
f 827/985/911 843/1050/975 828/1051/976
f 827/985/911 828/1051/976 77/986/847
f 77/986/847 828/1051/976 78/1052/912
f 78/987/912 79/1053/977 813/988/913
f 813/988/913 79/1053/977 814/1054/978
f 813/988/913 814/1054/978 798/989/914
f 798/989/914 814/1054/978 799/1055/979
f 798/989/914 799/1055/979 783/990/915
f 783/990/915 799/1055/979 784/1056/980
f 783/990/915 784/1056/980 768/991/916
f 768/991/916 784/1056/980 769/1057/981
f 768/991/916 769/1057/981 753/992/917
f 753/992/917 769/1057/981 754/1058/982
f 753/992/917 754/1058/982 738/993/918
f 738/993/918 754/1058/982 739/1059/983
f 738/993/918 739/1059/983 723/994/919
f 723/994/919 739/1059/983 724/1060/984
f 723/994/919 724/1060/984 708/995/920
f 708/995/920 724/1060/984 709/1061/985
f 708/995/920 709/1061/985 693/996/921
f 693/996/921 709/1061/985 694/1062/986
f 693/996/921 694/1062/986 678/997/922
f 678/997/922 694/1062/986 679/1063/987
f 678/997/922 679/1063/987 663/998/923
f 663/998/923 679/1063/987 664/1064/988
f 663/998/923 664/1064/988 648/999/924
f 648/999/924 664/1064/988 649/1065/989
f 648/999/924 649/1065/989 633/1000/925
f 633/1000/925 649/1065/989 634/1066/990
f 633/1000/925 634/1066/990 618/1001/926
f 618/1001/926 634/1066/990 619/1067/991
f 618/1001/926 619/1067/991 603/1002/927
f 603/1002/927 619/1067/991 604/1068/992
f 603/1002/927 604/1068/992 588/1003/928
f 588/1003/928 604/1068/992 589/1069/993
f 588/1003/928 589/1069/993 573/1004/929
f 573/1004/929 589/1069/993 574/1070/994
f 573/1004/929 574/1070/994 558/1005/930
f 558/1005/930 574/1070/994 559/1071/995
f 558/1005/930 559/1071/995 543/1006/931
f 543/1006/931 559/1071/995 544/1072/996
f 543/1006/931 544/1072/996 528/1007/932
f 528/1007/932 544/1072/996 529/1073/997
f 528/1007/932 529/1073/997 513/1008/933
f 513/1008/933 529/1073/997 514/1074/998
f 513/1008/933 514/1074/998 498/1009/934
f 498/1009/934 514/1074/998 499/1075/999
f 498/1009/934 499/1075/999 483/1010/935
f 483/1010/935 499/1075/999 484/1076/1000
f 483/1010/935 484/1076/1000 468/1011/936
f 468/1011/936 484/1076/1000 469/1077/1001
f 468/1011/936 469/1077/1001 453/1012/937
f 453/1012/937 469/1077/1001 454/1078/1002
f 453/1012/937 454/1078/1002 438/1013/938
f 438/1013/938 454/1078/1002 439/1079/1003
f 438/1013/938 439/1079/1003 423/1014/939
f 423/1014/939 439/1079/1003 424/1080/1004
f 423/1014/939 424/1080/1004 408/1015/940
f 408/1015/940 424/1080/1004 409/1081/1005
f 408/1015/940 409/1081/1005 393/1016/941
f 393/1016/941 409/1081/1005 394/1082/1006
f 393/1016/941 394/1082/1006 378/1017/942
f 378/1017/942 394/1082/1006 379/1083/1007
f 378/1017/942 379/1083/1007 363/1018/943
f 363/1018/943 379/1083/1007 364/1084/1008
f 363/1018/943 364/1084/1008 348/1019/944
f 348/1019/944 364/1084/1008 349/1085/1009
f 348/1019/944 349/1085/1009 333/1020/945
f 333/1020/945 349/1085/1009 334/1086/1010
f 333/1020/945 334/1086/1010 318/1021/946
f 318/1021/946 334/1086/1010 319/1087/1011
f 318/1021/946 319/1087/1011 303/1022/947
f 303/1022/947 319/1087/1011 304/1088/1012
f 303/1022/947 304/1088/1012 288/1023/948
f 288/1023/948 304/1088/1012 289/1089/1013
f 288/1023/948 289/1089/1013 273/1024/949
f 273/1024/949 289/1089/1013 274/1090/1014
f 273/1024/949 274/1090/1014 258/1025/950
f 258/1025/950 274/1090/1014 259/1091/1015
f 258/1025/950 259/1091/1015 243/1026/951
f 243/1026/951 259/1091/1015 244/1092/1016
f 243/1026/951 244/1092/1016 228/1027/952
f 228/1027/952 244/1092/1016 229/1093/1017
f 228/1027/952 229/1093/1017 213/1028/953
f 213/1028/953 229/1093/1017 214/1094/1018
f 213/1028/953 214/1094/1018 198/1029/954
f 198/1029/954 214/1094/1018 199/1095/1019
f 198/1029/954 199/1095/1019 183/1030/955
f 183/1030/955 199/1095/1019 184/1096/1020
f 183/1030/955 184/1096/1020 168/1031/956
f 168/1031/956 184/1096/1020 169/1097/1021
f 168/1031/956 169/1097/1021 153/1032/957
f 153/1032/957 169/1097/1021 154/1098/1022
f 153/1032/957 154/1098/1022 138/1033/958
f 138/1033/958 154/1098/1022 139/1099/1023
f 138/1033/958 139/1099/1023 123/1034/959
f 123/1034/959 139/1099/1023 124/1100/1024
f 123/1034/959 124/1100/1024 93/1035/960
f 93/1035/960 124/1100/1024 94/1101/1025
f 93/1035/960 94/1101/1025 100/1036/961
f 100/1036/961 94/1101/1025 99/1102/1026
f 100/1036/961 99/1102/1026 1038/1037/962
f 1038/1037/962 99/1102/1026 1039/1103/1027
f 1038/1037/962 1039/1103/1027 1023/1038/963
f 1023/1038/963 1039/1103/1027 1024/1104/1028
f 1023/1038/963 1024/1104/1028 1008/1039/964
f 1008/1039/964 1024/1104/1028 1009/1105/1029
f 1008/1039/964 1009/1105/1029 993/1040/965
f 993/1040/965 1009/1105/1029 994/1106/1030
f 993/1040/965 994/1106/1030 978/1041/966
f 978/1041/966 994/1106/1030 979/1107/1031
f 978/1041/966 979/1107/1031 963/1042/967
f 963/1042/967 979/1107/1031 964/1108/1032
f 963/1042/967 964/1108/1032 948/1043/968
f 948/1043/968 964/1108/1032 949/1109/1033
f 948/1043/968 949/1109/1033 933/1044/969
f 933/1044/969 949/1109/1033 934/1110/1034
f 933/1044/969 934/1110/1034 918/1045/970
f 918/1045/970 934/1110/1034 919/1111/1035
f 918/1045/970 919/1111/1035 903/1046/971
f 903/1046/971 919/1111/1035 904/1112/1036
f 903/1046/971 904/1112/1036 888/1047/972
f 888/1047/972 904/1112/1036 889/1113/1037
f 888/1047/972 889/1113/1037 873/1048/973
f 873/1048/973 889/1113/1037 874/1114/1038
f 873/1048/973 874/1114/1038 858/1049/974
f 858/1049/974 874/1114/1038 859/1115/1039
f 858/1049/974 859/1115/1039 843/1050/975
f 843/1050/975 859/1115/1039 844/1116/1040
f 843/1050/975 844/1116/1040 828/1051/976
f 828/1051/976 844/1116/1040 829/1117/1041
f 828/1051/976 829/1117/1041 78/1052/912
f 78/1052/912 829/1117/1041 79/1118/977
f 79/1053/977 80/1119/1042 814/1054/978
f 814/1054/978 80/1119/1042 815/1120/1043
f 814/1054/978 815/1120/1043 799/1055/979
f 799/1055/979 815/1120/1043 800/1121/1044
f 799/1055/979 800/1121/1044 784/1056/980
f 784/1056/980 800/1121/1044 785/1122/1045
f 784/1056/980 785/1122/1045 769/1057/981
f 769/1057/981 785/1122/1045 770/1123/1046
f 769/1057/981 770/1123/1046 754/1058/982
f 754/1058/982 770/1123/1046 755/1124/1047
f 754/1058/982 755/1124/1047 739/1059/983
f 739/1059/983 755/1124/1047 740/1125/1048
f 739/1059/983 740/1125/1048 724/1060/984
f 724/1060/984 740/1125/1048 725/1126/1049
f 724/1060/984 725/1126/1049 709/1061/985
f 709/1061/985 725/1126/1049 710/1127/1050
f 709/1061/985 710/1127/1050 694/1062/986
f 694/1062/986 710/1127/1050 695/1128/1051
f 694/1062/986 695/1128/1051 679/1063/987
f 679/1063/987 695/1128/1051 680/1129/1052
f 679/1063/987 680/1129/1052 664/1064/988
f 664/1064/988 680/1129/1052 665/1130/1053
f 664/1064/988 665/1130/1053 649/1065/989
f 649/1065/989 665/1130/1053 650/1131/1054
f 649/1065/989 650/1131/1054 634/1066/990
f 634/1066/990 650/1131/1054 635/1132/1055
f 634/1066/990 635/1132/1055 619/1067/991
f 619/1067/991 635/1132/1055 620/1133/1056
f 619/1067/991 620/1133/1056 604/1068/992
f 604/1068/992 620/1133/1056 605/1134/1057
f 604/1068/992 605/1134/1057 589/1069/993
f 589/1069/993 605/1134/1057 590/1135/1058
f 589/1069/993 590/1135/1058 574/1070/994
f 574/1070/994 590/1135/1058 575/1136/1059
f 574/1070/994 575/1136/1059 559/1071/995
f 559/1071/995 575/1136/1059 560/1137/1060
f 559/1071/995 560/1137/1060 544/1072/996
f 544/1072/996 560/1137/1060 545/1138/1061
f 544/1072/996 545/1138/1061 529/1073/997
f 529/1073/997 545/1138/1061 530/1139/1062
f 529/1073/997 530/1139/1062 514/1074/998
f 514/1074/998 530/1139/1062 515/1140/1063
f 514/1074/998 515/1140/1063 499/1075/999
f 499/1075/999 515/1140/1063 500/1141/1064
f 499/1075/999 500/1141/1064 484/1076/1000
f 484/1076/1000 500/1141/1064 485/1142/1065
f 484/1076/1000 485/1142/1065 469/1077/1001
f 469/1077/1001 485/1142/1065 470/1143/1066
f 469/1077/1001 470/1143/1066 454/1078/1002
f 454/1078/1002 470/1143/1066 455/1144/1067
f 454/1078/1002 455/1144/1067 439/1079/1003
f 439/1079/1003 455/1144/1067 440/1145/1068
f 439/1079/1003 440/1145/1068 424/1080/1004
f 424/1080/1004 440/1145/1068 425/1146/1069
f 424/1080/1004 425/1146/1069 409/1081/1005
f 409/1081/1005 425/1146/1069 410/1147/1070
f 409/1081/1005 410/1147/1070 394/1082/1006
f 394/1082/1006 410/1147/1070 395/1148/1071
f 394/1082/1006 395/1148/1071 379/1083/1007
f 379/1083/1007 395/1148/1071 380/1149/1072
f 379/1083/1007 380/1149/1072 364/1084/1008
f 364/1084/1008 380/1149/1072 365/1150/1073
f 364/1084/1008 365/1150/1073 349/1085/1009
f 349/1085/1009 365/1150/1073 350/1151/1074
f 349/1085/1009 350/1151/1074 334/1086/1010
f 334/1086/1010 350/1151/1074 335/1152/1075
f 334/1086/1010 335/1152/1075 319/1087/1011
f 319/1087/1011 335/1152/1075 320/1153/1076
f 319/1087/1011 320/1153/1076 304/1088/1012
f 304/1088/1012 320/1153/1076 305/1154/1077
f 304/1088/1012 305/1154/1077 289/1089/1013
f 289/1089/1013 305/1154/1077 290/1155/1078
f 289/1089/1013 290/1155/1078 274/1090/1014
f 274/1090/1014 290/1155/1078 275/1156/1079
f 274/1090/1014 275/1156/1079 259/1091/1015
f 259/1091/1015 275/1156/1079 260/1157/1080
f 259/1091/1015 260/1157/1080 244/1092/1016
f 244/1092/1016 260/1157/1080 245/1158/1081
f 244/1092/1016 245/1158/1081 229/1093/1017
f 229/1093/1017 245/1158/1081 230/1159/1082
f 229/1093/1017 230/1159/1082 214/1094/1018
f 214/1094/1018 230/1159/1082 215/1160/1083
f 214/1094/1018 215/1160/1083 199/1095/1019
f 199/1095/1019 215/1160/1083 200/1161/1084
f 199/1095/1019 200/1161/1084 184/1096/1020
f 184/1096/1020 200/1161/1084 185/1162/1085
f 184/1096/1020 185/1162/1085 169/1097/1021
f 169/1097/1021 185/1162/1085 170/1163/1086
f 169/1097/1021 170/1163/1086 154/1098/1022
f 154/1098/1022 170/1163/1086 155/1164/1087
f 154/1098/1022 155/1164/1087 139/1099/1023
f 139/1099/1023 155/1164/1087 140/1165/1088
f 139/1099/1023 140/1165/1088 124/1100/1024
f 124/1100/1024 140/1165/1088 125/1166/1089
f 124/1100/1024 125/1166/1089 94/1101/1025
f 94/1101/1025 125/1166/1089 95/1167/1090
f 94/1101/1025 95/1167/1090 99/1102/1026
f 99/1102/1026 95/1167/1090 98/1168/1091
f 99/1102/1026 98/1168/1091 1039/1103/1027
f 1039/1103/1027 98/1168/1091 1040/1169/1092
f 1039/1103/1027 1040/1169/1092 1024/1104/1028
f 1024/1104/1028 1040/1169/1092 1025/1170/1093
f 1024/1104/1028 1025/1170/1093 1009/1105/1029
f 1009/1105/1029 1025/1170/1093 1010/1171/1094
f 1009/1105/1029 1010/1171/1094 994/1106/1030
f 994/1106/1030 1010/1171/1094 995/1172/1095
f 994/1106/1030 995/1172/1095 979/1107/1031
f 979/1107/1031 995/1172/1095 980/1173/1096
f 979/1107/1031 980/1173/1096 964/1108/1032
f 964/1108/1032 980/1173/1096 965/1174/1097
f 964/1108/1032 965/1174/1097 949/1109/1033
f 949/1109/1033 965/1174/1097 950/1175/1098
f 949/1109/1033 950/1175/1098 934/1110/1034
f 934/1110/1034 950/1175/1098 935/1176/1099
f 934/1110/1034 935/1176/1099 919/1111/1035
f 919/1111/1035 935/1176/1099 920/1177/1100
f 919/1111/1035 920/1177/1100 904/1112/1036
f 904/1112/1036 920/1177/1100 905/1178/1101
f 904/1112/1036 905/1178/1101 889/1113/1037
f 889/1113/1037 905/1178/1101 890/1179/1102
f 889/1113/1037 890/1179/1102 874/1114/1038
f 874/1114/1038 890/1179/1102 875/1180/1103
f 874/1114/1038 875/1180/1103 859/1115/1039
f 859/1115/1039 875/1180/1103 860/1181/1104
f 859/1115/1039 860/1181/1104 844/1116/1040
f 844/1116/1040 860/1181/1104 845/1182/1105
f 844/1116/1040 845/1182/1105 829/1117/1041
f 829/1117/1041 845/1182/1105 830/1183/1106
f 829/1117/1041 830/1183/1106 79/1118/977
f 79/1118/977 830/1183/1106 80/1184/1042
f 80/1119/1042 81/198/196 815/1120/1043
f 815/1120/1043 81/198/196 816/200/198
f 815/1120/1043 816/200/198 800/1121/1044
f 800/1121/1044 816/200/198 801/202/199
f 800/1121/1044 801/202/199 785/1122/1045
f 785/1122/1045 801/202/199 786/204/200
f 785/1122/1045 786/204/200 770/1123/1046
f 770/1123/1046 786/204/200 771/206/201
f 770/1123/1046 771/206/201 755/1124/1047
f 755/1124/1047 771/206/201 756/208/202
f 755/1124/1047 756/208/202 740/1125/1048
f 740/1125/1048 756/208/202 741/210/203
f 740/1125/1048 741/210/203 725/1126/1049
f 725/1126/1049 741/210/203 726/212/204
f 725/1126/1049 726/212/204 710/1127/1050
f 710/1127/1050 726/212/204 711/214/205
f 710/1127/1050 711/214/205 695/1128/1051
f 695/1128/1051 711/214/205 696/216/206
f 695/1128/1051 696/216/206 680/1129/1052
f 680/1129/1052 696/216/206 681/218/207
f 680/1129/1052 681/218/207 665/1130/1053
f 665/1130/1053 681/218/207 666/220/208
f 665/1130/1053 666/220/208 650/1131/1054
f 650/1131/1054 666/220/208 651/222/209
f 650/1131/1054 651/222/209 635/1132/1055
f 635/1132/1055 651/222/209 636/224/210
f 635/1132/1055 636/224/210 620/1133/1056
f 620/1133/1056 636/224/210 621/226/211
f 620/1133/1056 621/226/211 605/1134/1057
f 605/1134/1057 621/226/211 606/228/212
f 605/1134/1057 606/228/212 590/1135/1058
f 590/1135/1058 606/228/212 591/230/213
f 590/1135/1058 591/230/213 575/1136/1059
f 575/1136/1059 591/230/213 576/232/214
f 575/1136/1059 576/232/214 560/1137/1060
f 560/1137/1060 576/232/214 561/234/215
f 560/1137/1060 561/234/215 545/1138/1061
f 545/1138/1061 561/234/215 546/236/216
f 545/1138/1061 546/236/216 530/1139/1062
f 530/1139/1062 546/236/216 531/238/217
f 530/1139/1062 531/238/217 515/1140/1063
f 515/1140/1063 531/238/217 516/240/218
f 515/1140/1063 516/240/218 500/1141/1064
f 500/1141/1064 516/240/218 501/242/219
f 500/1141/1064 501/242/219 485/1142/1065
f 485/1142/1065 501/242/219 486/243/220
f 485/1142/1065 486/243/220 470/1143/1066
f 470/1143/1066 486/243/220 471/245/221
f 470/1143/1066 471/245/221 455/1144/1067
f 455/1144/1067 471/245/221 456/247/222
f 455/1144/1067 456/247/222 440/1145/1068
f 440/1145/1068 456/247/222 441/249/223
f 440/1145/1068 441/249/223 425/1146/1069
f 425/1146/1069 441/249/223 426/251/224
f 425/1146/1069 426/251/224 410/1147/1070
f 410/1147/1070 426/251/224 411/253/225
f 410/1147/1070 411/253/225 395/1148/1071
f 395/1148/1071 411/253/225 396/255/226
f 395/1148/1071 396/255/226 380/1149/1072
f 380/1149/1072 396/255/226 381/257/227
f 380/1149/1072 381/257/227 365/1150/1073
f 365/1150/1073 381/257/227 366/259/228
f 365/1150/1073 366/259/228 350/1151/1074
f 350/1151/1074 366/259/228 351/261/229
f 350/1151/1074 351/261/229 335/1152/1075
f 335/1152/1075 351/261/229 336/263/230
f 335/1152/1075 336/263/230 320/1153/1076
f 320/1153/1076 336/263/230 321/265/231
f 320/1153/1076 321/265/231 305/1154/1077
f 305/1154/1077 321/265/231 306/267/232
f 305/1154/1077 306/267/232 290/1155/1078
f 290/1155/1078 306/267/232 291/269/233
f 290/1155/1078 291/269/233 275/1156/1079
f 275/1156/1079 291/269/233 276/271/234
f 275/1156/1079 276/271/234 260/1157/1080
f 260/1157/1080 276/271/234 261/273/235
f 260/1157/1080 261/273/235 245/1158/1081
f 245/1158/1081 261/273/235 246/275/236
f 245/1158/1081 246/275/236 230/1159/1082
f 230/1159/1082 246/275/236 231/277/237
f 230/1159/1082 231/277/237 215/1160/1083
f 215/1160/1083 231/277/237 216/279/238
f 215/1160/1083 216/279/238 200/1161/1084
f 200/1161/1084 216/279/238 201/281/239
f 200/1161/1084 201/281/239 185/1162/1085
f 185/1162/1085 201/281/239 186/283/240
f 185/1162/1085 186/283/240 170/1163/1086
f 170/1163/1086 186/283/240 171/285/241
f 170/1163/1086 171/285/241 155/1164/1087
f 155/1164/1087 171/285/241 156/286/242
f 155/1164/1087 156/286/242 140/1165/1088
f 140/1165/1088 156/286/242 141/288/243
f 140/1165/1088 141/288/243 125/1166/1089
f 125/1166/1089 141/288/243 126/290/244
f 125/1166/1089 126/290/244 95/1167/1090
f 95/1167/1090 126/290/244 96/292/245
f 95/1167/1090 96/292/245 98/1168/1091
f 98/1168/1091 96/292/245 97/294/246
f 98/1168/1091 97/294/246 1040/1169/1092
f 1040/1169/1092 97/294/246 1041/296/247
f 1040/1169/1092 1041/296/247 1025/1170/1093
f 1025/1170/1093 1041/296/247 1026/298/248
f 1025/1170/1093 1026/298/248 1010/1171/1094
f 1010/1171/1094 1026/298/248 1011/300/249
f 1010/1171/1094 1011/300/249 995/1172/1095
f 995/1172/1095 1011/300/249 996/302/250
f 995/1172/1095 996/302/250 980/1173/1096
f 980/1173/1096 996/302/250 981/304/251
f 980/1173/1096 981/304/251 965/1174/1097
f 965/1174/1097 981/304/251 966/306/252
f 965/1174/1097 966/306/252 950/1175/1098
f 950/1175/1098 966/306/252 951/308/253
f 950/1175/1098 951/308/253 935/1176/1099
f 935/1176/1099 951/308/253 936/310/254
f 935/1176/1099 936/310/254 920/1177/1100
f 920/1177/1100 936/310/254 921/312/255
f 920/1177/1100 921/312/255 905/1178/1101
f 905/1178/1101 921/312/255 906/314/256
f 905/1178/1101 906/314/256 890/1179/1102
f 890/1179/1102 906/314/256 891/316/257
f 890/1179/1102 891/316/257 875/1180/1103
f 875/1180/1103 891/316/257 876/318/258
f 875/1180/1103 876/318/258 860/1181/1104
f 860/1181/1104 876/318/258 861/320/259
f 860/1181/1104 861/320/259 845/1182/1105
f 845/1182/1105 861/320/259 846/322/260
f 845/1182/1105 846/322/260 830/1183/1106
f 830/1183/1106 846/322/260 831/324/261
f 830/1183/1106 831/324/261 80/1184/1042
f 80/1184/1042 831/324/261 81/326/196
f 66/1185/197 156/286/242 171/285/241
f 66/1186/197 486/243/220 501/242/219
# 1041 vertices
# 1186 texture params
# 1106 normals
# 2078 facets

# 1 groups
