# WaveFront *.obj file (generated by Autodesk ATF)

# mtllib radar10_upper_half.mtl

g radar10_upper_half

v 0.500000 0.000000 0.000000
v 0.497803 -0.046821 -0.000000
v 0.491231 -0.093230 -0.000000
v 0.480343 -0.138820 -0.000000
v 0.465233 -0.183190 -0.000000
v 0.446034 -0.225950 -0.000000
v 0.422916 -0.266725 -0.000000
v 0.396081 -0.305155 -0.000000
v 0.365766 -0.340904 -0.000000
v 0.332236 -0.373657 -0.000000
v 0.295786 -0.403126 -0.000000
v 0.256737 -0.429053 -0.000000
v 0.215432 -0.451208 -0.000000
v 0.172233 -0.469399 -0.000000
v 0.127521 -0.483465 -0.000000
v 0.081689 -0.493282 -0.000000
v 0.035138 -0.498764 -0.000000
v -0.011721 -0.499863 -0.000000
v -0.058478 -0.496569 -0.000000
v -0.104720 -0.488911 -0.000000
v -0.150042 -0.476956 -0.000000
v -0.194046 -0.460810 -0.000000
v -0.236344 -0.440615 -0.000000
v -0.276566 -0.416547 -0.000000
v -0.314356 -0.388819 -0.000000
v -0.349385 -0.357673 -0.000000
v -0.381343 -0.323385 -0.000000
v -0.409949 -0.286255 -0.000000
v -0.434953 -0.246608 -0.000000
v -0.456135 -0.204795 -0.000000
v -0.473308 -0.161182 -0.000000
v -0.486321 -0.116153 -0.000000
v -0.495061 -0.070102 -0.000000
v -0.499450 -0.023436 -0.000000
v -0.499450 0.023436 0.000000
v -0.495061 0.070102 0.000000
v -0.486321 0.116153 0.000000
v -0.473308 0.161182 0.000000
v -0.456135 0.204795 0.000000
v -0.434953 0.246608 0.000000
v -0.409949 0.286255 0.000000
v -0.381343 0.323385 0.000000
v -0.349385 0.357673 0.000000
v -0.314356 0.388819 0.000000
v -0.276566 0.416547 0.000000
v -0.236344 0.440615 0.000000
v -0.194046 0.460810 0.000000
v -0.150042 0.476956 0.000000
v -0.104720 0.488911 0.000000
v -0.058478 0.496569 0.000000
v -0.011721 0.499863 0.000000
v 0.035138 0.498764 0.000000
v 0.081689 0.493282 0.000000
v 0.127521 0.483465 0.000000
v 0.172233 0.469399 0.000000
v 0.215432 0.451208 0.000000
v 0.256737 0.429053 0.000000
v 0.295786 0.403126 0.000000
v 0.332236 0.373657 0.000000
v 0.365766 0.340904 0.000000
v 0.396081 0.305155 0.000000
v 0.422916 0.266725 0.000000
v 0.446034 0.225950 0.000000
v 0.465233 0.183190 0.000000
v 0.480343 0.138820 0.000000
v 0.491231 0.093230 0.000000
v 0.497803 0.046821 0.000000
v 0.467287 -0.000000 0.082395
v 0.465037 0.045802 0.082395
v 0.458308 0.091163 0.082395
v 0.447166 0.135646 0.082395
v 0.431717 0.178823 0.082395
v 0.412110 0.220278 0.082395
v 0.388535 0.259611 0.082395
v 0.361218 0.296444 0.082395
v 0.330422 0.330422 0.082395
v 0.296444 0.361218 0.082395
v 0.259611 0.388535 0.082395
v 0.220278 0.412110 0.082395
v 0.178823 0.431717 0.082395
v 0.135646 0.447166 0.082395
v 0.091163 0.458308 0.082395
v 0.045802 0.465037 0.082395
v -0.000000 0.467287 0.082395
v -0.045802 0.465037 0.082395
v -0.091163 0.458308 0.082395
v -0.135646 0.447166 0.082395
v -0.178823 0.431717 0.082395
v -0.220278 0.412110 0.082395
v -0.259611 0.388535 0.082395
v -0.296444 0.361218 0.082395
v -0.330422 0.330422 0.082395
v -0.361218 0.296444 0.082395
v -0.388535 0.259611 0.082395
v -0.412110 0.220278 0.082395
v -0.431717 0.178823 0.082395
v -0.447166 0.135646 0.082395
v -0.458308 0.091163 0.082395
v -0.465037 0.045802 0.082395
v -0.467287 -0.000000 0.082395
v -0.465037 -0.045802 0.082395
v -0.458308 -0.091163 0.082395
v -0.447166 -0.135646 0.082395
v -0.431717 -0.178823 0.082395
v -0.412110 -0.220278 0.082395
v -0.388535 -0.259611 0.082395
v -0.361218 -0.296444 0.082395
v -0.330422 -0.330422 0.082395
v -0.296444 -0.361218 0.082395
v -0.259611 -0.388535 0.082395
v -0.220278 -0.412110 0.082395
v -0.178823 -0.431717 0.082395
v -0.135646 -0.447166 0.082395
v -0.091163 -0.458308 0.082395
v -0.045802 -0.465037 0.082395
v 0.000000 -0.467287 0.082395
v 0.045802 -0.465037 0.082395
v 0.091163 -0.458308 0.082395
v 0.135646 -0.447166 0.082395
v 0.178823 -0.431717 0.082395
v 0.220278 -0.412110 0.082395
v 0.259611 -0.388535 0.082395
v 0.296444 -0.361218 0.082395
v 0.330422 -0.330422 0.082395
v 0.361218 -0.296444 0.082395
v 0.388535 -0.259611 0.082395
v 0.412110 -0.220278 0.082395
v 0.431717 -0.178823 0.082395
v 0.447166 -0.135646 0.082395
v 0.458308 -0.091163 0.082395
v 0.465037 -0.045802 0.082395
v -0.000000 -0.000000 0.000000
v 0.497830 -0.000000 0.037201
v 0.492454 -0.000000 0.057543
v 0.489184 -0.000000 0.066090
v 0.485768 -0.000000 0.072917
v 0.482086 -0.000000 0.077890
v 0.477886 -0.000000 0.081062
v 0.472976 -0.000000 0.082539
v 0.495576 0.047322 0.037201
v 0.488834 0.094215 0.037201
v 0.477665 0.140255 0.037201
v 0.462170 0.185025 0.037201
v 0.442489 0.228119 0.037201
v 0.418801 0.269147 0.037201
v 0.391321 0.307738 0.037201
v 0.360297 0.343542 0.037201
v 0.326009 0.376235 0.037201
v 0.288770 0.405520 0.037201
v 0.248915 0.431134 0.037201
v 0.206806 0.452842 0.037201
v 0.162824 0.470450 0.037201
v 0.117368 0.483797 0.037201
v 0.070849 0.492763 0.037201
v 0.023688 0.497266 0.037201
v -0.023688 0.497266 0.037201
v -0.070849 0.492763 0.037201
v -0.117368 0.483797 0.037201
v -0.162824 0.470450 0.037201
v -0.206806 0.452842 0.037201
v -0.248915 0.431134 0.037201
v -0.288770 0.405520 0.037201
v -0.326009 0.376235 0.037201
v -0.360297 0.343542 0.037201
v -0.391321 0.307738 0.037201
v -0.418801 0.269147 0.037201
v -0.442489 0.228119 0.037201
v -0.462170 0.185025 0.037201
v -0.477665 0.140255 0.037201
v -0.488834 0.094215 0.037201
v -0.495576 0.047322 0.037201
v -0.497830 -0.000000 0.037201
v -0.495576 -0.047322 0.037201
v -0.488834 -0.094215 0.037201
v -0.477665 -0.140255 0.037201
v -0.462170 -0.185025 0.037201
v -0.442489 -0.228119 0.037201
v -0.418801 -0.269147 0.037201
v -0.391321 -0.307738 0.037201
v -0.360297 -0.343542 0.037201
v -0.326009 -0.376235 0.037201
v -0.288770 -0.405520 0.037201
v -0.248915 -0.431134 0.037201
v -0.206806 -0.452842 0.037201
v -0.162824 -0.470450 0.037201
v -0.117368 -0.483797 0.037201
v -0.070849 -0.492763 0.037201
v -0.023688 -0.497266 0.037201
v 0.023688 -0.497266 0.037201
v 0.070849 -0.492763 0.037201
v 0.117368 -0.483797 0.037201
v 0.162824 -0.470450 0.037201
v 0.206806 -0.452842 0.037201
v 0.248915 -0.431134 0.037201
v 0.288770 -0.405520 0.037201
v 0.326009 -0.376235 0.037201
v 0.360297 -0.343542 0.037201
v 0.391321 -0.307738 0.037201
v 0.418801 -0.269147 0.037201
v 0.442489 -0.228119 0.037201
v 0.462170 -0.185025 0.037201
v 0.477665 -0.140255 0.037201
v 0.488834 -0.094215 0.037201
v 0.495576 -0.047322 0.037201
v 0.461386 -0.177976 0.050984
v 0.411180 -0.274742 0.050984
v 0.254235 -0.424166 0.050984
v 0.155123 -0.469563 0.050984
v -0.060535 -0.490804 0.050984
v -0.200401 -0.452097 0.050984
v -0.294587 -0.397204 0.050984
v -0.473229 -0.143552 0.050984
v -0.475514 0.135790 0.050984
v -0.355355 0.343912 0.050984
v -0.112294 0.481604 0.050984
v 0.166600 0.465615 0.050984
v 0.392331 0.301046 0.050984
v 0.474323 -0.034988 0.081981
v 0.480915 -0.035474 0.077747
v 0.485317 -0.035799 0.071390
v 0.489388 -0.036099 0.062328
v 0.493183 -0.036379 0.050984
v 0.470464 -0.069787 0.081981
v 0.477002 -0.070757 0.077747
v 0.481368 -0.071404 0.071390
v 0.485407 -0.072003 0.062328
v 0.489170 -0.072562 0.050984
v 0.464056 -0.104207 0.081981
v 0.470505 -0.105655 0.077747
v 0.474811 -0.106622 0.071390
v 0.478795 -0.107517 0.062328
v 0.482507 -0.108351 0.050984
v 0.443743 -0.171170 0.081981
v 0.449909 -0.173549 0.077747
v 0.454027 -0.175138 0.071390
v 0.457836 -0.176607 0.062328
v 0.473229 -0.143552 0.050984
v 0.469588 -0.142448 0.062328
v 0.465681 -0.141263 0.071390
v 0.461457 -0.139982 0.077747
v 0.455132 -0.138063 0.081981
v 0.429948 -0.203350 0.081981
v 0.435923 -0.206176 0.077747
v 0.439913 -0.208063 0.071390
v 0.443604 -0.209809 0.062328
v 0.447043 -0.211436 0.050984
v 0.413824 -0.234428 0.081981
v 0.419575 -0.237686 0.077747
v 0.423415 -0.239862 0.071390
v 0.426967 -0.241874 0.062328
v 0.430278 -0.243749 0.050984
v 0.374947 -0.292612 0.081981
v 0.380158 -0.296678 0.077747
v 0.383637 -0.299393 0.071390
v 0.386856 -0.301905 0.062328
v 0.389855 -0.304246 0.050984
v 0.408017 -0.272628 0.062328
v 0.404622 -0.270360 0.071390
v 0.400953 -0.267908 0.077747
v 0.395457 -0.264236 0.081981
v 0.352405 -0.319402 0.081981
v 0.357303 -0.323840 0.077747
v 0.360573 -0.326804 0.071390
v 0.363598 -0.329546 0.062328
v 0.366417 -0.332101 0.050984
v 0.327954 -0.344461 0.081981
v 0.332511 -0.349248 0.077747
v 0.335555 -0.352444 0.071390
v 0.338370 -0.355401 0.062328
v 0.340993 -0.358157 0.050984
v 0.273861 -0.388853 0.081981
v 0.277667 -0.394257 0.077747
v 0.280209 -0.397866 0.071390
v 0.282559 -0.401204 0.062328
v 0.284750 -0.404314 0.050984
v 0.313722 -0.382271 0.050984
v 0.311308 -0.379330 0.062328
v 0.308718 -0.376174 0.071390
v 0.305918 -0.372762 0.077747
v 0.301725 -0.367653 0.081981
v 0.244514 -0.407946 0.081981
v 0.247911 -0.413615 0.077747
v 0.250181 -0.417401 0.071390
v 0.252279 -0.420903 0.062328
v 0.213841 -0.424828 0.081981
v 0.216812 -0.430732 0.077747
v 0.218797 -0.434674 0.071390
v 0.220632 -0.438321 0.062328
v 0.222343 -0.441720 0.050984
v 0.149191 -0.451607 0.081981
v 0.151264 -0.457883 0.077747
v 0.152649 -0.462074 0.071390
v 0.153929 -0.465951 0.062328
v 0.189246 -0.456879 0.050984
v 0.187790 -0.453364 0.062328
v 0.186227 -0.449592 0.071390
v 0.184538 -0.445515 0.077747
v 0.182009 -0.439408 0.081981
v 0.115564 -0.461359 0.081981
v 0.117170 -0.467770 0.077747
v 0.118243 -0.472051 0.071390
v 0.119235 -0.476012 0.062328
v 0.120159 -0.479702 0.050984
v 0.081312 -0.468610 0.081981
v 0.082442 -0.475122 0.077747
v 0.083196 -0.479471 0.071390
v 0.083894 -0.483493 0.062328
v 0.084545 -0.487242 0.050984
v 0.011672 -0.475469 0.081981
v 0.011834 -0.482076 0.077747
v 0.011943 -0.486489 0.071390
v 0.012043 -0.490570 0.062328
v 0.012136 -0.494374 0.050984
v 0.048472 -0.492141 0.050984
v 0.048099 -0.488355 0.062328
v 0.047699 -0.484292 0.071390
v 0.047266 -0.479900 0.077747
v 0.046618 -0.473322 0.081981
v -0.023337 -0.475039 0.081981
v -0.023661 -0.481641 0.077747
v -0.023878 -0.486049 0.071390
v -0.024078 -0.490127 0.062328
v -0.024265 -0.493927 0.050984
v -0.058220 -0.472035 0.081981
v -0.059029 -0.478595 0.077747
v -0.059569 -0.482976 0.071390
v -0.060069 -0.487028 0.062328
v -0.126852 -0.458384 0.081981
v -0.128615 -0.464754 0.077747
v -0.129792 -0.469007 0.071390
v -0.130881 -0.472942 0.062328
v -0.131895 -0.476609 0.050984
v -0.096477 -0.485020 0.050984
v -0.095734 -0.481289 0.062328
v -0.094938 -0.477285 0.071390
v -0.094077 -0.472956 0.077747
v -0.092787 -0.466473 0.081981
v -0.160229 -0.447810 0.081981
v -0.162456 -0.454033 0.077747
v -0.163942 -0.458189 0.071390
v -0.165318 -0.462033 0.062328
v -0.166600 -0.465615 0.050984
v -0.192738 -0.434809 0.081981
v -0.195416 -0.440852 0.077747
v -0.197205 -0.444887 0.071390
v -0.198859 -0.448619 0.062328
v -0.254451 -0.401823 0.081981
v -0.257987 -0.407407 0.077747
v -0.260349 -0.411136 0.071390
v -0.262533 -0.414585 0.062328
v -0.264568 -0.417799 0.050984
v -0.233116 -0.436130 0.050984
v -0.231323 -0.432775 0.062328
v -0.229398 -0.429174 0.071390
v -0.227318 -0.425282 0.077747
v -0.224202 -0.419452 0.081981
v -0.283322 -0.382015 0.081981
v -0.287259 -0.387324 0.077747
v -0.289888 -0.390869 0.071390
v -0.292320 -0.394148 0.062328
v -0.310657 -0.360138 0.081981
v -0.314974 -0.365142 0.077747
v -0.317857 -0.368485 0.071390
v -0.320524 -0.371576 0.062328
v -0.323009 -0.374457 0.050984
v -0.362667 -0.307700 0.081981
v -0.367707 -0.311976 0.077747
v -0.371073 -0.314832 0.071390
v -0.374186 -0.317473 0.062328
v -0.377087 -0.319934 0.050984
v -0.349680 -0.349680 0.050984
v -0.346990 -0.346990 0.062328
v -0.344103 -0.344103 0.071390
v -0.340982 -0.340982 0.077747
v -0.336309 -0.336309 0.081981
v -0.386600 -0.277033 0.081981
v -0.391972 -0.280883 0.077747
v -0.395560 -0.283454 0.071390
v -0.398878 -0.285832 0.062328
v -0.401971 -0.288048 0.050984
v -0.407946 -0.244514 0.081981
v -0.413615 -0.247911 0.077747
v -0.417401 -0.250181 0.071390
v -0.420903 -0.252279 0.062328
v -0.424166 -0.254235 0.050984
v -0.426564 -0.210358 0.081981
v -0.432491 -0.213281 0.077747
v -0.436450 -0.215233 0.071390
v -0.440112 -0.217039 0.062328
v -0.443524 -0.218722 0.050984
v -0.442327 -0.174795 0.081981
v -0.448474 -0.177224 0.077747
v -0.452579 -0.178846 0.071390
v -0.456376 -0.180347 0.062328
v -0.459915 -0.181745 0.050984
v -0.464893 -0.100407 0.081981
v -0.471353 -0.101803 0.077747
v -0.475667 -0.102734 0.071390
v -0.479658 -0.103596 0.062328
v -0.483377 -0.104399 0.050984
v -0.469588 -0.142448 0.062328
v -0.465681 -0.141263 0.071390
v -0.461457 -0.139982 0.077747
v -0.455132 -0.138063 0.081981
v -0.471543 -0.062080 0.081981
v -0.478096 -0.062943 0.077747
v -0.482472 -0.063519 0.071390
v -0.486520 -0.064052 0.062328
v -0.490292 -0.064548 0.050984
v -0.475039 -0.023337 0.081981
v -0.481641 -0.023661 0.077747
v -0.486049 -0.023878 0.071390
v -0.490127 -0.024078 0.062328
v -0.493927 -0.024265 0.050984
v -0.475358 0.015562 0.081981
v -0.481963 0.015778 0.077747
v -0.486375 0.015922 0.071390
v -0.490455 0.016056 0.062328
v -0.494258 0.016180 0.050984
v -0.472496 0.054356 0.081981
v -0.479062 0.055112 0.077747
v -0.483447 0.055616 0.071390
v -0.487503 0.056083 0.062328
v -0.491282 0.056517 0.050984
v -0.457330 0.130598 0.081981
v -0.463686 0.132413 0.077747
v -0.467930 0.133625 0.071390
v -0.471856 0.134746 0.062328
v -0.485020 0.096477 0.050984
v -0.481289 0.095734 0.062328
v -0.477285 0.094938 0.071390
v -0.472956 0.094077 0.077747
v -0.466473 0.092787 0.081981
v -0.445128 0.167534 0.081981
v -0.451314 0.169863 0.077747
v -0.455445 0.171417 0.071390
v -0.459266 0.172855 0.062328
v -0.462827 0.174196 0.050984
v -0.429948 0.203350 0.081981
v -0.435923 0.206176 0.077747
v -0.439913 0.208063 0.071390
v -0.443604 0.209809 0.062328
v -0.447043 0.211436 0.050984
v -0.411892 0.237806 0.081981
v -0.417616 0.241111 0.077747
v -0.421439 0.243318 0.071390
v -0.424974 0.245359 0.062328
v -0.428269 0.247261 0.050984
v -0.391081 0.270671 0.081981
v -0.396516 0.274432 0.077747
v -0.400145 0.276944 0.071390
v -0.403502 0.279268 0.062328
v -0.406630 0.281433 0.050984
v -0.341766 0.330761 0.081981
v -0.346516 0.335357 0.077747
v -0.349687 0.338427 0.071390
v -0.352621 0.341266 0.062328
v -0.382271 0.313722 0.050984
v -0.379330 0.311308 0.062328
v -0.376174 0.308718 0.071390
v -0.372762 0.305918 0.077747
v -0.367653 0.301725 0.081981
v -0.313593 0.357584 0.081981
v -0.317951 0.362553 0.077747
v -0.320861 0.365872 0.071390
v -0.323553 0.368941 0.062328
v -0.326061 0.371802 0.050984
v -0.283322 0.382015 0.081981
v -0.287259 0.387324 0.077747
v -0.289888 0.390869 0.071390
v -0.292320 0.394148 0.062328
v -0.294587 0.397204 0.050984
v -0.251155 0.403891 0.081981
v -0.254646 0.409504 0.077747
v -0.256976 0.413252 0.071390
v -0.259132 0.416719 0.062328
v -0.261141 0.419950 0.050984
v -0.217309 0.423065 0.081981
v -0.220329 0.428944 0.077747
v -0.222346 0.432870 0.071390
v -0.224211 0.436502 0.062328
v -0.225949 0.439886 0.050984
v -0.145491 0.452813 0.081981
v -0.147513 0.459105 0.077747
v -0.148863 0.463307 0.071390
v -0.150112 0.467194 0.062328
v -0.151276 0.470816 0.050984
v -0.189246 0.456879 0.050984
v -0.187790 0.453364 0.062328
v -0.186227 0.449592 0.071390
v -0.184538 0.445515 0.077747
v -0.182009 0.439408 0.081981
v -0.108000 0.463188 0.081981
v -0.109501 0.469625 0.077747
v -0.110503 0.473923 0.071390
v -0.111430 0.477899 0.062328
v -0.069787 0.470464 0.081981
v -0.070757 0.477002 0.077747
v -0.071404 0.481368 0.071390
v -0.072003 0.485407 0.062328
v -0.072562 0.489170 0.050984
v -0.031107 0.474594 0.081981
v -0.031539 0.481189 0.077747
v -0.031827 0.485593 0.071390
v -0.032094 0.489667 0.062328
v -0.032343 0.493464 0.050984
v 0.007782 0.475548 0.081981
v 0.007890 0.482157 0.077747
v 0.007962 0.486570 0.071390
v 0.008029 0.490652 0.062328
v 0.008091 0.494456 0.050984
v 0.085143 0.467929 0.081981
v 0.086326 0.474432 0.077747
v 0.087116 0.478774 0.071390
v 0.087847 0.482791 0.062328
v 0.088528 0.486534 0.050984
v 0.048472 0.492141 0.050984
v 0.048099 0.488355 0.062328
v 0.047699 0.484292 0.071390
v 0.047266 0.479900 0.077747
v 0.046618 0.473322 0.081981
v 0.123097 0.459406 0.081981
v 0.124808 0.465790 0.077747
v 0.125950 0.470054 0.071390
v 0.127007 0.473997 0.062328
v 0.127992 0.477672 0.050984
v 0.160229 0.447810 0.081981
v 0.162456 0.454033 0.077747
v 0.163942 0.458189 0.071390
v 0.165318 0.462033 0.062328
v 0.196288 0.433218 0.081981
v 0.199016 0.439238 0.077747
v 0.200838 0.443258 0.071390
v 0.202523 0.446977 0.062328
v 0.204093 0.450443 0.050984
v 0.231035 0.415728 0.081981
v 0.234246 0.421505 0.077747
v 0.236390 0.425363 0.071390
v 0.238373 0.428932 0.062328
v 0.240221 0.432257 0.050984
v 0.295669 0.372541 0.081981
v 0.299778 0.377718 0.077747
v 0.302522 0.381175 0.071390
v 0.305060 0.384373 0.062328
v 0.307425 0.387353 0.050984
v 0.274742 0.411180 0.050984
v 0.272628 0.408017 0.062328
v 0.270360 0.404622 0.071390
v 0.267908 0.400953 0.077747
v 0.264236 0.395457 0.081981
v 0.325125 0.347132 0.081981
v 0.329643 0.351956 0.077747
v 0.332660 0.355178 0.071390
v 0.335451 0.358157 0.062328
v 0.338052 0.360934 0.050984
v 0.352405 0.319402 0.081981
v 0.357303 0.323840 0.077747
v 0.360573 0.326804 0.071390
v 0.363598 0.329546 0.062328
v 0.366417 0.332101 0.050984
v 0.377328 0.289534 0.081981
v 0.382572 0.293558 0.077747
v 0.386074 0.296245 0.071390
v 0.389313 0.298730 0.062328
v 0.399727 0.257730 0.081981
v 0.405282 0.261312 0.077747
v 0.408992 0.263704 0.071390
v 0.412423 0.265916 0.062328
v 0.415621 0.267978 0.050984
v 0.436372 0.189174 0.081981
v 0.442436 0.191803 0.077747
v 0.446485 0.193558 0.071390
v 0.450231 0.195182 0.062328
v 0.453722 0.196696 0.050984
v 0.436130 0.233116 0.050984
v 0.432775 0.231323 0.062328
v 0.429174 0.229398 0.071390
v 0.425282 0.227318 0.077747
v 0.419452 0.224202 0.081981
v 0.450371 0.152881 0.081981
v 0.456630 0.155005 0.077747
v 0.460810 0.156424 0.071390
v 0.464676 0.157736 0.062328
v 0.468278 0.158959 0.050984
v 0.461359 0.115564 0.081981
v 0.467770 0.117170 0.077747
v 0.472051 0.118243 0.071390
v 0.476012 0.119235 0.062328
v 0.479702 0.120159 0.050984
v 0.469260 0.077475 0.081981
v 0.475781 0.078552 0.077747
v 0.480135 0.079271 0.071390
v 0.484164 0.079936 0.062328
v 0.487917 0.080555 0.050984
v 0.474021 0.038868 0.081981
v 0.480609 0.039408 0.077747
v 0.485008 0.039768 0.071390
v 0.489077 0.040102 0.062328
v 0.492869 0.040413 0.050984
v 0.499194 0.000000 0.019387
v 0.477878 -0.144963 0.015965
v 0.465002 -0.179371 0.030874
v 0.370017 -0.335364 0.015965
v 0.414403 -0.276895 0.030874
v 0.287548 -0.408287 0.015965
v 0.256171 -0.427525 0.030874
v 0.121340 -0.484416 0.015965
v 0.156339 -0.473243 0.030874
v -0.097424 -0.489786 0.015965
v -0.061009 -0.494650 0.030874
v -0.202370 -0.456539 0.015965
v -0.201972 -0.455641 0.030874
v -0.296896 -0.400317 0.030874
v -0.353116 -0.353116 0.015965
v -0.380057 -0.322425 0.030874
v -0.476938 -0.144677 0.030874
v -0.495109 -0.065182 0.015965
v -0.479241 0.136855 0.030874
v -0.432477 0.249691 0.015965
v -0.358140 0.346608 0.030874
v -0.152762 0.475442 0.015965
v -0.113174 0.485379 0.030874
v 0.168237 0.470190 0.015965
v 0.167905 0.469264 0.030874
v 0.419704 0.270611 0.015965
v 0.395406 0.303406 0.030874
v 0.497048 -0.036664 0.030874
v 0.498028 -0.036737 0.015965
v 0.493004 -0.073130 0.030874
v 0.493976 -0.073274 0.015965
v 0.486288 -0.109200 0.030874
v 0.487248 -0.109415 0.015965
v 0.476938 -0.144677 0.030874
v 0.450547 -0.213093 0.030874
v 0.451435 -0.213513 0.015965
v 0.465919 -0.179725 0.015965
v 0.433650 -0.245660 0.030874
v 0.434505 -0.246144 0.015965
v 0.415220 -0.277441 0.015965
v 0.369289 -0.334704 0.030874
v 0.393686 -0.307235 0.015965
v 0.392911 -0.306631 0.030874
v 0.343666 -0.360964 0.030874
v 0.344344 -0.361676 0.015965
v 0.316181 -0.385267 0.030874
v 0.316804 -0.386027 0.015965
v 0.286982 -0.407483 0.030874
v 0.224086 -0.445182 0.030874
v 0.224528 -0.446060 0.015965
v 0.256548 -0.428445 0.015965
v 0.190729 -0.460460 0.030874
v 0.191105 -0.461368 0.015965
v 0.156647 -0.474177 0.015965
v 0.085207 -0.491061 0.030874
v 0.085375 -0.492029 0.015965
v 0.121101 -0.483462 0.030874
v 0.048852 -0.495999 0.030874
v 0.048948 -0.496977 0.015965
v 0.012231 -0.498248 0.030874
v 0.012255 -0.499231 0.015965
v -0.024455 -0.497798 0.030874
v -0.024503 -0.498780 0.015965
v -0.097233 -0.488822 0.030874
v -0.061130 -0.495626 0.015965
v -0.132929 -0.480345 0.030874
v -0.133191 -0.481292 0.015965
v -0.167905 -0.469264 0.030874
v -0.168237 -0.470190 0.015965
v -0.234943 -0.439548 0.030874
v -0.235407 -0.440415 0.015965
v -0.266642 -0.421074 0.030874
v -0.267168 -0.421904 0.015965
v -0.297481 -0.401107 0.015965
v -0.352421 -0.352421 0.030874
v -0.326182 -0.378136 0.015965
v -0.325540 -0.377392 0.030874
v -0.380839 -0.323023 0.015965
v -0.405122 -0.290306 0.030874
v -0.405921 -0.290879 0.015965
v -0.427491 -0.256228 0.030874
v -0.428334 -0.256733 0.015965
v -0.447000 -0.220436 0.030874
v -0.447882 -0.220871 0.015965
v -0.463519 -0.183169 0.030874
v -0.464433 -0.183531 0.015965
v -0.487166 -0.105218 0.030874
v -0.488126 -0.105425 0.015965
v -0.477878 -0.144963 0.015965
v -0.494135 -0.065054 0.030874
v -0.497798 -0.024455 0.030874
v -0.498780 -0.024503 0.015965
v -0.498132 0.016307 0.030874
v -0.499114 0.016339 0.015965
v -0.495133 0.056960 0.030874
v -0.496109 0.057073 0.015965
v -0.488822 0.097233 0.030874
v -0.489786 0.097424 0.015965
v -0.466454 0.175561 0.030874
v -0.467374 0.175907 0.015965
v -0.480186 0.137124 0.015965
v -0.450547 0.213093 0.030874
v -0.451435 0.213513 0.015965
v -0.431626 0.249199 0.030874
v -0.409817 0.283639 0.030874
v -0.410625 0.284198 0.015965
v -0.385267 0.316181 0.030874
v -0.386027 0.316804 0.015965
v -0.358846 0.347291 0.015965
v -0.296896 0.400317 0.030874
v -0.297481 0.401107 0.015965
v -0.329265 0.375455 0.015965
v -0.328617 0.374716 0.030874
v -0.263188 0.423241 0.030874
v -0.263707 0.424076 0.015965
v -0.227720 0.443333 0.030874
v -0.228169 0.444208 0.015965
v -0.190729 0.460460 0.030874
v -0.191105 0.461368 0.015965
v -0.152462 0.474507 0.030874
v -0.113398 0.486336 0.015965
v -0.032597 0.497331 0.030874
v -0.032661 0.498312 0.015965
v -0.073274 0.493976 0.015965
v -0.073130 0.493004 0.030874
v 0.008155 0.498332 0.030874
v 0.008171 0.499315 0.015965
v 0.048852 0.495999 0.030874
v 0.048948 0.496977 0.015965
v 0.089222 0.490347 0.030874
v 0.089398 0.491314 0.015965
v 0.128995 0.481416 0.030874
v 0.129249 0.482365 0.015965
v 0.242104 0.435645 0.030874
v 0.242581 0.436504 0.015965
v 0.206098 0.454868 0.015965
v 0.205693 0.453973 0.030874
v 0.276895 0.414403 0.030874
v 0.277441 0.415220 0.015965
v 0.309835 0.390389 0.030874
v 0.310446 0.391159 0.015965
v 0.340701 0.363763 0.030874
v 0.341373 0.364481 0.015965
v 0.369289 0.334704 0.030874
v 0.370017 0.335364 0.015965
v 0.396186 0.304004 0.015965
v 0.439548 0.234943 0.030874
v 0.440415 0.235407 0.015965
v 0.418878 0.270078 0.030874
v 0.457278 0.198237 0.030874
v 0.458180 0.198628 0.015965
v 0.471949 0.160205 0.030874
v 0.472879 0.160521 0.015965
v 0.483462 0.121101 0.030874
v 0.484416 0.121340 0.015965
v 0.491742 0.081187 0.030874
v 0.492711 0.081347 0.015965
v 0.496731 0.040730 0.030874
v 0.497711 0.040810 0.015965
vt -49.780299 -4.682074 0.000000
vt 49.945045 -2.343613 0.000000
vt -50.000000 0.000000 0.000000
vt 49.945045 2.343613 0.000000
vt 49.506126 7.010244 0.000000
vt 49.506126 -7.010244 0.000000
vt -49.123127 -9.323003 0.000000
vt 48.632145 -11.615268 0.000000
vt -48.034259 -13.882000 0.000000
vt 47.330784 -16.118217 0.000000
vt -46.523265 -18.319002 0.000000
vt 45.613478 -20.479518 0.000000
vt -44.603422 -22.595016 0.000000
vt 43.495319 -24.660845 0.000000
vt -42.291603 -26.672464 0.000000
vt 40.994921 -28.625451 0.000000
vt -39.608124 -30.515513 0.000000
vt 38.134259 -32.338496 0.000000
vt -36.576567 -34.090391 0.000000
vt 34.938471 -35.767348 0.000000
vt -33.223574 -37.365681 0.000000
vt 31.435643 -38.881877 0.000000
vt -29.578611 -40.312601 0.000000
vt 27.656558 -41.654709 0.000000
vt -25.673710 -42.905252 0.000000
vt 23.634425 -44.061479 0.000000
vt -21.543187 -45.120850 0.000000
vt 19.404593 -46.081035 0.000000
vt -17.223343 -46.939924 0.000000
vt 15.004232 -47.695629 0.000000
vt -12.752138 -48.346489 0.000000
vt 10.472013 -48.891072 0.000000
vt -8.168868 -49.328183 0.000000
vt 5.847766 -49.656859 0.000000
vt -3.513809 -49.876379 0.000000
vt 1.172129 -49.986259 0.000000
vt 48.632145 11.615268 0.000000
vt 47.330784 16.118217 0.000000
vt 45.613478 20.479518 0.000000
vt 43.495319 24.660845 0.000000
vt 40.994921 28.625451 0.000000
vt 38.134259 32.338496 0.000000
vt 34.938471 35.767348 0.000000
vt 31.435643 38.881877 0.000000
vt 27.656558 41.654709 0.000000
vt 23.634425 44.061479 0.000000
vt 19.404593 46.081035 0.000000
vt 15.004232 47.695629 0.000000
vt 10.472013 48.891072 0.000000
vt 5.847766 49.656859 0.000000
vt 1.172129 49.986259 0.000000
vt -3.513809 49.876379 0.000000
vt -8.168868 49.328183 0.000000
vt -12.752138 48.346489 0.000000
vt -17.223343 46.939924 0.000000
vt -21.543187 45.120850 0.000000
vt -25.673710 42.905252 0.000000
vt -29.578611 40.312601 0.000000
vt -33.223574 37.365681 0.000000
vt -36.576567 34.090391 0.000000
vt -39.608124 30.515513 0.000000
vt -42.291603 26.672464 0.000000
vt -44.603422 22.595016 0.000000
vt -46.523265 18.319002 0.000000
vt -48.034259 13.882000 0.000000
vt -49.123127 9.323003 0.000000
vt -49.780299 4.682074 0.000000
vt -23.724784 -2.293790 0.000000
vt 23.724784 -2.293790 0.000000
vt -23.724784 0.000000 0.000000
vt -23.724784 -6.881370 0.000000
vt 23.724784 -6.881370 0.000000
vt -23.724784 -4.587580 0.000000
vt -23.724784 -11.468949 0.000000
vt 23.724784 -11.468949 0.000000
vt -23.724784 -9.175159 0.000000
vt -23.724784 -16.056529 0.000000
vt 23.724784 -16.056529 0.000000
vt -23.724784 -13.762739 0.000000
vt -23.724784 -20.644109 0.000000
vt 23.724784 -20.644109 0.000000
vt -23.724784 -18.350319 0.000000
vt -23.724784 -25.231688 0.000000
vt 23.724784 -24.467092 0.000000
vt -23.724784 -22.937898 0.000000
vt -23.724784 -27.525478 0.000000
vt 23.724784 -27.525478 0.000000
vt -23.724784 -32.113058 0.000000
vt 23.724784 -32.113058 0.000000
vt -23.724784 -29.819268 0.000000
vt -23.724784 -36.700637 0.000000
vt 23.724784 -36.700637 0.000000
vt -23.724784 -34.406848 0.000000
vt -23.724784 -41.288217 0.000000
vt 23.724784 -41.288217 0.000000
vt -23.724784 -38.994427 0.000000
vt -23.724784 -45.875797 0.000000
vt 23.724784 -45.875797 0.000000
vt -23.724784 -43.582007 0.000000
vt -23.724784 -50.463376 0.000000
vt 23.724784 -50.463376 0.000000
vt -23.724784 -48.169587 0.000000
vt -23.724784 -55.050956 0.000000
vt 23.724784 -55.050956 0.000000
vt -23.724784 -52.757166 0.000000
vt -23.724784 -59.638536 0.000000
vt 23.724784 -59.638536 0.000000
vt -23.724784 -57.344746 0.000000
vt -23.724784 -64.226116 0.000000
vt 23.724784 -64.226116 0.000000
vt -23.724784 -61.932326 0.000000
vt -23.724784 -68.813695 0.000000
vt 23.724784 -68.813695 0.000000
vt -23.724784 -66.519905 0.000000
vt -23.724784 -73.401275 0.000000
vt 23.724784 -73.401275 0.000000
vt -23.724784 -71.107485 0.000000
vt -23.724784 68.813695 0.000000
vt 23.724784 68.813695 0.000000
vt -23.724784 71.107485 0.000000
vt -23.724784 64.226116 0.000000
vt 23.724784 64.226116 0.000000
vt -23.724784 66.519905 0.000000
vt -23.724784 59.638536 0.000000
vt 23.724784 59.638536 0.000000
vt -23.724784 61.932326 0.000000
vt -23.724784 55.050956 0.000000
vt 23.724784 55.050956 0.000000
vt -23.724784 57.344746 0.000000
vt -23.724784 50.463376 0.000000
vt 23.724784 50.463376 0.000000
vt -23.724784 52.757166 0.000000
vt -23.724784 45.875797 0.000000
vt 23.724784 45.875797 0.000000
vt -23.724784 48.169587 0.000000
vt -23.724784 41.288217 0.000000
vt 23.724784 41.288217 0.000000
vt -23.724784 43.582007 0.000000
vt -23.724784 36.700637 0.000000
vt 23.724784 36.700637 0.000000
vt -23.724784 38.994427 0.000000
vt -23.724784 32.113058 0.000000
vt 23.724784 32.113058 0.000000
vt -23.724784 34.406848 0.000000
vt -23.724784 27.525478 0.000000
vt 23.724784 27.525478 0.000000
vt -23.724784 29.819268 0.000000
vt -23.724784 22.937898 0.000000
vt 23.724784 24.467092 0.000000
vt -23.724784 25.231688 0.000000
vt -23.724784 20.644109 0.000000
vt 23.724784 20.644109 0.000000
vt -23.724784 16.056529 0.000000
vt 23.724784 16.056529 0.000000
vt -23.724784 18.350319 0.000000
vt -23.724784 11.468949 0.000000
vt 23.724784 11.468949 0.000000
vt -23.724784 13.762739 0.000000
vt -23.724784 6.881370 0.000000
vt 23.724784 6.881370 0.000000
vt -23.724784 9.175159 0.000000
vt -23.724784 2.293790 0.000000
vt 23.724784 2.293790 0.000000
vt -23.724784 4.587580 0.000000
vt 23.724784 71.107485 0.000000
vt -23.724784 73.401275 0.000000
vt 23.724784 -71.107485 0.000000
vt 23.724784 -66.519905 0.000000
vt 23.724784 -61.932326 0.000000
vt 23.724784 -57.344746 0.000000
vt 23.724784 -52.757166 0.000000
vt 23.724784 -48.169587 0.000000
vt 23.724784 -43.582007 0.000000
vt 23.724784 -38.994427 0.000000
vt 23.724784 -34.406848 0.000000
vt 23.724784 -29.819268 0.000000
vt 23.724784 -22.937898 0.000000
vt 23.724784 -18.350319 0.000000
vt 23.724784 -13.762739 0.000000
vt 23.724784 -9.175159 0.000000
vt 23.724784 -4.587580 0.000000
vt 23.724784 0.000000 0.000000
vt 23.724784 4.587580 0.000000
vt 23.724784 9.175159 0.000000
vt 23.724784 13.762739 0.000000
vt 23.724784 18.350319 0.000000
vt 23.724784 25.231688 0.000000
vt 23.724784 29.819268 0.000000
vt 23.724784 34.406848 0.000000
vt 23.724784 38.994427 0.000000
vt 23.724784 43.582007 0.000000
vt 23.724784 48.169587 0.000000
vt 23.724784 52.757166 0.000000
vt 23.724784 57.344746 0.000000
vt 23.724784 61.932326 0.000000
vt 23.724784 66.519905 0.000000
vt 2.842651 4.624505 0.000000
vt 2.842651 0.000000 0.000000
vt 3.751202 3.576766 0.000000
vt 4.215990 0.000000 0.000000
vt 4.584803 3.576766 0.000000
vt 4.902659 0.000000 0.000000
vt 5.418403 3.576766 0.000000
vt 5.589328 0.000000 0.000000
vt 6.252003 3.576766 0.000000
vt 6.275997 0.000000 0.000000
vt 6.962666 0.000000 0.000000
vt 7.294004 3.576766 0.000000
vt 7.649335 0.000000 0.000000
vt 8.336005 4.769021 0.000000
vt 8.336005 0.000000 0.000000
vt 7.294004 7.153531 0.000000
vt 8.336005 9.538042 0.000000
vt 7.294004 10.730297 0.000000
vt 8.336005 14.307063 0.000000
vt 7.294004 14.307063 0.000000
vt 7.294004 17.883829 0.000000
vt 6.252003 17.883829 0.000000
vt 6.252003 21.460594 0.000000
vt 5.418403 21.460594 0.000000
vt 5.418403 25.037360 0.000000
vt 4.584803 25.037360 0.000000
vt 4.584803 28.614126 0.000000
vt 3.751202 28.614126 0.000000
vt 3.751202 32.190892 0.000000
vt 2.842651 32.371536 0.000000
vt 3.751202 35.767657 0.000000
vt 2.842651 36.996042 0.000000
vt 3.751202 39.344423 0.000000
vt 2.842651 41.620547 0.000000
vt 3.751202 42.921189 0.000000
vt 2.842651 46.245052 0.000000
vt 3.751202 46.497955 0.000000
vt 3.751202 50.074720 0.000000
vt 4.584803 46.497955 0.000000
vt 4.584803 50.074720 0.000000
vt 5.418403 46.497955 0.000000
vt 5.418403 50.074720 0.000000
vt 6.252003 46.497955 0.000000
vt 6.252003 50.074720 0.000000
vt 7.294004 46.497955 0.000000
vt 7.294004 50.074720 0.000000
vt 8.336005 47.690210 0.000000
vt 8.336005 52.459231 0.000000
vt 8.336005 19.076084 0.000000
vt 7.294004 21.460594 0.000000
vt 6.252003 25.037360 0.000000
vt 5.418403 28.614126 0.000000
vt 4.584803 32.190892 0.000000
vt 8.336005 23.845105 0.000000
vt 7.294004 25.037360 0.000000
vt 6.252003 28.614126 0.000000
vt 5.418403 32.190892 0.000000
vt 4.584803 35.767657 0.000000
vt 8.336005 28.614126 0.000000
vt 7.294004 28.614126 0.000000
vt 6.252003 32.190892 0.000000
vt 5.418403 35.767657 0.000000
vt 4.584803 39.344423 0.000000
vt 7.294004 32.190892 0.000000
vt 8.336005 33.383147 0.000000
vt 7.294004 35.767657 0.000000
vt 8.336005 38.152168 0.000000
vt 7.294004 39.344423 0.000000
vt 8.336005 42.921189 0.000000
vt 7.294004 42.921189 0.000000
vt 7.294004 53.651486 0.000000
vt 8.336005 57.228252 0.000000
vt 7.294004 57.228252 0.000000
vt 7.294004 60.805018 0.000000
vt 6.252003 60.805018 0.000000
vt 6.252003 64.381783 0.000000
vt 5.418403 64.381783 0.000000
vt 5.418403 67.958549 0.000000
vt 4.584803 67.958549 0.000000
vt 4.584803 71.535315 0.000000
vt 3.751202 71.535315 0.000000
vt 3.751202 75.112081 0.000000
vt 2.842651 73.992083 0.000000
vt 2.842651 78.616588 0.000000
vt 3.751202 78.688846 0.000000
vt 3.751202 82.265612 0.000000
vt 4.584803 78.688846 0.000000
vt 4.584803 82.265612 0.000000
vt 5.418403 78.688846 0.000000
vt 5.418403 82.265612 0.000000
vt 6.252003 78.688846 0.000000
vt 6.252003 82.265612 0.000000
vt 7.294004 78.688846 0.000000
vt 7.294004 82.265612 0.000000
vt 8.336005 81.073357 0.000000
vt 8.336005 85.842378 0.000000
vt 8.336005 61.997273 0.000000
vt 7.294004 64.381783 0.000000
vt 6.252003 67.958549 0.000000
vt 5.418403 71.535315 0.000000
vt 4.584803 75.112081 0.000000
vt 8.336005 66.766294 0.000000
vt 7.294004 67.958549 0.000000
vt 6.252003 71.535315 0.000000
vt 5.418403 75.112081 0.000000
vt 8.336005 71.535315 0.000000
vt 7.294004 71.535315 0.000000
vt 6.252003 75.112081 0.000000
vt 7.294004 75.112081 0.000000
vt 8.336005 76.304336 0.000000
vt 8.336005 90.611399 0.000000
vt 7.294004 89.419143 0.000000
vt 7.294004 85.842378 0.000000
vt 6.252003 85.842378 0.000000
vt 5.418403 85.842378 0.000000
vt 4.584803 85.842378 0.000000
vt 3.751202 85.842378 0.000000
vt 2.842651 83.241094 0.000000
vt 7.294004 92.995909 0.000000
vt 8.336005 95.380420 0.000000
vt 7.294004 96.572675 0.000000
vt 8.336005 100.149441 0.000000
vt 7.294004 100.149441 0.000000
vt 7.294004 103.726206 0.000000
vt 6.252003 103.726206 0.000000
vt 6.252003 107.302972 0.000000
vt 5.418403 107.302972 0.000000
vt 5.418403 110.879738 0.000000
vt 4.584803 110.879738 0.000000
vt 4.584803 114.456504 0.000000
vt 3.751202 114.456504 0.000000
vt 3.751202 118.430688 0.000000
vt 2.842651 115.612630 0.000000
vt 2.842651 120.237135 0.000000
vt 3.751202 122.404872 0.000000
vt 2.842651 124.861640 0.000000
vt 3.751202 126.379056 0.000000
vt 2.842651 129.486146 0.000000
vt 3.751202 130.353240 0.000000
vt 2.842651 134.110651 0.000000
vt 3.751202 134.327424 0.000000
vt 3.751202 138.301609 0.000000
vt 4.584803 134.327424 0.000000
vt 4.584803 138.301609 0.000000
vt 5.418403 134.327424 0.000000
vt 5.418403 138.301609 0.000000
vt 6.252003 134.327424 0.000000
vt 6.252003 138.301609 0.000000
vt 7.294004 134.327424 0.000000
vt 7.294004 138.301609 0.000000
vt 8.336005 138.301609 0.000000
vt 7.294004 142.275793 0.000000
vt 8.336005 143.070630 0.000000
vt 7.294004 146.249977 0.000000
vt 8.336005 147.839651 0.000000
vt 7.294004 150.224161 0.000000
vt 8.336005 152.608672 0.000000
vt 7.294004 154.198345 0.000000
vt 8.336005 157.377693 0.000000
vt 7.294004 158.172529 0.000000
vt 8.336005 162.146714 0.000000
vt 7.294004 162.146714 0.000000
vt 7.294004 166.120898 0.000000
vt 6.252003 166.120898 0.000000
vt 6.252003 170.095082 0.000000
vt 5.418403 170.095082 0.000000
vt 5.418403 174.069266 0.000000
vt 4.584803 174.069266 0.000000
vt 4.584803 178.043450 0.000000
vt 3.751202 178.043450 0.000000
vt 3.751202 182.017634 0.000000
vt 2.842651 180.355703 0.000000
vt 2.842651 184.980208 0.000000
vt 3.751202 185.991818 0.000000
vt 2.842651 189.604713 0.000000
vt 3.751202 189.966003 0.000000
vt 2.842651 194.229218 0.000000
vt 3.751202 193.940187 0.000000
vt 3.751202 197.914371 0.000000
vt 4.584803 193.940187 0.000000
vt 4.584803 197.914371 0.000000
vt 5.418403 193.940187 0.000000
vt 5.418403 197.914371 0.000000
vt 6.252003 193.940187 0.000000
vt 6.252003 197.914371 0.000000
vt 7.294004 193.940187 0.000000
vt 7.294004 197.914371 0.000000
vt 8.336005 195.529860 0.000000
vt 8.336005 200.298881 0.000000
vt 8.336005 104.918462 0.000000
vt 7.294004 107.302972 0.000000
vt 6.252003 110.879738 0.000000
vt 5.418403 114.456504 0.000000
vt 4.584803 118.430688 0.000000
vt 8.336005 109.687483 0.000000
vt 7.294004 110.879738 0.000000
vt 6.252003 114.456504 0.000000
vt 5.418403 118.430688 0.000000
vt 4.584803 122.404872 0.000000
vt 8.336005 114.456504 0.000000
vt 7.294004 114.456504 0.000000
vt 6.252003 118.430688 0.000000
vt 5.418403 122.404872 0.000000
vt 4.584803 126.379056 0.000000
vt 7.294004 118.430688 0.000000
vt 8.336005 119.225525 0.000000
vt 7.294004 122.404872 0.000000
vt 8.336005 123.994546 0.000000
vt 7.294004 126.379056 0.000000
vt 8.336005 128.763567 0.000000
vt 7.294004 130.353240 0.000000
vt 8.336005 133.532588 0.000000
vt 8.336005 166.915735 0.000000
vt 7.294004 170.095082 0.000000
vt 6.252003 174.069266 0.000000
vt 5.418403 178.043450 0.000000
vt 4.584803 182.017634 0.000000
vt 8.336005 171.684756 0.000000
vt 7.294004 174.069266 0.000000
vt 6.252003 178.043450 0.000000
vt 5.418403 182.017634 0.000000
vt 4.584803 185.991818 0.000000
vt 8.336005 176.453776 0.000000
vt 7.294004 178.043450 0.000000
vt 6.252003 182.017634 0.000000
vt 5.418403 185.991818 0.000000
vt 4.584803 189.966003 0.000000
vt 8.336005 181.222797 0.000000
vt 7.294004 182.017634 0.000000
vt 6.252003 185.991818 0.000000
vt 5.418403 189.966003 0.000000
vt 8.336005 185.991818 0.000000
vt 7.294004 185.991818 0.000000
vt 6.252003 189.966003 0.000000
vt 7.294004 189.966003 0.000000
vt 8.336005 190.760839 0.000000
vt 7.294004 201.888555 0.000000
vt 8.336005 205.067902 0.000000
vt 7.294004 205.862739 0.000000
vt 8.336005 209.836923 0.000000
vt 7.294004 209.836923 0.000000
vt 7.294004 213.811108 0.000000
vt 6.252003 213.811108 0.000000
vt 6.252003 217.785292 0.000000
vt 5.418403 217.785292 0.000000
vt 5.418403 221.759476 0.000000
vt 4.584803 221.759476 0.000000
vt 4.584803 225.733660 0.000000
vt 3.751202 225.733660 0.000000
vt 3.751202 229.707844 0.000000
vt 2.842651 226.600755 0.000000
vt 2.842651 231.225260 0.000000
vt 3.751202 233.682028 0.000000
vt 2.842651 235.849765 0.000000
vt 3.751202 237.656212 0.000000
vt 2.842651 240.474270 0.000000
vt 3.751202 241.630397 0.000000
vt 2.842651 245.098776 0.000000
vt 3.751202 245.604581 0.000000
vt 2.842651 249.723281 0.000000
vt 3.751202 249.578765 0.000000
vt 3.751202 253.552949 0.000000
vt 4.584803 249.578765 0.000000
vt 4.584803 253.552949 0.000000
vt 5.418403 249.578765 0.000000
vt 5.418403 253.552949 0.000000
vt 6.252003 249.578765 0.000000
vt 6.252003 253.552949 0.000000
vt 7.294004 249.578765 0.000000
vt 7.294004 253.552949 0.000000
vt 8.336005 252.758112 0.000000
vt 8.336005 257.527133 0.000000
vt 8.336005 214.605944 0.000000
vt 7.294004 217.785292 0.000000
vt 6.252003 221.759476 0.000000
vt 5.418403 225.733660 0.000000
vt 4.584803 229.707844 0.000000
vt 8.336005 219.374965 0.000000
vt 7.294004 221.759476 0.000000
vt 6.252003 225.733660 0.000000
vt 5.418403 229.707844 0.000000
vt 4.584803 233.682028 0.000000
vt 8.336005 224.143986 0.000000
vt 7.294004 225.733660 0.000000
vt 6.252003 229.707844 0.000000
vt 5.418403 233.682028 0.000000
vt 4.584803 237.656212 0.000000
vt 8.336005 228.913007 0.000000
vt 7.294004 229.707844 0.000000
vt 6.252003 233.682028 0.000000
vt 5.418403 237.656212 0.000000
vt 4.584803 241.630397 0.000000
vt 8.336005 233.682028 0.000000
vt 7.294004 233.682028 0.000000
vt 6.252003 237.656212 0.000000
vt 5.418403 241.630397 0.000000
vt 4.584803 245.604581 0.000000
vt 7.294004 237.656212 0.000000
vt 8.336005 238.451049 0.000000
vt 7.294004 241.630397 0.000000
vt 8.336005 243.220070 0.000000
vt 7.294004 245.604581 0.000000
vt 8.336005 247.989091 0.000000
vt 8.336005 262.296154 0.000000
vt 7.294004 261.501317 0.000000
vt 7.294004 257.527133 0.000000
vt 6.252003 257.527133 0.000000
vt 5.418403 257.527133 0.000000
vt 4.584803 257.527133 0.000000
vt 3.751202 257.527133 0.000000
vt 2.842651 254.347786 0.000000
vt 7.294004 265.475502 0.000000
vt 8.336005 267.065175 0.000000
vt 7.294004 269.449686 0.000000
vt 8.336005 271.834196 0.000000
vt 7.294004 273.423870 0.000000
vt 8.336005 276.603217 0.000000
vt 7.294004 277.398054 0.000000
vt 8.336005 281.372238 0.000000
vt 7.294004 281.372238 0.000000
vt 7.294004 285.346422 0.000000
vt 6.252003 285.346422 0.000000
vt 6.252003 289.320606 0.000000
vt 5.418403 289.320606 0.000000
vt 5.418403 293.294791 0.000000
vt 4.584803 293.294791 0.000000
vt 4.584803 297.268975 0.000000
vt 3.751202 297.268975 0.000000
vt 3.751202 301.243159 0.000000
vt 2.842651 300.592838 0.000000
vt 2.842651 305.217343 0.000000
vt 4.215990 305.217343 0.000000
vt 4.584803 301.243159 0.000000
vt 4.902659 305.217343 0.000000
vt 5.418403 301.243159 0.000000
vt 5.589328 305.217343 0.000000
vt 6.252003 301.243159 0.000000
vt 6.275997 305.217343 0.000000
vt 6.962666 305.217343 0.000000
vt 7.294004 301.243159 0.000000
vt 7.649335 305.217343 0.000000
vt 8.336005 300.448322 0.000000
vt 8.336005 305.217343 0.000000
vt 8.336005 286.141259 0.000000
vt 7.294004 289.320606 0.000000
vt 6.252003 293.294791 0.000000
vt 5.418403 297.268975 0.000000
vt 8.336005 290.910280 0.000000
vt 7.294004 293.294791 0.000000
vt 6.252003 297.268975 0.000000
vt 8.336005 295.679301 0.000000
vt 7.294004 297.268975 0.000000
vt 2.842651 295.968333 0.000000
vt 3.751202 293.294791 0.000000
vt 4.584803 289.320606 0.000000
vt 5.418403 285.346422 0.000000
vt 6.252003 281.372238 0.000000
vt 2.842651 291.343828 0.000000
vt 3.751202 289.320606 0.000000
vt 4.584803 285.346422 0.000000
vt 5.418403 281.372238 0.000000
vt 6.252003 277.398054 0.000000
vt 2.842651 286.719322 0.000000
vt 3.751202 285.346422 0.000000
vt 4.584803 281.372238 0.000000
vt 5.418403 277.398054 0.000000
vt 6.252003 273.423870 0.000000
vt 2.842651 282.094817 0.000000
vt 3.751202 281.372238 0.000000
vt 4.584803 277.398054 0.000000
vt 5.418403 273.423870 0.000000
vt 6.252003 269.449686 0.000000
vt 2.842651 277.470312 0.000000
vt 3.751202 277.398054 0.000000
vt 4.584803 273.423870 0.000000
vt 5.418403 269.449686 0.000000
vt 6.252003 265.475502 0.000000
vt 3.751202 273.423870 0.000000
vt 2.842651 272.845807 0.000000
vt 3.751202 269.449686 0.000000
vt 2.842651 268.221302 0.000000
vt 3.751202 265.475502 0.000000
vt 2.842651 263.596796 0.000000
vt 3.751202 261.501317 0.000000
vt 2.842651 258.972291 0.000000
vt 2.842651 221.976250 0.000000
vt 3.751202 221.759476 0.000000
vt 4.584803 217.785292 0.000000
vt 5.418403 213.811108 0.000000
vt 6.252003 209.836923 0.000000
vt 3.751202 217.785292 0.000000
vt 2.842651 217.351744 0.000000
vt 3.751202 213.811108 0.000000
vt 2.842651 212.727239 0.000000
vt 3.751202 209.836923 0.000000
vt 2.842651 208.102734 0.000000
vt 3.751202 205.862739 0.000000
vt 2.842651 203.478229 0.000000
vt 3.751202 201.888555 0.000000
vt 2.842651 198.853724 0.000000
vt 2.842651 175.731198 0.000000
vt 3.751202 174.069266 0.000000
vt 4.584803 170.095082 0.000000
vt 5.418403 166.120898 0.000000
vt 6.252003 162.146714 0.000000
vt 2.842651 171.106692 0.000000
vt 3.751202 170.095082 0.000000
vt 4.584803 166.120898 0.000000
vt 5.418403 162.146714 0.000000
vt 6.252003 158.172529 0.000000
vt 2.842651 166.482187 0.000000
vt 3.751202 166.120898 0.000000
vt 4.584803 162.146714 0.000000
vt 5.418403 158.172529 0.000000
vt 6.252003 154.198345 0.000000
vt 2.842651 161.857682 0.000000
vt 3.751202 162.146714 0.000000
vt 4.584803 158.172529 0.000000
vt 5.418403 154.198345 0.000000
vt 6.252003 150.224161 0.000000
vt 3.751202 158.172529 0.000000
vt 2.842651 157.233177 0.000000
vt 3.751202 154.198345 0.000000
vt 2.842651 152.608672 0.000000
vt 3.751202 150.224161 0.000000
vt 2.842651 147.984166 0.000000
vt 3.751202 146.249977 0.000000
vt 2.842651 143.359661 0.000000
vt 3.751202 142.275793 0.000000
vt 2.842651 138.735156 0.000000
vt 2.842651 110.988125 0.000000
vt 3.751202 110.879738 0.000000
vt 4.584803 107.302972 0.000000
vt 5.418403 103.726206 0.000000
vt 6.252003 100.149441 0.000000
vt 3.751202 107.302972 0.000000
vt 2.842651 106.363620 0.000000
vt 3.751202 103.726206 0.000000
vt 2.842651 101.739114 0.000000
vt 3.751202 100.149441 0.000000
vt 2.842651 97.114609 0.000000
vt 3.751202 96.572675 0.000000
vt 2.842651 92.490104 0.000000
vt 3.751202 92.995909 0.000000
vt 3.751202 89.419143 0.000000
vt 4.584803 89.419143 0.000000
vt 2.842651 87.865599 0.000000
vt 2.842651 69.367578 0.000000
vt 3.751202 67.958549 0.000000
vt 4.584803 64.381783 0.000000
vt 5.418403 60.805018 0.000000
vt 6.252003 57.228252 0.000000
vt 2.842651 64.743073 0.000000
vt 3.751202 64.381783 0.000000
vt 4.584803 60.805018 0.000000
vt 5.418403 57.228252 0.000000
vt 6.252003 53.651486 0.000000
vt 3.751202 60.805018 0.000000
vt 2.842651 60.118568 0.000000
vt 3.751202 57.228252 0.000000
vt 2.842651 55.494062 0.000000
vt 3.751202 53.651486 0.000000
vt 2.842651 50.869557 0.000000
vt 2.842651 27.747031 0.000000
vt 3.751202 25.037360 0.000000
vt 4.584803 21.460594 0.000000
vt 5.418403 17.883829 0.000000
vt 6.252003 14.307063 0.000000
vt 2.842651 23.122526 0.000000
vt 3.751202 21.460594 0.000000
vt 4.584803 17.883829 0.000000
vt 5.418403 14.307063 0.000000
vt 6.252003 10.730297 0.000000
vt 2.842651 18.498021 0.000000
vt 3.751202 17.883829 0.000000
vt 4.584803 14.307063 0.000000
vt 5.418403 10.730297 0.000000
vt 6.252003 7.153531 0.000000
vt 2.842651 13.873516 0.000000
vt 3.751202 14.307063 0.000000
vt 4.584803 10.730297 0.000000
vt 5.418403 7.153531 0.000000
vt 3.751202 10.730297 0.000000
vt 2.842651 9.249010 0.000000
vt 3.751202 7.153531 0.000000
vt 4.584803 7.153531 0.000000
vt 6.252003 35.767657 0.000000
vt 5.418403 39.344423 0.000000
vt 4.584803 42.921189 0.000000
vt 6.252003 39.344423 0.000000
vt 5.418403 42.921189 0.000000
vt 6.252003 42.921189 0.000000
vt 5.418403 53.651486 0.000000
vt 4.584803 53.651486 0.000000
vt 4.584803 57.228252 0.000000
vt 6.252003 89.419143 0.000000
vt 6.252003 92.995909 0.000000
vt 6.252003 96.572675 0.000000
vt 5.418403 89.419143 0.000000
vt 5.418403 92.995909 0.000000
vt 5.418403 96.572675 0.000000
vt 5.418403 100.149441 0.000000
vt 4.584803 92.995909 0.000000
vt 4.584803 96.572675 0.000000
vt 4.584803 100.149441 0.000000
vt 4.584803 103.726206 0.000000
vt 6.252003 122.404872 0.000000
vt 5.418403 126.379056 0.000000
vt 4.584803 130.353240 0.000000
vt 6.252003 126.379056 0.000000
vt 5.418403 130.353240 0.000000
vt 6.252003 130.353240 0.000000
vt 6.252003 142.275793 0.000000
vt 6.252003 146.249977 0.000000
vt 5.418403 142.275793 0.000000
vt 5.418403 146.249977 0.000000
vt 5.418403 150.224161 0.000000
vt 4.584803 142.275793 0.000000
vt 4.584803 146.249977 0.000000
vt 4.584803 150.224161 0.000000
vt 4.584803 154.198345 0.000000
vt 6.252003 201.888555 0.000000
vt 6.252003 205.862739 0.000000
vt 5.418403 201.888555 0.000000
vt 5.418403 205.862739 0.000000
vt 5.418403 209.836923 0.000000
vt 4.584803 201.888555 0.000000
vt 4.584803 205.862739 0.000000
vt 4.584803 209.836923 0.000000
vt 4.584803 213.811108 0.000000
vt 6.252003 241.630397 0.000000
vt 5.418403 245.604581 0.000000
vt 6.252003 245.604581 0.000000
vt 6.252003 261.501317 0.000000
vt 5.418403 261.501317 0.000000
vt 5.418403 265.475502 0.000000
vt 4.584803 261.501317 0.000000
vt 4.584803 265.475502 0.000000
vt 4.584803 269.449686 0.000000
vt -20.245536 4.681390 0.000000
vt -20.245536 0.000000 0.000000
vt -18.723022 3.675622 0.000000
vt -18.382864 0.000000 0.000000
vt -17.200508 3.675622 0.000000
vt -16.520192 0.000000 0.000000
vt -16.520192 4.752320 0.000000
vt -17.200508 7.351245 0.000000
vt -16.520192 9.504640 0.000000
vt -17.200508 11.026867 0.000000
vt -16.520192 14.256960 0.000000
vt -17.200508 14.702490 0.000000
vt -17.200508 18.378112 0.000000
vt -18.723022 18.378112 0.000000
vt -18.723022 22.053734 0.000000
vt -20.245536 18.725559 0.000000
vt -20.245536 23.406949 0.000000
vt -18.723022 25.729357 0.000000
vt -20.245536 28.088338 0.000000
vt -18.723022 29.404979 0.000000
vt -20.245536 32.769728 0.000000
vt -18.723022 33.080601 0.000000
vt -18.723022 36.756224 0.000000
vt -17.200508 33.080601 0.000000
vt -17.200508 36.756224 0.000000
vt -16.520192 33.266239 0.000000
vt -16.520192 38.018559 0.000000
vt -16.520192 19.009279 0.000000
vt -17.200508 22.053734 0.000000
vt -16.520192 23.761599 0.000000
vt -17.200508 25.729357 0.000000
vt -16.520192 28.513919 0.000000
vt -17.200508 29.404979 0.000000
vt -17.200508 40.431846 0.000000
vt -16.520192 42.770879 0.000000
vt -17.200508 44.107469 0.000000
vt -16.520192 47.523199 0.000000
vt -17.200508 47.783091 0.000000
vt -17.200508 51.465392 0.000000
vt -18.723022 47.783091 0.000000
vt -18.723022 51.480340 0.000000
vt -20.245536 51.495287 0.000000
vt -18.723022 55.134336 0.000000
vt -20.245536 56.176676 0.000000
vt -18.723022 58.809958 0.000000
vt -20.245536 60.858066 0.000000
vt -18.723022 62.485581 0.000000
vt -20.245536 65.539456 0.000000
vt -18.723022 66.161203 0.000000
vt -20.245536 70.220846 0.000000
vt -18.723022 69.836825 0.000000
vt -18.723022 73.512448 0.000000
vt -17.200508 69.836825 0.000000
vt -17.200508 73.512448 0.000000
vt -16.520192 71.284798 0.000000
vt -16.520192 76.037118 0.000000
vt -16.520192 52.275518 0.000000
vt -17.200508 55.134336 0.000000
vt -16.520192 57.027838 0.000000
vt -17.200508 58.809958 0.000000
vt -16.520192 61.780158 0.000000
vt -17.200508 62.485581 0.000000
vt -16.520192 66.532478 0.000000
vt -17.200508 66.161203 0.000000
vt -17.200508 77.188070 0.000000
vt -16.520192 80.789437 0.000000
vt -17.200508 80.863692 0.000000
vt -17.200508 84.539315 0.000000
vt -18.723022 84.539315 0.000000
vt -18.723022 88.214937 0.000000
vt -20.245536 84.265015 0.000000
vt -20.245536 88.946404 0.000000
vt -18.723022 91.890560 0.000000
vt -20.245536 93.627794 0.000000
vt -18.723022 95.566182 0.000000
vt -20.245536 98.309184 0.000000
vt -18.723022 99.241804 0.000000
vt -20.245536 102.990573 0.000000
vt -18.723022 102.917427 0.000000
vt -18.723022 106.593049 0.000000
vt -17.200508 102.917427 0.000000
vt -17.200508 106.593049 0.000000
vt -16.520192 104.551037 0.000000
vt -16.520192 109.303357 0.000000
vt -16.520192 85.541757 0.000000
vt -17.200508 88.214937 0.000000
vt -16.520192 90.294077 0.000000
vt -17.200508 91.890560 0.000000
vt -16.520192 95.046397 0.000000
vt -17.200508 95.566182 0.000000
vt -17.200508 99.241804 0.000000
vt -16.520192 99.798717 0.000000
vt -17.200508 110.268672 0.000000
vt -16.520192 114.055676 0.000000
vt -17.200508 113.944294 0.000000
vt -17.200508 117.619916 0.000000
vt -18.723022 117.619916 0.000000
vt -17.200508 121.706168 0.000000
vt -18.723022 121.711150 0.000000
vt -17.200508 125.787966 0.000000
vt -18.723022 125.787966 0.000000
vt -18.723022 129.871991 0.000000
vt -20.245536 126.397522 0.000000
vt -20.245536 131.078912 0.000000
vt -18.723022 133.956016 0.000000
vt -20.245536 135.760301 0.000000
vt -18.723022 138.040041 0.000000
vt -20.245536 140.441691 0.000000
vt -18.723022 142.124066 0.000000
vt -20.245536 145.123081 0.000000
vt -18.723022 146.208090 0.000000
vt -20.245536 149.804471 0.000000
vt -18.723022 150.292115 0.000000
vt -20.245536 154.485860 0.000000
vt -18.723022 154.376140 0.000000
vt -18.723022 158.460165 0.000000
vt -17.200508 154.376140 0.000000
vt -17.200508 158.460165 0.000000
vt -16.520192 156.826555 0.000000
vt -16.520192 161.578875 0.000000
vt -16.520192 118.807996 0.000000
vt -16.520192 123.560316 0.000000
vt -16.520192 128.312636 0.000000
vt -17.200508 129.871991 0.000000
vt -16.520192 133.064956 0.000000
vt -17.200508 133.956016 0.000000
vt -16.520192 137.817276 0.000000
vt -17.200508 138.040041 0.000000
vt -17.200508 142.124066 0.000000
vt -16.520192 142.569596 0.000000
vt -17.200508 146.208090 0.000000
vt -16.520192 147.321915 0.000000
vt -17.200508 150.292115 0.000000
vt -16.520192 152.074235 0.000000
vt -17.200508 162.544190 0.000000
vt -16.520192 166.331195 0.000000
vt -17.200508 166.628215 0.000000
vt -17.200508 170.712240 0.000000
vt -18.723022 170.712240 0.000000
vt -18.723022 174.796265 0.000000
vt -20.245536 173.211419 0.000000
vt -20.245536 177.892809 0.000000
vt -18.723022 178.880289 0.000000
vt -20.245536 182.574198 0.000000
vt -18.723022 182.964314 0.000000
vt -20.245536 187.255588 0.000000
vt -18.723022 187.048339 0.000000
vt -18.723022 191.132364 0.000000
vt -17.200508 187.048339 0.000000
vt -17.200508 191.132364 0.000000
vt -16.520192 190.092794 0.000000
vt -16.520192 194.845114 0.000000
vt -16.520192 171.083515 0.000000
vt -17.200508 174.796265 0.000000
vt -16.520192 175.835835 0.000000
vt -17.200508 178.880289 0.000000
vt -16.520192 180.588154 0.000000
vt -17.200508 182.964314 0.000000
vt -16.520192 185.340474 0.000000
vt -17.200508 195.216389 0.000000
vt -16.520192 199.597434 0.000000
vt -17.200508 199.300414 0.000000
vt -17.200508 203.384439 0.000000
vt -18.723022 203.384439 0.000000
vt -18.723022 207.468464 0.000000
vt -20.245536 205.981147 0.000000
vt -20.245536 210.662537 0.000000
vt -18.723022 211.552488 0.000000
vt -20.245536 215.343926 0.000000
vt -18.723022 215.636513 0.000000
vt -18.723022 219.720538 0.000000
vt -17.200508 215.636513 0.000000
vt -17.200508 219.720538 0.000000
vt -16.520192 218.606713 0.000000
vt -16.520192 223.359033 0.000000
vt -16.520192 204.349754 0.000000
vt -17.200508 207.468464 0.000000
vt -16.520192 209.102073 0.000000
vt -17.200508 211.552488 0.000000
vt -16.520192 213.854393 0.000000
vt -17.200508 223.804563 0.000000
vt -16.520192 228.111353 0.000000
vt -17.200508 227.888588 0.000000
vt -17.200508 231.972613 0.000000
vt -18.723022 231.972613 0.000000
vt -18.723022 236.056638 0.000000
vt -20.245536 234.069485 0.000000
vt -20.245536 238.750875 0.000000
vt -18.723022 240.140662 0.000000
vt -20.245536 243.432265 0.000000
vt -18.723022 244.224687 0.000000
vt -20.245536 248.113654 0.000000
vt -18.723022 248.308712 0.000000
vt -18.723022 252.392737 0.000000
vt -17.200508 248.308712 0.000000
vt -17.200508 252.392737 0.000000
vt -16.520192 251.872952 0.000000
vt -16.520192 256.625272 0.000000
vt -16.520192 232.863673 0.000000
vt -17.200508 236.056638 0.000000
vt -16.520192 237.615993 0.000000
vt -17.200508 240.140662 0.000000
vt -16.520192 242.368312 0.000000
vt -17.200508 244.224687 0.000000
vt -16.520192 247.120632 0.000000
vt -16.520192 261.377592 0.000000
vt -17.200508 260.560787 0.000000
vt -17.200508 256.476762 0.000000
vt -18.723022 256.476762 0.000000
vt -20.245536 252.795044 0.000000
vt -17.200508 264.644812 0.000000
vt -16.520192 266.129912 0.000000
vt -17.200508 268.728837 0.000000
vt -16.520192 270.882232 0.000000
vt -17.200508 272.812861 0.000000
vt -16.520192 275.634551 0.000000
vt -17.200508 276.896886 0.000000
vt -16.520192 280.386871 0.000000
vt -17.200508 280.980911 0.000000
vt -16.520192 285.139191 0.000000
vt -17.200508 285.064936 0.000000
vt -17.200508 289.148961 0.000000
vt -18.723022 289.148961 0.000000
vt -18.723022 293.232986 0.000000
vt -20.245536 290.246162 0.000000
vt -20.245536 294.927551 0.000000
vt -18.723022 297.317011 0.000000
vt -20.245536 299.608941 0.000000
vt -18.723022 301.401036 0.000000
vt -20.245536 304.290331 0.000000
vt -18.723022 305.485060 0.000000
vt -20.245536 308.971720 0.000000
vt -18.723022 309.569085 0.000000
vt -20.245536 313.653110 0.000000
vt -18.382864 313.653110 0.000000
vt -17.200508 309.569085 0.000000
vt -16.520192 313.653110 0.000000
vt -16.520192 308.900790 0.000000
vt -17.200508 305.485060 0.000000
vt -16.520192 304.148470 0.000000
vt -17.200508 301.401036 0.000000
vt -16.520192 299.396151 0.000000
vt -17.200508 297.317011 0.000000
vt -16.520192 294.643831 0.000000
vt -17.200508 293.232986 0.000000
vt -16.520192 289.891511 0.000000
vt -20.245536 285.564772 0.000000
vt -18.723022 285.064936 0.000000
vt -20.245536 280.883382 0.000000
vt -18.723022 280.980911 0.000000
vt -18.723022 276.896886 0.000000
vt -20.245536 276.201993 0.000000
vt -18.723022 272.812861 0.000000
vt -20.245536 271.520603 0.000000
vt -18.723022 268.728837 0.000000
vt -20.245536 266.839213 0.000000
vt -18.723022 264.644812 0.000000
vt -20.245536 262.157823 0.000000
vt -18.723022 260.560787 0.000000
vt -20.245536 257.476434 0.000000
vt -20.245536 229.388096 0.000000
vt -18.723022 227.888588 0.000000
vt -20.245536 224.706706 0.000000
vt -18.723022 223.804563 0.000000
vt -20.245536 220.025316 0.000000
vt -20.245536 201.299757 0.000000
vt -18.723022 199.300414 0.000000
vt -20.245536 196.618368 0.000000
vt -18.723022 195.216389 0.000000
vt -20.245536 191.936978 0.000000
vt -20.245536 168.530029 0.000000
vt -18.723022 166.628215 0.000000
vt -20.245536 163.848640 0.000000
vt -18.723022 162.544190 0.000000
vt -20.245536 159.167250 0.000000
vt -20.245536 121.716132 0.000000
vt -20.245536 117.034743 0.000000
vt -18.723022 113.944294 0.000000
vt -20.245536 112.353353 0.000000
vt -18.723022 110.268672 0.000000
vt -20.245536 107.671963 0.000000
vt -18.723022 80.863692 0.000000
vt -20.245536 79.583625 0.000000
vt -18.723022 77.188070 0.000000
vt -20.245536 74.902235 0.000000
vt -20.245536 46.813897 0.000000
vt -18.723022 44.107469 0.000000
vt -20.245536 42.132507 0.000000
vt -18.723022 40.431846 0.000000
vt -20.245536 37.451118 0.000000
vt -18.723022 14.702490 0.000000
vt -20.245536 14.044169 0.000000
vt -18.723022 11.026867 0.000000
vt -20.245536 9.362779 0.000000
vt -18.723022 7.351245 0.000000
vn 0.000000 0.000000 -100.000000
vn 0.000000 0.000000 -100.000000
vn 0.000000 0.000000 -100.000000
vn 0.000000 0.000000 -100.000000
vn 0.000000 0.000000 -100.000000
vn 0.000000 0.000000 -100.000000
vn 0.000000 0.000000 -100.000000
vn 0.000000 0.000000 -100.000000
vn 0.000000 0.000000 -100.000000
vn 0.000000 0.000000 -100.000000
vn 0.000000 0.000000 -100.000000
vn 0.000000 0.000000 -100.000000
vn 0.000000 0.000000 -100.000000
vn 0.000000 0.000000 -100.000000
vn 0.000000 0.000000 -100.000000
vn 0.000000 0.000000 -100.000000
vn 0.000000 0.000000 -100.000000
vn 0.000000 0.000000 -100.000000
vn 0.000000 0.000000 -100.000000
vn 0.000000 0.000000 -100.000000
vn 0.000000 0.000000 -100.000000
vn 0.000000 0.000000 -100.000000
vn 0.000000 0.000000 -100.000000
vn 0.000000 0.000000 -100.000000
vn 0.000000 0.000000 -100.000000
vn 0.000000 0.000000 -100.000000
vn 0.000000 0.000000 -100.000000
vn 0.000000 0.000000 -100.000000
vn 0.000000 0.000000 -100.000000
vn 0.000000 0.000000 -100.000000
vn 0.000000 0.000000 -100.000000
vn 0.000000 0.000000 -100.000000
vn 0.000000 0.000000 -100.000000
vn 0.000000 0.000000 -100.000000
vn 0.000000 0.000000 -100.000000
vn 0.000000 0.000000 -100.000000
vn 0.000000 0.000000 -100.000000
vn 0.000000 0.000000 -100.000000
vn 0.000000 0.000000 -100.000000
vn 0.000000 0.000000 -100.000000
vn 0.000000 0.000000 -100.000000
vn 0.000000 0.000000 -100.000000
vn 0.000000 0.000000 -100.000000
vn 0.000000 0.000000 -100.000000
vn 0.000000 0.000000 -100.000000
vn 0.000000 0.000000 -100.000000
vn 0.000000 0.000000 -100.000000
vn 0.000000 0.000000 -100.000000
vn 0.000000 0.000000 -100.000000
vn 0.000000 0.000000 -100.000000
vn 0.000000 0.000000 -100.000000
vn 0.000000 0.000000 -100.000000
vn 0.000000 0.000000 -100.000000
vn 0.000000 0.000000 -100.000000
vn 0.000000 0.000000 -100.000000
vn 0.000000 0.000000 -100.000000
vn 0.000000 0.000000 -100.000000
vn 0.000000 0.000000 -100.000000
vn 0.000000 0.000000 -100.000000
vn 0.000000 0.000000 -100.000000
vn 0.000000 0.000000 -100.000000
vn 0.000000 0.000000 -100.000000
vn 0.000000 0.000000 -100.000000
vn 0.000000 0.000000 -100.000000
vn 0.000000 0.000000 -100.000000
vn 0.000000 0.000000 -100.000000
vn 0.000000 0.000000 -100.000000
vn -17.281201 -1.702050 98.480775
vn -17.281201 -1.702050 98.480775
vn -17.364818 -0.000000 98.480775
vn -16.617095 -5.040741 98.480775
vn -16.617095 -5.040741 98.480775
vn -17.031158 -3.387708 98.480775
vn -15.314402 -8.185718 98.480775
vn -15.314402 -8.185718 98.480775
vn -16.043000 -6.645228 98.480775
vn -13.423186 -11.016124 98.480775
vn -13.423186 -11.016124 98.480775
vn -14.438318 -9.647376 98.480775
vn -11.016124 -13.423186 98.480775
vn -11.016124 -13.423186 98.480775
vn -12.278780 -12.278780 98.480775
vn -8.185718 -15.314402 98.480775
vn -8.682409 -15.038373 98.480775
vn -9.647376 -14.438318 98.480775
vn -6.645228 -16.043000 98.480775
vn -6.645228 -16.043000 98.480775
vn -3.387708 -17.031158 98.480775
vn -3.387708 -17.031158 98.480775
vn -5.040741 -16.617095 98.480775
vn 0.000000 -17.364818 98.480775
vn -0.000000 -17.364818 98.480775
vn -1.702050 -17.281201 98.480775
vn 3.387708 -17.031158 98.480775
vn 3.387708 -17.031158 98.480775
vn 1.702050 -17.281201 98.480775
vn 6.645228 -16.043000 98.480775
vn 6.645228 -16.043000 98.480775
vn 5.040741 -16.617095 98.480775
vn 9.647376 -14.438318 98.480775
vn 9.647376 -14.438318 98.480775
vn 8.185718 -15.314402 98.480775
vn 12.278780 -12.278780 98.480775
vn 12.278780 -12.278780 98.480775
vn 11.016124 -13.423186 98.480775
vn 14.438318 -9.647376 98.480775
vn 14.438318 -9.647376 98.480775
vn 13.423186 -11.016124 98.480775
vn 16.043000 -6.645228 98.480775
vn 16.043000 -6.645228 98.480775
vn 15.314402 -8.185718 98.480775
vn 17.031158 -3.387708 98.480775
vn 17.031158 -3.387708 98.480775
vn 16.617095 -5.040741 98.480775
vn 17.364818 -0.000000 98.480775
vn 17.364818 -0.000000 98.480775
vn 17.281201 -1.702050 98.480775
vn 17.031158 3.387708 98.480775
vn 17.031158 3.387708 98.480775
vn 17.281201 1.702050 98.480775
vn 16.043000 6.645228 98.480775
vn 16.043000 6.645228 98.480775
vn 16.617095 5.040741 98.480775
vn 14.438318 9.647376 98.480775
vn 14.438318 9.647376 98.480775
vn 15.314402 8.185718 98.480775
vn 12.278780 12.278780 98.480775
vn 12.278780 12.278780 98.480775
vn 13.423186 11.016124 98.480775
vn 9.647376 14.438318 98.480775
vn 9.647376 14.438318 98.480775
vn 11.016124 13.423186 98.480775
vn 6.645228 16.043000 98.480775
vn 6.645228 16.043000 98.480775
vn 8.185718 15.314402 98.480775
vn 3.387708 17.031158 98.480775
vn 3.387708 17.031158 98.480775
vn 5.040741 16.617095 98.480775
vn -0.000000 17.364818 98.480775
vn -0.000000 17.364818 98.480775
vn 1.702050 17.281201 98.480775
vn -3.387708 17.031158 98.480775
vn -3.387708 17.031158 98.480775
vn -1.702050 17.281201 98.480775
vn -6.645228 16.043000 98.480775
vn -6.645228 16.043000 98.480775
vn -5.040741 16.617095 98.480775
vn -9.647376 14.438318 98.480775
vn -8.682409 15.038373 98.480775
vn -8.185718 15.314402 98.480775
vn -11.016124 13.423186 98.480775
vn -11.016124 13.423186 98.480775
vn -13.423186 11.016124 98.480775
vn -13.423186 11.016124 98.480775
vn -12.278780 12.278780 98.480775
vn -15.314402 8.185718 98.480775
vn -15.314402 8.185718 98.480775
vn -14.438318 9.647376 98.480775
vn -16.617095 5.040741 98.480775
vn -16.617095 5.040741 98.480775
vn -16.043000 6.645228 98.480775
vn -17.281201 1.702050 98.480775
vn -17.281201 1.702050 98.480775
vn -17.031158 3.387708 98.480775
vn 17.281201 1.702050 98.480775
vn 17.281201 -1.702050 98.480775
vn 16.617095 -5.040741 98.480775
vn 15.314402 -8.185718 98.480775
vn 13.423186 -11.016124 98.480775
vn 11.016124 -13.423186 98.480775
vn 8.185718 -15.314402 98.480775
vn 5.040741 -16.617095 98.480775
vn 1.702050 -17.281201 98.480775
vn -1.702050 -17.281201 98.480775
vn -5.040741 -16.617095 98.480775
vn -9.647376 -14.438318 98.480775
vn -12.278780 -12.278780 98.480775
vn -14.438318 -9.647376 98.480775
vn -16.043000 -6.645228 98.480775
vn -17.031158 -3.387708 98.480775
vn -17.364818 -0.000000 98.480775
vn -17.031158 3.387708 98.480775
vn -16.043000 6.645228 98.480775
vn -14.438318 9.647376 98.480775
vn -12.278780 12.278780 98.480775
vn -8.185718 15.314402 98.480775
vn -5.040741 16.617095 98.480775
vn -1.702050 17.281201 98.480775
vn 1.702050 17.281201 98.480775
vn 5.040741 16.617095 98.480775
vn 8.185718 15.314402 98.480775
vn 11.016124 13.423186 98.480775
vn 13.423186 11.016124 98.480775
vn 15.314402 8.185718 98.480775
vn 16.617095 5.040741 98.480775
vn 97.828465 -9.341486 18.502112
vn 98.273454 -0.000000 18.502112
vn 95.766767 -7.064181 27.907414
vn 94.639277 -0.000000 32.301814
vn 93.044688 -6.863389 35.994164
vn 91.789151 -0.000000 39.683141
vn 87.654229 -6.465764 47.696227
vn 85.936816 -0.000000 51.135738
vn 72.587090 -5.354345 68.574379
vn 72.092572 -0.000000 69.301235
vn 45.372094 -0.000000 89.114382
vn 29.266881 -2.158855 95.597014
vn 12.326732 -0.000000 99.237350
vn -15.221387 1.499176 98.823387
vn -15.295037 -0.000000 98.823387
vn 29.028766 -4.306011 95.597014
vn -15.001147 2.983914 98.823387
vn 28.633342 -6.429832 95.597014
vn -14.636438 4.439915 98.823387
vn 28.082751 -8.518809 95.597014
vn 27.379977 -10.561623 95.597014
vn 67.907229 -26.194709 68.574379
vn 65.796229 -31.119299 68.574379
vn 79.453768 -37.578833 47.696227
vn 76.474014 -43.321994 47.696227
vn 81.176925 -45.986160 35.994164
vn 77.574021 -51.833304 35.994164
vn 79.843496 -53.349718 27.907414
vn 75.702508 -59.078817 27.907414
vn 77.248153 -60.748619 18.502112
vn 71.151281 -64.487762 27.907414
vn 71.123844 -67.816448 18.502112
vn 66.214479 -69.547243 27.907414
vn 64.355427 -74.270121 18.502112
vn 60.918856 -74.229841 27.907414
vn 57.004196 -80.051193 18.502112
vn 55.293108 -78.510181 27.907414
vn 49.367722 -82.365067 27.907414
vn 53.721454 -76.278604 35.994164
vn 47.964492 -80.023920 35.994164
vn 50.609151 -71.859473 47.696227
vn 45.185712 -75.387806 47.696227
vn 41.909797 -59.507340 68.574379
vn 37.418609 -62.429178 68.574379
vn 16.897896 -23.993168 95.597014
vn 15.087063 -25.171244 95.597014
vn -8.497467 12.717359 98.823387
vn -7.210031 13.489019 98.823387
vn -14.130772 5.853157 98.823387
vn 26.528828 -12.547201 95.597014
vn 63.328674 -35.875251 68.574379
vn 73.079841 -48.830388 47.696227
vn 73.550737 -57.399558 35.994164
vn -13.489019 7.210031 98.823387
vn 25.533918 -14.464786 95.597014
vn 60.517935 -40.436791 68.574379
vn 69.289641 -54.074167 47.696227
vn 69.128874 -62.654760 35.994164
vn -12.717359 8.497467 98.823387
vn 24.400637 -16.303984 95.597014
vn 57.379244 -44.779202 68.574379
vn 65.123956 -59.024913 47.696227
vn 64.332397 -67.570429 35.994164
vn 23.135127 -18.054830 95.597014
vn -11.823224 9.703069 98.823387
vn 21.744246 -19.707836 95.597014
vn -10.815225 10.815225 98.823387
vn 20.235530 -21.254042 95.597014
vn -9.703069 11.823224 98.823387
vn 18.617157 -22.685071 95.597014
vn 13.194472 -26.212915 95.597014
vn -5.853157 14.130772 98.823387
vn 11.230380 -27.112535 95.597014
vn 9.205429 -27.865231 95.597014
vn 22.831106 -69.110746 68.574379
vn 17.685143 -70.603047 68.574379
vn 21.356106 -85.258353 47.696227
vn 15.026247 -86.598394 47.696227
vn 15.950314 -91.923923 35.994164
vn 9.144752 -92.848229 35.994164
vn 9.412288 -95.564560 27.907414
vn 2.356619 -95.998034 27.907414
vn 4.676039 -98.162144 18.502112
vn -4.676039 -98.162144 18.502112
vn -4.711819 -95.911287 27.907414
vn -11.754725 -95.304788 27.907414
vn -4.577890 -93.185101 35.994164
vn -11.420608 -92.595842 35.994164
vn -4.312675 -87.786507 47.696227
vn -10.758965 -87.231385 47.696227
vn -3.571356 -72.696630 68.574379
vn -8.909576 -72.236930 68.574379
vn -1.439959 -29.311048 95.597014
vn -3.592312 -29.125698 95.597014
vn 1.499176 15.221387 98.823387
vn 2.983914 15.001147 98.823387
vn -4.439915 14.636438 98.823387
vn 7.130593 -28.466922 95.597014
vn 12.443342 -71.712745 68.574379
vn 8.614959 -87.469151 47.696227
vn 2.289635 -93.269383 35.994164
vn -2.983914 15.001147 98.823387
vn 5.017115 -28.914349 95.597014
vn 7.134109 -72.433825 68.574379
vn 2.156987 -87.865905 47.696227
vn -1.499176 15.221387 98.823387
vn 2.876450 -29.205086 95.597014
vn 1.786216 -72.762380 68.574379
vn 0.720197 -29.337558 95.597014
vn -0.000000 15.295037 98.823387
vn 4.439915 14.636438 98.823387
vn -7.827058 -28.283355 95.597014
vn -5.725198 -28.782514 95.597014
vn -14.199513 -71.385772 68.574379
vn -17.146952 -86.203550 47.696227
vn -18.201436 -91.504797 35.994164
vn -18.733930 -94.181825 27.907414
vn -13.985771 -97.273172 18.502112
vn -9.886503 -27.630926 95.597014
vn 5.853157 14.130772 98.823387
vn -11.892372 -26.828762 95.597014
vn 7.210031 13.489019 98.823387
vn -13.833796 -25.881211 95.597014
vn -15.700252 -24.793408 95.597014
vn -38.939428 -61.492077 68.574379
vn -43.357558 -58.460899 68.574379
vn -52.357428 -70.595819 47.696227
vn -57.408914 -66.552885 47.696227
vn -60.939382 -70.645679 35.994164
vn -65.971282 -65.971282 35.994164
vn -67.901312 -67.901312 27.907414
vn -73.223166 -62.125230 27.907414
vn -71.123844 -67.816448 18.502112
vn -77.248153 -60.748619 18.502112
vn -78.055193 -55.933560 27.907414
vn -82.672891 -53.130641 18.502112
vn -82.365067 -49.367722 27.907414
vn -87.348930 -45.031503 18.502112
vn -86.123959 -42.471637 27.907414
vn -91.233924 -36.524553 18.502112
vn -89.306723 -35.291437 27.907414
vn -91.892067 -27.875154 27.907414
vn -86.768265 -34.288311 35.994164
vn -89.280124 -27.082829 35.994164
vn -81.741424 -32.301849 47.696227
vn -84.107761 -25.513810 47.696227
vn -67.690654 -26.749391 68.574379
vn -69.650234 -21.128168 68.574379
vn -27.292654 -10.785268 95.597014
vn -28.082751 -8.518809 95.597014
vn 14.636438 4.439915 98.823387
vn -28.684987 -6.195363 95.597014
vn 15.001147 2.983914 98.823387
vn -29.095334 -3.830473 95.597014
vn 15.221387 1.499176 98.823387
vn -29.311048 -1.439959 95.597014
vn 15.295037 -0.000000 98.823387
vn -29.330684 0.960187 95.597014
vn 15.221387 -1.499176 98.823387
vn -29.154113 3.353911 95.597014
vn 15.001147 -2.983914 98.823387
vn -28.782514 5.725198 95.597014
vn -28.218374 8.058187 95.597014
vn -69.986604 19.985741 68.574379
vn -68.119259 25.638274 68.574379
vn -82.258996 30.960094 47.696227
vn -79.453768 37.578833 47.696227
vn -84.339925 39.889814 35.994164
vn -80.797990 46.648741 35.994164
vn -83.161783 48.013478 27.907414
vn -78.959914 54.648955 27.907414
vn -82.672891 53.130641 18.502112
vn -77.248153 60.748619 18.502112
vn -74.229841 60.918856 27.907414
vn -71.123844 67.816448 18.502112
vn -69.003205 66.781239 27.907414
vn -64.355427 74.270121 18.502112
vn -63.314971 72.196888 27.907414
vn -57.203191 77.129574 27.907414
vn -61.515304 70.144761 35.994164
vn -55.577245 74.937240 35.994164
vn -57.951471 66.080988 47.696227
vn -52.357428 70.595819 47.696227
vn -47.990025 54.722135 68.574379
vn -43.357558 58.460899 68.574379
vn -19.349424 22.063789 95.597014
vn -17.481628 23.571247 95.597014
vn 9.703069 -11.823224 98.823387
vn 8.497467 -12.717359 98.823387
vn 8.497467 12.717359 98.823387
vn -17.481628 -23.571247 95.597014
vn -47.540729 -55.112917 68.574379
vn -62.149296 -62.149296 47.696227
vn -71.141868 -60.359380 35.994164
vn 9.703069 11.823224 98.823387
vn -19.168269 -22.221351 95.597014
vn -51.466273 -51.466273 68.574379
vn -67.020328 -56.862514 47.696227
vn -75.836549 -54.343702 35.994164
vn 10.815225 10.815225 98.823387
vn -20.751036 -20.751036 95.597014
vn -55.500010 -47.088252 68.574379
vn -71.443027 -51.195349 47.696227
vn -80.023920 -47.964492 35.994164
vn -22.377426 -18.985832 95.597014
vn 11.823224 9.703069 98.823387
vn -23.854121 -17.093622 95.597014
vn 12.717359 8.497467 98.823387
vn -25.171244 -15.087063 95.597014
vn 13.489019 7.210031 98.823387
vn -26.319983 -12.979579 95.597014
vn 14.130772 5.853157 98.823387
vn 14.636438 -4.439915 98.823387
vn -27.465467 10.337270 95.597014
vn -65.796229 31.119299 68.574379
vn -76.117031 43.946188 47.696227
vn -76.715554 53.095611 35.994164
vn 14.130772 -5.853157 98.823387
vn -26.528828 12.547201 95.597014
vn -63.033054 36.392151 68.574379
vn -72.271108 50.019565 47.696227
vn -72.119929 59.187296 35.994164
vn 13.489019 -7.210031 98.823387
vn -25.414725 14.673198 95.597014
vn -59.848218 41.421557 68.574379
vn -67.941726 55.758334 47.696227
vn -67.041856 64.883047 35.994164
vn 12.717359 -8.497467 98.823387
vn -24.130609 16.701039 95.597014
vn -56.263026 46.173872 68.574379
vn -63.157846 61.124106 47.696227
vn 11.823224 -9.703069 98.823387
vn -22.685071 18.617157 95.597014
vn -52.301461 50.617307 68.574379
vn -21.087781 20.408735 95.597014
vn 10.815225 -10.815225 98.823387
vn -15.496889 24.921024 95.597014
vn 7.210031 -13.489019 98.823387
vn -13.408482 26.104092 95.597014
vn 5.853157 -14.130772 98.823387
vn -11.230380 27.112535 95.597014
vn -8.977151 27.939609 95.597014
vn -22.264938 69.295217 68.574379
vn -16.527587 70.882956 68.574379
vn -19.958272 85.596363 47.696227
vn -12.896490 86.941075 47.696227
vn -13.689584 92.287678 35.994164
vn -6.101947 93.097725 35.994164
vn -6.280463 95.821355 27.907414
vn 1.571167 96.014101 27.907414
vn -4.676039 98.162144 18.502112
vn 4.676039 98.162144 18.502112
vn 9.412288 95.564560 27.907414
vn 13.985771 97.273172 18.502112
vn 17.190444 94.475737 27.907414
vn 23.168845 95.503280 18.502112
vn 24.853605 92.754917 27.907414
vn 32.142099 92.868495 18.502112
vn 32.350507 90.413610 27.907414
vn 40.824268 89.392678 18.502112
vn 39.631000 87.467480 27.907414
vn 46.646380 83.936235 27.907414
vn 38.504527 84.981301 35.994164
vn 45.320501 81.550428 35.994164
vn 36.273802 80.057987 47.696227
vn 42.694899 76.825878 47.696227
vn 30.038593 66.296587 68.574379
vn 35.355949 63.620055 68.574379
vn 12.111464 26.730571 95.597014
vn 14.255405 25.651402 95.597014
vn -7.210031 -13.489019 98.823387
vn -8.497467 -12.717359 98.823387
vn 4.439915 -14.636438 98.823387
vn -6.663870 28.579780 95.597014
vn -10.679675 71.996522 68.574379
vn -5.748436 87.704193 47.696227
vn 1.526508 93.284993 35.994164
vn 2.983914 -15.001147 98.823387
vn -4.306011 29.028766 95.597014
vn -4.760321 72.628465 68.574379
vn 1.438071 87.880611 47.696227
vn 9.144752 92.848229 35.994164
vn 1.499176 -15.221387 98.823387
vn -1.919346 29.283564 95.597014
vn 1.190877 72.774559 68.574379
vn 8.614959 87.469151 47.696227
vn 16.701822 91.790355 35.994164
vn 0.000000 -15.295037 98.823387
vn 0.480158 29.342468 95.597014
vn 7.134109 72.433825 68.574379
vn 15.734217 86.472564 47.696227
vn 24.147165 90.118447 35.994164
vn -1.499176 -15.221387 98.823387
vn 2.876450 29.205086 95.597014
vn 13.029617 71.608545 68.574379
vn 22.748221 84.897517 47.696227
vn 31.430975 87.843690 35.994164
vn 5.253500 28.872335 95.597014
vn -2.983914 -15.001147 98.823387
vn 7.595406 28.346443 95.597014
vn -4.439915 -14.636438 98.823387
vn 9.886503 27.630926 95.597014
vn -5.853157 -14.130772 98.823387
vn -9.703069 -11.823224 98.823387
vn 18.243498 22.986644 95.597014
vn 16.303984 24.400637 95.597014
vn 40.436791 60.517935 68.574379
vn 48.830388 73.079841 47.696227
vn 51.833304 77.574021 35.994164
vn 53.349718 79.843496 27.907414
vn 49.136727 85.107308 18.502112
vn 20.060971 21.418881 95.597014
vn -10.815225 -10.815225 98.823387
vn 21.744246 19.707836 95.597014
vn -11.823224 -9.703069 98.823387
vn 23.282062 17.864954 95.597014
vn -12.717359 -8.497467 98.823387
vn 24.664132 15.902565 95.597014
vn -13.489019 -7.210031 98.823387
vn 25.881211 13.833796 95.597014
vn 26.925158 11.672485 95.597014
vn 66.779196 28.949845 68.574379
vn 68.921648 23.395747 68.574379
vn 83.227940 28.252079 47.696227
vn 85.258353 21.356106 47.696227
vn 90.501473 22.669439 35.994164
vn 92.051339 15.197738 35.994164
vn 94.744356 15.642356 27.907414
vn 95.705769 7.847426 27.907414
vn 97.828465 9.341486 18.502112
vn 92.985424 7.624370 35.994164
vn 87.598398 7.182659 47.696227
vn 72.540856 5.948011 68.574379
vn 29.248240 2.398219 95.597014
vn -15.221387 -1.499176 98.823387
vn -14.130772 -5.853157 98.823387
vn 27.788987 9.433090 95.597014
vn 70.603047 17.685143 68.574379
vn 86.718428 14.317270 47.696227
vn -14.636438 -4.439915 98.823387
vn 28.466922 7.130593 95.597014
vn 71.812146 11.856233 68.574379
vn -15.001147 -2.983914 98.823387
vn 28.954427 4.780395 95.597014
vn 96.497525 18.598374 18.502112
vn 93.149148 23.332647 27.907414
vn 88.346197 29.989493 35.994164
vn 80.640772 34.959059 47.696227
vn 64.190023 34.310282 68.574379
vn 94.292689 27.686832 18.502112
vn 90.930818 30.866853 27.907414
vn 85.599926 37.108931 35.994164
vn 77.514156 41.432180 47.696227
vn 61.171450 39.441200 68.574379
vn 91.233924 36.524553 18.502112
vn 88.104203 38.194575 27.907414
vn 82.281033 43.980129 35.994164
vn 73.869008 47.628139 47.696227
vn 57.743669 44.308276 68.574379
vn 87.348930 45.031503 18.502112
vn 84.688214 45.266794 27.907414
vn 78.411720 50.557120 35.994164
vn 69.729711 53.505489 47.696227
vn 53.929610 48.878950 68.574379
vn 82.672891 53.130641 18.502112
vn 80.705701 52.036199 27.907414
vn 74.017869 56.795908 35.994164
vn 65.123956 59.024913 47.696227
vn 49.754788 53.122647 68.574379
vn 76.183306 58.457507 27.907414
vn 77.248153 60.748619 18.502112
vn 71.151281 64.487762 27.907414
vn 71.123844 67.816448 18.502112
vn 65.643288 70.086625 27.907414
vn 64.355427 74.270121 18.502112
vn 59.696172 75.216642 27.907414
vn 57.004196 80.051193 18.502112
vn -13.985771 97.273172 18.502112
vn -14.090081 94.987609 27.907414
vn -21.185644 90.860270 35.994164
vn -26.886544 83.679052 47.696227
vn -27.853346 67.243927 68.574379
vn -21.805442 93.518442 27.907414
vn -23.168845 95.503280 18.502112
vn -29.374936 91.423681 27.907414
vn -32.142099 92.868495 18.502112
vn -36.747925 88.717339 27.907414
vn -40.824268 89.392678 18.502112
vn -43.875088 85.417521 27.907414
vn -49.136727 85.107308 18.502112
vn -50.708748 81.546300 27.907414
vn -57.004196 80.051193 18.502112
vn -87.348930 45.031503 18.502112
vn -86.807340 41.056814 27.907414
vn -87.317666 32.864043 35.994164
vn -84.513952 24.134246 47.696227
vn -71.385772 14.199513 68.574379
vn -91.233924 36.524553 18.502112
vn -89.872197 33.825500 27.907414
vn -89.711295 25.618427 35.994164
vn -86.203550 17.146952 47.696227
vn -72.307403 8.318297 68.574379
vn -94.292689 27.686832 18.502112
vn -92.335852 26.367909 27.907414
vn -91.504797 18.201436 35.994164
vn -87.316487 10.044953 47.696227
vn -72.745332 2.381436 68.574379
vn -96.497525 18.598374 18.502112
vn -94.181825 18.733930 27.907414
vn -92.686176 10.662686 35.994164
vn -87.845318 2.875758 47.696227
vn -72.696630 -3.571356 68.574379
vn -95.397766 10.974629 27.907414
vn -97.828465 9.341486 18.502112
vn -95.975542 3.141914 27.907414
vn -98.273454 -0.000000 18.502112
vn -95.911287 -4.711819 27.907414
vn -97.828465 -9.341486 18.502112
vn -95.205432 -12.534033 27.907414
vn -96.497525 -18.598374 18.502112
vn -93.862698 -20.272400 27.907414
vn -94.292689 -27.686832 18.502112
vn -64.355427 -74.270121 18.502112
vn -62.722200 -72.712460 27.907414
vn -55.577245 -74.937240 35.994164
vn -47.022212 -74.256188 47.696227
vn -34.310282 -64.190023 68.574379
vn -57.203191 -77.129574 27.907414
vn -57.004196 -80.051193 18.502112
vn -51.374193 -81.128716 27.907414
vn -49.136727 -85.107308 18.502112
vn -45.266794 -84.688214 27.907414
vn -40.824268 -89.392678 18.502112
vn -38.914090 -87.788780 27.907414
vn -32.142099 -92.868495 18.502112
vn -32.350507 -90.413610 27.907414
vn -25.611614 -92.548482 27.907414
vn -24.883629 -89.917880 35.994164
vn -23.168845 -95.503280 18.502112
vn 13.985771 -97.273172 18.502112
vn 16.416950 -94.613213 27.907414
vn 22.669439 -90.501473 35.994164
vn 27.570234 -83.456289 47.696227
vn 27.853346 -67.243927 68.574379
vn 23.168845 -95.503280 18.502112
vn 23.332647 -93.149148 27.907414
vn 29.265717 -88.588588 35.994164
vn 33.634956 -81.201968 47.696227
vn 32.724647 -65.012707 68.574379
vn 30.121903 -91.180301 27.907414
vn 32.142099 -92.868495 18.502112
vn 36.747925 -88.717339 27.907414
vn 40.824268 -89.392678 18.502112
vn 43.174807 -85.773611 27.907414
vn 49.136727 -85.107308 18.502112
vn 82.672891 -53.130641 18.502112
vn 83.551805 -47.331513 27.907414
vn 84.339925 -39.889814 35.994164
vn 82.002955 -31.632030 47.696227
vn 69.650234 -21.128168 68.574379
vn 87.348930 -45.031503 18.502112
vn 86.807340 -41.056814 27.907414
vn 87.045879 -33.577301 35.994164
vn 84.107761 -25.513810 47.696227
vn 71.015798 -15.947131 68.574379
vn 91.233924 -36.524553 18.502112
vn 89.592458 -34.559625 27.907414
vn 89.280124 -27.082829 35.994164
vn 85.756779 -19.257329 47.696227
vn 71.996522 -10.679675 68.574379
vn 94.292689 -27.686832 18.502112
vn 91.892067 -27.875154 27.907414
vn 91.030552 -20.441594 35.994164
vn 86.941075 -12.896490 47.696227
vn 93.693705 -21.039625 27.907414
vn 96.497525 -18.598374 18.502112
vn 94.987609 -14.090081 27.907414
vn 92.287678 -13.689584 35.994164
vn 53.929610 -48.878950 68.574379
vn 60.605357 -63.655798 47.696227
vn 59.187296 -72.119929 35.994164
vn 50.187727 -52.713818 68.574379
vn 55.758334 -67.941726 47.696227
vn 46.173872 -56.263026 68.574379
vn 39.517408 -78.507607 47.696227
vn 41.947605 -83.335578 35.994164
vn 35.703401 -86.195634 35.994164
vn -19.412502 -70.147768 68.574379
vn -24.520293 -68.529627 68.574379
vn -29.495206 -66.540119 68.574379
vn -23.442018 -84.708569 47.696227
vn -29.610050 -82.754546 47.696227
vn -35.617622 -80.352068 47.696227
vn -41.432180 -77.514156 47.696227
vn -31.430975 -87.843690 35.994164
vn -37.807994 -85.293468 35.994164
vn -43.980129 -82.281033 35.994164
vn -49.913931 -78.822710 35.994164
vn -59.162478 -42.395232 68.574379
vn -75.387806 -45.185712 47.696227
vn -83.675968 -41.264421 35.994164
vn -62.429178 -37.418609 68.574379
vn -78.828277 -38.873804 47.696227
vn -65.278256 -32.191673 68.574379
vn -71.143887 -15.365607 68.574379
vn -72.161622 -9.500258 68.574379
vn -85.911456 -18.555096 47.696227
vn -87.140445 -11.472257 47.696227
vn -87.786507 -4.312675 47.696227
vn -91.194741 -19.696176 35.994164
vn -92.499309 -12.177765 35.994164
vn -93.185101 -4.577890 35.994164
vn -93.247529 3.052608 35.994164
vn -38.435050 61.808588 68.574379
vn -33.255430 64.742806 68.574379
vn -46.413139 74.638398 47.696227
vn -40.158368 78.181682 47.696227
vn -33.634956 81.201968 47.696227
vn -49.267401 79.228425 35.994164
vn -42.627981 82.989610 35.994164
vn -35.703401 86.195634 35.994164
vn -28.539982 88.825051 35.994164
vn 18.837963 70.304237 68.574379
vn 29.610050 82.754546 47.696227
vn 24.520293 68.529627 68.574379
vn 45.247131 57.010979 68.574379
vn 54.639225 68.844934 47.696227
vn 60.082552 64.149488 47.696227
vn 57.999366 73.078681 35.994164
vn 63.777441 68.094480 35.994164
vn 69.128874 62.654760 35.994164
vn 99.524816 -9.360783 2.680815
vn 99.964060 -0.000000 2.680815
vn 99.596577 -7.346685 5.152486
vn 99.833677 0.000000 5.765156
vn 99.396682 -7.331940 8.157339
vn 99.520346 0.000000 9.782675
vn 99.069710 -9.460010 9.782675
vn 98.587992 -14.624147 8.157339
vn 97.721884 -18.834349 9.782675
vn 97.245044 -21.837105 8.157339
vn 95.489073 -28.038122 9.782675
vn 95.375118 -28.931726 8.157339
vn 92.988345 -35.869563 8.157339
vn 93.175352 -35.941699 5.152486
vn 90.278854 -42.698718 5.152486
vn 93.013088 -36.624836 2.680815
vn 89.174783 -45.173790 2.680815
vn 86.893127 -49.224348 5.152486
vn 84.552806 -53.325755 2.680815
vn 83.036518 -55.483228 5.152486
vn 79.187777 -61.009091 2.680815
vn 78.729928 -61.441439 5.152486
vn 73.996693 -67.066693 5.152486
vn 78.571914 -61.318123 8.157339
vn 73.848179 -66.932088 8.157339
vn 78.228276 -61.519396 9.782675
vn 72.026262 -68.676902 9.782675
vn 92.391498 -36.987976 9.782675
vn 90.097660 -42.613020 8.157339
vn 88.457211 -45.602862 9.782675
vn 86.718729 -49.125553 8.157339
vn 83.721843 -53.804761 9.782675
vn 82.869861 -55.371871 8.157339
vn 68.724254 -72.183341 8.157339
vn 65.171967 -75.212459 9.782675
vn 63.227907 -77.043427 8.157339
vn 57.727464 -81.066881 9.782675
vn 57.388922 -81.486008 8.157339
vn 51.227503 -85.493864 8.157339
vn 57.504335 -81.649883 5.152486
vn 51.304873 -85.681164 5.152486
vn 51.328965 -85.779663 2.680815
vn 44.901412 -89.203784 5.152486
vn 43.070889 -90.209266 2.680815
vn 38.217512 -92.265235 5.152486
vn 34.434305 -93.846107 2.680815
vn 31.326508 -94.826693 5.152486
vn 25.495111 -96.658226 2.680815
vn 24.265743 -96.874277 5.152486
vn 16.331864 -98.620908 2.680815
vn 17.073480 -98.396891 5.152486
vn 9.788695 -99.386283 5.152486
vn 17.039213 -98.199405 8.157339
vn 9.769048 -99.186811 8.157339
vn 14.163222 -98.507372 9.782675
vn 4.735369 -99.407623 9.782675
vn 49.760173 -86.187148 9.782675
vn 44.811293 -89.024749 8.157339
vn 41.342246 -90.526891 9.782675
vn 38.140808 -92.080055 8.157339
vn 32.549917 -94.046808 9.782675
vn 31.263635 -94.636372 8.157339
vn 23.462811 -96.715024 9.782675
vn 24.217041 -96.679847 8.157339
vn 2.445944 -99.636716 8.157339
vn -4.735369 -99.407623 9.782675
vn -4.890415 -99.546681 8.157339
vn -12.200272 -98.917194 8.157339
vn -12.224808 -99.116124 5.152486
vn -19.483119 -97.948252 5.152486
vn -11.691329 -99.278024 2.680815
vn -20.936499 -97.747001 2.680815
vn -26.635849 -96.249589 5.152486
vn -29.997678 -95.356974 2.680815
vn -33.644237 -94.029342 5.152486
vn -38.795237 -92.128947 2.680815
vn -40.470304 -91.299542 5.152486
vn -47.251862 -88.091287 2.680815
vn -47.077059 -88.074982 5.152486
vn -53.428699 -84.373136 5.152486
vn -46.982573 -87.898212 8.157339
vn -53.321465 -84.203795 8.157339
vn -49.760173 -86.187148 9.782675
vn -57.727464 -81.066881 9.782675
vn -14.163222 -98.507372 9.782675
vn -19.444015 -97.751665 8.157339
vn -23.462811 -96.715024 9.782675
vn -26.582389 -96.056413 8.157339
vn -32.549917 -94.046808 9.782675
vn -33.576711 -93.840622 8.157339
vn -40.389078 -91.116300 8.157339
vn -41.342246 -90.526891 9.782675
vn -59.371404 -80.053071 8.157339
vn -65.171967 -75.212459 9.782675
vn -65.099604 -75.468533 8.157339
vn -70.475023 -70.475023 8.157339
vn -70.616754 -70.616754 5.152486
vn -76.001471 -64.476617 8.157339
vn -76.160764 -64.598683 5.152486
vn -81.013774 -58.053650 8.157339
vn -81.176699 -58.170400 5.152486
vn -85.658930 -51.341987 5.152486
vn -81.960375 -57.230326 2.680815
vn -86.959373 -49.303963 2.680815
vn -89.568144 -44.170120 5.152486
vn -91.194168 -40.944315 2.680815
vn -92.878189 -36.702777 5.152486
vn -94.627546 -32.224847 2.680815
vn -95.566924 -28.989910 5.152486
vn -97.229333 -23.222187 2.680815
vn -97.616362 -21.083114 5.152486
vn -98.976666 -14.015448 2.680815
vn -99.012794 -13.035282 5.152486
vn -99.854188 -4.685542 2.680815
vn -99.746877 -4.900250 5.152486
vn -99.813701 3.267562 5.152486
vn -99.546681 -4.890415 8.157339
vn -99.613371 3.261004 8.157339
vn -99.520346 -0.000000 9.782675
vn -99.069710 9.460010 9.782675
vn -72.026262 -68.676902 9.782675
vn -78.228276 -61.519396 9.782675
vn -83.721843 -53.804761 9.782675
vn -85.487009 -51.238941 8.157339
vn -88.457211 -45.602862 9.782675
vn -89.388377 -44.081469 8.157339
vn -92.391498 -36.987976 9.782675
vn -92.691779 -36.629113 8.157339
vn -95.375118 -28.931726 8.157339
vn -95.489073 -28.038122 9.782675
vn -97.420442 -21.040799 8.157339
vn -97.721884 -18.834349 9.782675
vn -98.814071 -13.009119 8.157339
vn -99.069710 -9.460010 9.782675
vn -99.013695 11.390609 8.157339
vn -97.721884 18.834349 9.782675
vn -97.751665 19.444015 8.157339
vn -95.835724 27.367351 8.157339
vn -96.028457 27.422389 5.152486
vn -93.466277 35.178216 5.152486
vn -94.627546 32.224847 2.680815
vn -91.194168 40.944315 2.680815
vn -90.278854 42.698718 5.152486
vn -86.959373 49.303963 2.680815
vn -86.487507 49.933586 5.152486
vn -81.960375 57.230326 2.680815
vn -82.117601 56.834422 5.152486
vn -77.198367 63.355063 5.152486
vn -81.952788 56.720353 8.157339
vn -77.043427 63.227907 8.157339
vn -78.228276 61.519396 9.782675
vn -72.026262 68.676902 9.782675
vn -95.489073 28.038122 9.782675
vn -93.278687 35.107612 8.157339
vn -92.391498 36.987976 9.782675
vn -90.097660 42.613020 8.157339
vn -88.457211 45.602862 9.782675
vn -86.313923 49.833367 8.157339
vn -83.721843 53.804761 9.782675
vn -71.618683 69.312496 8.157339
vn -65.171967 75.212459 9.782675
vn -65.714844 74.933418 8.157339
vn -59.371404 80.053071 8.157339
vn -59.490804 80.214064 5.152486
vn -52.736642 84.807420 5.152486
vn -55.293236 83.279477 2.680815
vn -47.251862 88.091287 2.680815
vn -45.629698 88.833454 5.152486
vn -38.795237 92.128947 2.680815
vn -38.217512 92.265235 5.152486
vn -30.549669 95.079806 5.152486
vn -38.140808 92.080055 8.157339
vn -30.488355 94.888977 8.157339
vn -32.549917 94.046808 9.782675
vn -23.462811 96.715024 9.782675
vn -57.727464 81.066881 9.782675
vn -52.630798 84.637208 8.157339
vn -49.760173 86.187148 9.782675
vn -45.538117 88.655162 8.157339
vn -41.342246 90.526891 9.782675
vn -22.631949 97.063138 8.157339
vn -14.163222 98.507372 9.782675
vn -14.624147 98.587992 8.157339
vn -6.518516 99.453340 8.157339
vn -6.531626 99.653348 5.152486
vn 1.634000 99.853803 5.152486
vn -2.343415 99.936588 2.680815
vn 7.025093 99.716906 2.680815
vn 9.788695 99.386283 5.152486
vn 16.331864 98.620908 2.680815
vn 17.877908 98.253918 5.152486
vn 25.495111 96.658226 2.680815
vn 25.847526 96.464280 5.152486
vn 33.644237 94.029342 5.152486
vn 25.795649 96.270672 8.157339
vn 33.576711 93.840622 8.157339
vn 32.549917 94.046808 9.782675
vn 41.342246 90.526891 9.782675
vn -4.735369 99.407623 9.782675
vn 1.630720 99.653392 8.157339
vn 4.735369 99.407623 9.782675
vn 9.769048 99.186811 8.157339
vn 14.163222 98.507372 9.782675
vn 17.842026 98.056718 8.157339
vn 23.462811 96.715024 9.782675
vn 49.760173 86.187148 9.782675
vn 48.414451 87.117729 8.157339
vn 41.133162 90.782822 8.157339
vn 41.215884 90.965394 5.152486
vn 34.434305 93.846107 2.680815
vn 55.371871 82.869861 8.157339
vn 57.727464 81.066881 9.782675
vn 61.958879 78.067632 8.157339
vn 65.171967 75.212459 9.782675
vn 68.131412 72.743168 8.157339
vn 72.026262 68.676902 9.782675
vn 73.848179 66.932088 8.157339
vn 78.228276 61.519396 9.782675
vn 79.070936 60.673263 8.157339
vn 83.721843 53.804761 9.782675
vn 83.764747 54.008564 8.157339
vn 87.898212 46.982573 8.157339
vn 88.074982 47.077059 5.152486
vn 91.627580 39.722015 5.152486
vn 89.174783 45.173790 2.680815
vn 93.013088 36.624836 2.680815
vn 94.567233 32.101250 5.152486
vn 96.033991 27.754022 2.680815
vn 96.874277 24.265743 5.152486
vn 98.210944 18.639304 2.680815
vn 98.533279 16.267910 5.152486
vn 99.524816 9.360783 2.680815
vn 99.533139 8.161253 5.152486
vn 99.333372 8.144873 8.157339
vn 99.069710 9.460010 9.782675
vn 98.335518 16.235260 8.157339
vn 97.721884 18.834349 9.782675
vn 96.679847 24.217041 8.157339
vn 95.489073 28.038122 9.782675
vn 94.377433 32.036822 8.157339
vn 92.391498 36.987976 9.782675
vn 91.443680 39.642291 8.157339
vn 88.457211 45.602862 9.782675
vn 84.552806 53.325755 2.680815
vn 83.933204 54.117179 5.152486
vn 79.187777 61.009091 2.680815
vn 79.229954 60.795282 5.152486
vn 73.996693 67.066693 5.152486
vn 73.126842 68.156278 2.680815
vn 68.268429 72.889460 5.152486
vn 66.423266 74.704504 2.680815
vn 62.083483 78.224632 5.152486
vn 59.135960 80.596225 2.680815
vn 55.483228 83.036518 5.152486
vn 51.328965 85.779663 2.680815
vn 48.511816 87.292930 5.152486
vn 43.070889 90.209266 2.680815
vn -11.691329 99.278024 2.680815
vn -14.653557 98.786260 5.152486
vn -20.936499 97.747001 2.680815
vn -22.677464 97.258339 5.152486
vn -29.997678 95.356974 2.680815
vn -62.848691 77.735805 2.680815
vn -65.847001 75.084115 5.152486
vn -69.851829 71.508987 2.680815
vn -71.762713 69.451889 5.152486
vn -76.241107 64.653746 2.680815
vn -97.229333 23.222187 2.680815
vn -97.948252 19.483119 5.152486
vn -98.976666 14.015448 2.680815
vn -99.212819 11.413516 5.152486
vn -99.854188 4.685542 2.680815
vn -76.241107 -64.653746 2.680815
vn -69.851829 -71.508987 2.680815
vn -65.230524 -75.620306 5.152486
vn -62.848691 -77.735805 2.680815
vn -59.490804 -80.214064 5.152486
vn -55.293236 -83.279477 2.680815
vn -4.900250 -99.746877 5.152486
vn -2.343415 -99.936588 2.680815
vn 2.450863 -99.837093 5.152486
vn 7.025093 -99.716906 2.680815
vn 59.135960 -80.596225 2.680815
vn 63.355063 -77.198367 5.152486
vn 66.423266 -74.704504 2.680815
vn 68.862464 -72.328507 5.152486
vn 73.126842 -68.156278 2.680815
vn 95.566924 -28.989910 5.152486
vn 96.033991 -27.754022 2.680815
vn 97.440612 -21.881021 5.152486
vn 98.210944 -18.639304 2.680815
vn 98.786260 -14.653557 5.152486
# usemtl Steel_-_Satin
f 2/1/1 34/2/2 1/3/3
f 1/3/3 34/2/2 35/4/4
f 1/3/3 35/4/4 36/5/5
f 34/2/2 2/1/1 33/6/6
f 33/6/6 2/1/1 3/7/7
f 33/6/6 3/7/7 32/8/8
f 32/8/8 3/7/7 4/9/9
f 32/8/8 4/9/9 31/10/10
f 31/10/10 4/9/9 5/11/11
f 31/10/10 5/11/11 30/12/12
f 30/12/12 5/11/11 6/13/13
f 30/12/12 6/13/13 29/14/14
f 29/14/14 6/13/13 7/15/15
f 29/14/14 7/15/15 28/16/16
f 28/16/16 7/15/15 8/17/17
f 28/16/16 8/17/17 27/18/18
f 27/18/18 8/17/17 9/19/19
f 27/18/18 9/19/19 26/20/20
f 26/20/20 9/19/19 10/21/21
f 26/20/20 10/21/21 25/22/22
f 25/22/22 10/21/21 11/23/23
f 25/22/22 11/23/23 24/24/24
f 24/24/24 11/23/23 12/25/25
f 24/24/24 12/25/25 23/26/26
f 23/26/26 12/25/25 13/27/27
f 23/26/26 13/27/27 22/28/28
f 22/28/28 13/27/27 14/29/29
f 22/28/28 14/29/29 21/30/30
f 21/30/30 14/29/29 15/31/31
f 21/30/30 15/31/31 20/32/32
f 20/32/32 15/31/31 16/33/33
f 20/32/32 16/33/33 19/34/34
f 19/34/34 16/33/33 17/35/35
f 19/34/34 17/35/35 18/36/36
f 36/5/5 37/37/37 1/3/3
f 1/3/3 37/37/37 38/38/38
f 1/3/3 38/38/38 39/39/39
f 39/39/39 40/40/40 1/3/3
f 1/3/3 40/40/40 41/41/41
f 1/3/3 41/41/41 42/42/42
f 42/42/42 43/43/43 1/3/3
f 1/3/3 43/43/43 44/44/44
f 1/3/3 44/44/44 45/45/45
f 45/45/45 46/46/46 1/3/3
f 1/3/3 46/46/46 47/47/47
f 1/3/3 47/47/47 48/48/48
f 48/48/48 49/49/49 1/3/3
f 1/3/3 49/49/49 50/50/50
f 1/3/3 50/50/50 51/51/51
f 51/51/51 52/52/52 1/3/3
f 1/3/3 52/52/52 53/53/53
f 1/3/3 53/53/53 54/54/54
f 54/54/54 55/55/55 1/3/3
f 1/3/3 55/55/55 56/56/56
f 1/3/3 56/56/56 57/57/57
f 57/57/57 58/58/58 1/3/3
f 1/3/3 58/58/58 59/59/59
f 1/3/3 59/59/59 60/60/60
f 60/60/60 61/61/61 1/3/3
f 1/3/3 61/61/61 62/62/62
f 1/3/3 62/62/62 63/63/63
f 63/63/63 64/64/64 1/3/3
f 1/3/3 64/64/64 65/65/65
f 1/3/3 65/65/65 66/66/66
f 66/66/66 67/67/67 1/3/3
f 69/68/68 132/69/69 68/70/70
f 71/71/71 132/72/72 70/73/73
f 73/74/74 132/75/75 72/76/76
f 75/77/77 132/78/78 74/79/79
f 77/80/80 132/81/81 76/82/82
f 79/83/83 132/84/84 78/85/85
f 80/86/86 132/87/87 79/83/83
f 82/88/88 132/89/89 81/90/90
f 84/91/91 132/92/92 83/93/93
f 86/94/94 132/95/95 85/96/96
f 88/97/97 132/98/98 87/99/99
f 90/100/100 132/101/101 89/102/102
f 92/103/103 132/104/104 91/105/105
f 94/106/106 132/107/107 93/108/108
f 96/109/109 132/110/110 95/111/111
f 98/112/112 132/113/113 97/114/114
f 100/115/115 132/116/116 99/117/117
f 102/118/118 132/119/119 101/120/120
f 104/121/121 132/122/122 103/123/123
f 106/124/124 132/125/125 105/126/126
f 108/127/127 132/128/128 107/129/129
f 110/130/130 132/131/131 109/132/132
f 112/133/133 132/134/134 111/135/135
f 114/136/136 132/137/137 113/138/138
f 116/139/139 132/140/140 115/141/141
f 118/142/142 132/143/143 117/144/144
f 120/145/145 132/146/146 119/147/147
f 122/148/148 132/149/149 121/150/150
f 123/151/151 132/152/152 122/148/148
f 125/153/153 132/154/154 124/155/155
f 127/156/156 132/157/157 126/158/158
f 129/159/159 132/160/160 128/161/161
f 131/162/162 132/163/163 130/164/164
f 101/120/120 132/165/165 100/166/115
f 99/117/117 132/167/166 98/112/112
f 97/114/114 132/168/167 96/109/109
f 95/111/111 132/169/168 94/106/106
f 93/108/108 132/170/169 92/103/103
f 91/105/105 132/171/170 90/100/100
f 89/102/102 132/172/171 88/97/97
f 87/99/99 132/173/172 86/94/94
f 85/96/96 132/174/173 84/91/91
f 83/93/93 132/175/174 82/88/88
f 81/90/90 132/176/175 80/86/86
f 78/85/85 132/177/176 77/80/80
f 76/82/82 132/178/177 75/77/77
f 74/79/79 132/179/178 73/74/74
f 72/76/76 132/180/179 71/71/71
f 70/73/73 132/181/180 69/68/68
f 68/70/70 132/182/181 131/162/162
f 130/164/164 132/183/182 129/159/159
f 128/161/161 132/184/183 127/156/156
f 126/158/158 132/185/184 125/153/153
f 124/155/155 132/186/185 123/151/151
f 121/150/150 132/187/186 120/145/145
f 119/147/147 132/188/187 118/142/142
f 117/144/144 132/189/188 116/139/139
f 115/141/141 132/190/189 114/136/136
f 113/138/138 132/191/190 112/133/133
f 111/135/135 132/192/191 110/130/130
f 109/132/132 132/193/192 108/127/127
f 107/129/129 132/194/193 106/124/124
f 105/126/126 132/195/194 104/121/121
f 103/123/123 132/196/195 102/118/118
f 204/197/196 133/198/197 222/199/198
f 222/199/198 133/198/197 134/200/199
f 222/199/198 134/200/199 221/201/200
f 221/201/200 134/200/199 135/202/201
f 221/201/200 135/202/201 220/203/202
f 220/203/202 135/202/201 136/204/203
f 220/203/202 136/204/203 219/205/204
f 219/205/204 136/204/203 137/206/205
f 219/205/204 137/206/205 138/207/206
f 219/205/204 138/207/206 218/208/207
f 218/208/207 138/207/206 139/209/208
f 218/208/207 139/209/208 131/210/209
f 131/210/209 139/209/208 68/211/210
f 218/208/207 131/210/209 223/212/211
f 223/212/211 131/210/209 130/213/212
f 223/212/211 130/213/212 228/214/213
f 228/214/213 130/213/212 129/215/214
f 228/214/213 129/215/214 241/216/215
f 241/216/215 129/215/214 233/217/216
f 241/216/215 233/217/216 234/218/217
f 234/218/217 233/217/216 243/219/218
f 234/218/217 243/219/218 244/220/219
f 244/220/219 243/219/218 249/221/220
f 244/220/219 249/221/220 250/222/221
f 250/222/221 249/221/220 257/223/222
f 250/222/221 257/223/222 206/224/223
f 206/224/223 257/223/222 256/225/224
f 206/224/223 256/225/224 198/226/225
f 198/226/225 256/225/224 265/227/226
f 198/226/225 265/227/226 197/228/227
f 197/228/227 265/227/226 270/229/228
f 197/228/227 270/229/228 196/230/229
f 196/230/229 270/229/228 276/231/230
f 196/230/229 276/231/230 195/232/231
f 195/232/231 276/231/230 275/233/232
f 195/232/231 275/233/232 207/234/233
f 207/234/233 275/233/232 274/235/234
f 207/234/233 274/235/234 284/236/235
f 284/236/235 274/235/234 273/237/236
f 284/236/235 273/237/236 283/238/237
f 283/238/237 273/237/236 272/239/238
f 283/238/237 272/239/238 282/240/239
f 282/240/239 272/239/238 271/241/240
f 282/240/239 271/241/240 281/242/241
f 281/242/241 271/241/240 122/243/242
f 281/242/241 122/243/242 121/244/243
f 129/215/214 128/245/244 233/217/216
f 233/217/216 128/245/244 242/246/245
f 233/217/216 242/246/245 243/219/218
f 243/219/218 242/246/245 248/247/246
f 243/219/218 248/247/246 249/221/220
f 249/221/220 248/247/246 258/248/247
f 249/221/220 258/248/247 257/223/222
f 257/223/222 258/248/247 255/249/248
f 257/223/222 255/249/248 256/225/224
f 256/225/224 255/249/248 265/227/226
f 128/245/244 127/250/249 242/246/245
f 242/246/245 127/250/249 247/251/250
f 242/246/245 247/251/250 248/247/246
f 248/247/246 247/251/250 259/252/251
f 248/247/246 259/252/251 258/248/247
f 258/248/247 259/252/251 254/253/252
f 258/248/247 254/253/252 255/249/248
f 255/249/248 254/253/252 264/254/253
f 255/249/248 264/254/253 265/227/226
f 265/227/226 264/254/253 270/229/228
f 127/250/249 126/255/254 247/251/250
f 247/251/250 126/255/254 260/256/255
f 247/251/250 260/256/255 259/252/251
f 259/252/251 260/256/255 253/257/256
f 259/252/251 253/257/256 254/253/252
f 254/253/252 253/257/256 263/258/257
f 254/253/252 263/258/257 264/254/253
f 264/254/253 263/258/257 269/259/258
f 264/254/253 269/259/258 270/229/228
f 270/229/228 269/259/258 276/231/230
f 260/256/255 126/255/254 252/260/259
f 252/260/259 126/255/254 125/261/260
f 252/260/259 125/261/260 261/262/261
f 261/262/261 125/261/260 124/263/262
f 261/262/261 124/263/262 266/264/263
f 266/264/263 124/263/262 123/265/264
f 266/264/263 123/265/264 280/266/265
f 280/266/265 123/265/264 271/241/240
f 280/266/265 271/241/240 272/239/238
f 123/265/264 122/243/242 271/241/240
f 281/242/241 121/244/243 285/267/266
f 285/267/266 121/244/243 120/268/267
f 285/267/266 120/268/267 298/269/268
f 298/269/268 120/268/267 290/270/269
f 298/269/268 290/270/269 291/271/270
f 291/271/270 290/270/269 300/272/271
f 291/271/270 300/272/271 301/273/272
f 301/273/272 300/272/271 306/274/273
f 301/273/272 306/274/273 307/275/274
f 307/275/274 306/274/273 315/276/275
f 307/275/274 315/276/275 314/277/276
f 314/277/276 315/276/275 313/278/277
f 314/277/276 313/278/277 189/279/278
f 189/279/278 313/278/277 188/280/279
f 188/280/279 313/278/277 323/281/280
f 188/280/279 323/281/280 209/282/281
f 209/282/281 323/281/280 322/283/282
f 209/282/281 322/283/282 327/284/283
f 327/284/283 322/283/282 321/285/284
f 327/284/283 321/285/284 326/286/285
f 326/286/285 321/285/284 320/287/286
f 326/286/285 320/287/286 325/288/287
f 325/288/287 320/287/286 319/289/288
f 325/288/287 319/289/288 324/290/289
f 324/290/289 319/289/288 115/291/290
f 324/290/289 115/291/290 114/292/291
f 120/268/267 119/293/292 290/270/269
f 290/270/269 119/293/292 299/294/293
f 290/270/269 299/294/293 300/272/271
f 300/272/271 299/294/293 305/295/294
f 300/272/271 305/295/294 306/274/273
f 306/274/273 305/295/294 316/296/295
f 306/274/273 316/296/295 315/276/275
f 315/276/275 316/296/295 312/297/296
f 315/276/275 312/297/296 313/278/277
f 313/278/277 312/297/296 323/281/280
f 119/293/292 118/298/297 299/294/293
f 299/294/293 118/298/297 304/299/298
f 299/294/293 304/299/298 305/295/294
f 305/295/294 304/299/298 317/300/299
f 305/295/294 317/300/299 316/296/295
f 316/296/295 317/300/299 311/301/300
f 316/296/295 311/301/300 312/297/296
f 312/297/296 311/301/300 322/283/282
f 312/297/296 322/283/282 323/281/280
f 118/298/297 117/302/301 304/299/298
f 304/299/298 117/302/301 318/303/302
f 304/299/298 318/303/302 317/300/299
f 317/300/299 318/303/302 310/304/303
f 317/300/299 310/304/303 311/301/300
f 311/301/300 310/304/303 321/285/284
f 311/301/300 321/285/284 322/283/282
f 318/303/302 117/302/301 309/305/304
f 309/305/304 117/302/301 116/306/305
f 309/305/304 116/306/305 319/289/288
f 319/289/288 116/306/305 115/291/290
f 113/307/306 328/308/307 114/292/291
f 114/292/291 328/308/307 337/309/308
f 114/292/291 337/309/308 324/290/289
f 324/290/289 337/309/308 336/310/309
f 324/290/289 336/310/309 325/288/287
f 325/288/287 336/310/309 335/311/310
f 325/288/287 335/311/310 326/286/285
f 326/286/285 335/311/310 334/312/311
f 326/286/285 334/312/311 327/284/283
f 327/284/283 334/312/311 333/313/312
f 327/284/283 333/313/312 209/282/281
f 209/282/281 333/313/312 187/314/313
f 209/282/281 187/314/313 188/280/279
f 328/308/307 113/307/306 338/315/314
f 338/315/314 113/307/306 112/316/315
f 338/315/314 112/316/315 343/317/316
f 343/317/316 112/316/315 111/318/317
f 343/317/316 111/318/317 356/319/318
f 356/319/318 111/318/317 347/320/319
f 356/319/318 347/320/319 348/321/320
f 348/321/320 347/320/319 358/322/321
f 348/321/320 358/322/321 359/323/322
f 359/323/322 358/322/321 363/324/323
f 359/323/322 363/324/323 364/325/324
f 364/325/324 363/324/323 372/326/325
f 364/325/324 372/326/325 371/327/326
f 371/327/326 372/326/325 370/328/327
f 371/327/326 370/328/327 180/329/328
f 180/329/328 370/328/327 179/330/329
f 179/330/329 370/328/327 380/331/330
f 179/330/329 380/331/330 178/332/331
f 178/332/331 380/331/330 385/333/332
f 178/332/331 385/333/332 177/334/333
f 177/334/333 385/333/332 390/335/334
f 177/334/333 390/335/334 176/336/335
f 176/336/335 390/335/334 395/337/336
f 176/336/335 395/337/336 212/338/337
f 212/338/337 395/337/336 394/339/338
f 212/338/337 394/339/338 401/340/339
f 401/340/339 394/339/338 393/341/340
f 401/340/339 393/341/340 402/342/341
f 402/342/341 393/341/340 392/343/342
f 402/342/341 392/343/342 403/344/343
f 403/344/343 392/343/342 391/345/344
f 403/344/343 391/345/344 404/346/345
f 404/346/345 391/345/344 103/347/346
f 404/346/345 103/347/346 396/348/347
f 396/348/347 103/347/346 102/349/348
f 396/348/347 102/349/348 405/350/349
f 405/350/349 102/349/348 101/351/350
f 405/350/349 101/351/350 410/352/351
f 410/352/351 101/351/350 100/353/352
f 410/352/351 100/353/352 415/354/353
f 415/354/353 100/353/352 99/355/354
f 415/354/353 99/355/354 420/356/355
f 420/356/355 99/355/354 98/357/356
f 420/356/355 98/357/356 433/358/357
f 433/358/357 98/357/356 425/359/358
f 433/358/357 425/359/358 426/360/359
f 426/360/359 425/359/358 435/361/360
f 426/360/359 435/361/360 436/362/361
f 436/362/361 435/361/360 441/363/362
f 436/362/361 441/363/362 442/364/363
f 442/364/363 441/363/362 447/365/364
f 442/364/363 447/365/364 448/366/365
f 448/366/365 447/365/364 453/367/366
f 448/366/365 453/367/366 166/368/367
f 166/368/367 453/367/366 165/369/368
f 165/369/368 453/367/366 458/370/369
f 165/369/368 458/370/369 164/371/370
f 164/371/370 458/370/369 214/372/371
f 164/371/370 214/372/371 163/373/372
f 163/373/372 214/372/371 467/374/373
f 163/373/372 467/374/373 472/375/374
f 472/375/374 467/374/373 466/376/375
f 472/375/374 466/376/375 471/377/376
f 471/377/376 466/376/375 465/378/377
f 471/377/376 465/378/377 470/379/378
f 470/379/378 465/378/377 464/380/379
f 470/379/378 464/380/379 469/381/380
f 469/381/380 464/380/379 463/382/381
f 469/381/380 463/382/381 468/383/382
f 468/383/382 463/382/381 91/384/383
f 468/383/382 91/384/383 90/385/384
f 111/318/317 110/386/385 347/320/319
f 347/320/319 110/386/385 357/387/386
f 347/320/319 357/387/386 358/322/321
f 358/322/321 357/387/386 362/388/387
f 358/322/321 362/388/387 363/324/323
f 363/324/323 362/388/387 373/389/388
f 363/324/323 373/389/388 372/326/325
f 372/326/325 373/389/388 369/390/389
f 372/326/325 369/390/389 370/328/327
f 370/328/327 369/390/389 380/331/330
f 110/386/385 109/391/390 357/387/386
f 357/387/386 109/391/390 361/392/391
f 357/387/386 361/392/391 362/388/387
f 362/388/387 361/392/391 374/393/392
f 362/388/387 374/393/392 373/389/388
f 373/389/388 374/393/392 368/394/393
f 373/389/388 368/394/393 369/390/389
f 369/390/389 368/394/393 379/395/394
f 369/390/389 379/395/394 380/331/330
f 380/331/330 379/395/394 385/333/332
f 109/391/390 108/396/395 361/392/391
f 361/392/391 108/396/395 375/397/396
f 361/392/391 375/397/396 374/393/392
f 374/393/392 375/397/396 367/398/397
f 374/393/392 367/398/397 368/394/393
f 368/394/393 367/398/397 378/399/398
f 368/394/393 378/399/398 379/395/394
f 379/395/394 378/399/398 384/400/399
f 379/395/394 384/400/399 385/333/332
f 385/333/332 384/400/399 390/335/334
f 375/397/396 108/396/395 366/401/400
f 366/401/400 108/396/395 107/402/401
f 366/401/400 107/402/401 376/403/402
f 376/403/402 107/402/401 106/404/403
f 376/403/402 106/404/403 381/405/404
f 381/405/404 106/404/403 105/406/405
f 381/405/404 105/406/405 386/407/406
f 386/407/406 105/406/405 104/408/407
f 386/407/406 104/408/407 391/345/344
f 391/345/344 104/408/407 103/347/346
f 98/357/356 97/409/408 425/359/358
f 425/359/358 97/409/408 434/410/409
f 425/359/358 434/410/409 435/361/360
f 435/361/360 434/410/409 440/411/410
f 435/361/360 440/411/410 441/363/362
f 441/363/362 440/411/410 446/412/411
f 441/363/362 446/412/411 447/365/364
f 447/365/364 446/412/411 452/413/412
f 447/365/364 452/413/412 453/367/366
f 453/367/366 452/413/412 458/370/369
f 97/409/408 96/414/413 434/410/409
f 434/410/409 96/414/413 439/415/414
f 434/410/409 439/415/414 440/411/410
f 440/411/410 439/415/414 445/416/415
f 440/411/410 445/416/415 446/412/411
f 446/412/411 445/416/415 451/417/416
f 446/412/411 451/417/416 452/413/412
f 452/413/412 451/417/416 459/418/417
f 452/413/412 459/418/417 458/370/369
f 458/370/369 459/418/417 214/372/371
f 96/414/413 95/419/418 439/415/414
f 439/415/414 95/419/418 444/420/419
f 439/415/414 444/420/419 445/416/415
f 445/416/415 444/420/419 450/421/420
f 445/416/415 450/421/420 451/417/416
f 451/417/416 450/421/420 460/422/421
f 451/417/416 460/422/421 459/418/417
f 459/418/417 460/422/421 457/423/422
f 459/418/417 457/423/422 214/372/371
f 214/372/371 457/423/422 467/374/373
f 95/419/418 94/424/423 444/420/419
f 444/420/419 94/424/423 449/425/424
f 444/420/419 449/425/424 450/421/420
f 450/421/420 449/425/424 461/426/425
f 450/421/420 461/426/425 460/422/421
f 460/422/421 461/426/425 456/427/426
f 460/422/421 456/427/426 457/423/422
f 457/423/422 456/427/426 466/376/375
f 457/423/422 466/376/375 467/374/373
f 94/424/423 93/428/427 449/425/424
f 449/425/424 93/428/427 462/429/428
f 449/425/424 462/429/428 461/426/425
f 461/426/425 462/429/428 455/430/429
f 461/426/425 455/430/429 456/427/426
f 456/427/426 455/430/429 465/378/377
f 456/427/426 465/378/377 466/376/375
f 462/429/428 93/428/427 454/431/430
f 454/431/430 93/428/427 92/432/431
f 454/431/430 92/432/431 463/382/381
f 463/382/381 92/432/431 91/384/383
f 468/383/382 90/385/384 473/433/432
f 473/433/432 90/385/384 89/434/433
f 473/433/432 89/434/433 478/435/434
f 478/435/434 89/434/433 88/436/435
f 478/435/434 88/436/435 492/437/436
f 492/437/436 88/436/435 483/438/437
f 492/437/436 483/438/437 484/439/438
f 484/439/438 483/438/437 494/440/439
f 484/439/438 494/440/439 495/441/440
f 495/441/440 494/440/439 499/442/441
f 495/441/440 499/442/441 500/443/442
f 500/443/442 499/442/441 505/444/443
f 500/443/442 505/444/443 506/445/444
f 506/445/444 505/444/443 511/446/445
f 506/445/444 511/446/445 156/447/446
f 156/447/446 511/446/445 155/448/447
f 155/448/447 511/446/445 517/449/448
f 155/448/447 517/449/448 154/450/449
f 154/450/449 517/449/448 516/451/450
f 154/450/449 516/451/450 153/452/451
f 153/452/451 516/451/450 526/453/452
f 153/452/451 526/453/452 152/454/453
f 152/454/453 526/453/452 216/455/454
f 152/454/453 216/455/454 151/456/455
f 151/456/455 216/455/454 535/457/456
f 151/456/455 535/457/456 540/458/457
f 540/458/457 535/457/456 534/459/458
f 540/458/457 534/459/458 539/460/459
f 539/460/459 534/459/458 533/461/460
f 539/460/459 533/461/460 538/462/461
f 538/462/461 533/461/460 532/463/462
f 538/462/461 532/463/462 537/464/463
f 537/464/463 532/463/462 531/465/464
f 537/464/463 531/465/464 536/466/465
f 536/466/465 531/465/464 79/467/466
f 536/466/465 79/467/466 78/468/467
f 88/436/435 87/469/468 483/438/437
f 483/438/437 87/469/468 493/470/469
f 483/438/437 493/470/469 494/440/439
f 494/440/439 493/470/469 498/471/470
f 494/440/439 498/471/470 499/442/441
f 499/442/441 498/471/470 504/472/471
f 499/442/441 504/472/471 505/444/443
f 505/444/443 504/472/471 510/473/472
f 505/444/443 510/473/472 511/446/445
f 511/446/445 510/473/472 517/449/448
f 87/469/468 86/474/473 493/470/469
f 493/470/469 86/474/473 497/475/474
f 493/470/469 497/475/474 498/471/470
f 498/471/470 497/475/474 503/476/475
f 498/471/470 503/476/475 504/472/471
f 504/472/471 503/476/475 509/477/476
f 504/472/471 509/477/476 510/473/472
f 510/473/472 509/477/476 518/478/477
f 510/473/472 518/478/477 517/449/448
f 517/449/448 518/478/477 516/451/450
f 86/474/473 85/479/478 497/475/474
f 497/475/474 85/479/478 502/480/479
f 497/475/474 502/480/479 503/476/475
f 503/476/475 502/480/479 508/481/480
f 503/476/475 508/481/480 509/477/476
f 509/477/476 508/481/480 519/482/481
f 509/477/476 519/482/481 518/478/477
f 518/478/477 519/482/481 515/483/482
f 518/478/477 515/483/482 516/451/450
f 516/451/450 515/483/482 526/453/452
f 85/479/478 84/484/483 502/480/479
f 502/480/479 84/484/483 507/485/484
f 502/480/479 507/485/484 508/481/480
f 508/481/480 507/485/484 520/486/485
f 508/481/480 520/486/485 519/482/481
f 519/482/481 520/486/485 514/487/486
f 519/482/481 514/487/486 515/483/482
f 515/483/482 514/487/486 525/488/487
f 515/483/482 525/488/487 526/453/452
f 526/453/452 525/488/487 216/455/454
f 84/484/483 83/489/488 507/485/484
f 507/485/484 83/489/488 521/490/489
f 507/485/484 521/490/489 520/486/485
f 520/486/485 521/490/489 513/491/490
f 520/486/485 513/491/490 514/487/486
f 514/487/486 513/491/490 524/492/491
f 514/487/486 524/492/491 525/488/487
f 525/488/487 524/492/491 530/493/492
f 525/488/487 530/493/492 216/455/454
f 216/455/454 530/493/492 535/457/456
f 521/490/489 83/489/488 512/494/493
f 512/494/493 83/489/488 82/495/494
f 512/494/493 82/495/494 522/496/495
f 522/496/495 82/495/494 81/497/496
f 522/496/495 81/497/496 527/498/497
f 527/498/497 81/497/496 80/499/498
f 527/498/497 80/499/498 531/465/464
f 531/465/464 80/499/498 79/467/466
f 77/500/499 541/501/500 78/468/467
f 78/468/467 541/501/500 550/502/501
f 78/468/467 550/502/501 536/466/465
f 536/466/465 550/502/501 549/503/502
f 536/466/465 549/503/502 537/464/463
f 537/464/463 549/503/502 548/504/503
f 537/464/463 548/504/503 538/462/461
f 538/462/461 548/504/503 547/505/504
f 538/462/461 547/505/504 539/460/459
f 539/460/459 547/505/504 546/506/505
f 539/460/459 546/506/505 540/458/457
f 540/458/457 546/506/505 150/507/506
f 540/458/457 150/507/506 151/456/455
f 541/501/500 77/500/499 551/508/507
f 551/508/507 77/500/499 76/509/508
f 551/508/507 76/509/508 556/510/509
f 556/510/509 76/509/508 75/511/510
f 556/510/509 75/511/510 561/512/511
f 561/512/511 75/511/510 74/513/512
f 561/512/511 74/513/512 565/514/513
f 565/514/513 74/513/512 73/515/514
f 565/514/513 73/515/514 579/516/515
f 579/516/515 73/515/514 570/517/516
f 579/516/515 570/517/516 571/518/517
f 571/518/517 570/517/516 581/519/518
f 571/518/517 581/519/518 582/520/519
f 582/520/519 581/519/518 587/521/520
f 582/520/519 587/521/520 588/522/521
f 588/522/521 587/521/520 593/523/522
f 588/522/521 593/523/522 594/524/523
f 594/524/523 593/523/522 599/525/524
f 594/524/523 599/525/524 140/526/525
f 140/526/525 599/525/524 133/527/197
f 133/527/197 599/525/524 134/528/199
f 134/528/199 599/525/524 598/529/526
f 134/528/199 598/529/526 135/530/201
f 135/530/201 598/529/526 597/531/527
f 135/530/201 597/531/527 136/532/203
f 136/532/203 597/531/527 596/533/528
f 136/532/203 596/533/528 137/534/205
f 137/534/205 596/533/528 138/535/206
f 138/535/206 596/533/528 595/536/529
f 138/535/206 595/536/529 139/537/208
f 139/537/208 595/536/529 69/538/530
f 139/537/208 69/538/530 68/539/210
f 73/515/514 72/540/531 570/517/516
f 570/517/516 72/540/531 580/541/532
f 570/517/516 580/541/532 581/519/518
f 581/519/518 580/541/532 586/542/533
f 581/519/518 586/542/533 587/521/520
f 587/521/520 586/542/533 592/543/534
f 587/521/520 592/543/534 593/523/522
f 593/523/522 592/543/534 598/529/526
f 593/523/522 598/529/526 599/525/524
f 72/540/531 71/544/535 580/541/532
f 580/541/532 71/544/535 585/545/536
f 580/541/532 585/545/536 586/542/533
f 586/542/533 585/545/536 591/546/537
f 586/542/533 591/546/537 592/543/534
f 592/543/534 591/546/537 597/531/527
f 592/543/534 597/531/527 598/529/526
f 71/544/535 70/547/538 585/545/536
f 585/545/536 70/547/538 590/548/539
f 585/545/536 590/548/539 591/546/537
f 591/546/537 590/548/539 596/533/528
f 591/546/537 596/533/528 597/531/527
f 70/547/538 69/538/530 590/548/539
f 590/548/539 69/538/530 595/536/529
f 590/548/539 595/536/529 596/533/528
f 140/526/525 141/549/540 594/524/523
f 594/524/523 141/549/540 589/550/541
f 594/524/523 589/550/541 588/522/521
f 588/522/521 589/550/541 583/551/542
f 588/522/521 583/551/542 582/520/519
f 582/520/519 583/551/542 572/552/543
f 582/520/519 572/552/543 571/518/517
f 571/518/517 572/552/543 578/553/544
f 571/518/517 578/553/544 579/516/515
f 579/516/515 578/553/544 565/514/513
f 141/549/540 142/554/545 589/550/541
f 589/550/541 142/554/545 584/555/546
f 589/550/541 584/555/546 583/551/542
f 583/551/542 584/555/546 573/556/547
f 583/551/542 573/556/547 572/552/543
f 572/552/543 573/556/547 577/557/548
f 572/552/543 577/557/548 578/553/544
f 578/553/544 577/557/548 566/558/549
f 578/553/544 566/558/549 565/514/513
f 565/514/513 566/558/549 561/512/511
f 142/554/545 143/559/550 584/555/546
f 584/555/546 143/559/550 574/560/551
f 584/555/546 574/560/551 573/556/547
f 573/556/547 574/560/551 576/561/552
f 573/556/547 576/561/552 577/557/548
f 577/557/548 576/561/552 567/562/553
f 577/557/548 567/562/553 566/558/549
f 566/558/549 567/562/553 562/563/554
f 566/558/549 562/563/554 561/512/511
f 561/512/511 562/563/554 556/510/509
f 143/559/550 144/564/555 574/560/551
f 574/560/551 144/564/555 575/565/556
f 574/560/551 575/565/556 576/561/552
f 576/561/552 575/565/556 568/566/557
f 576/561/552 568/566/557 567/562/553
f 567/562/553 568/566/557 563/567/558
f 567/562/553 563/567/558 562/563/554
f 562/563/554 563/567/558 557/568/559
f 562/563/554 557/568/559 556/510/509
f 556/510/509 557/568/559 551/508/507
f 144/564/555 145/569/560 575/565/556
f 575/565/556 145/569/560 569/570/561
f 575/565/556 569/570/561 568/566/557
f 568/566/557 569/570/561 564/571/562
f 568/566/557 564/571/562 563/567/558
f 563/567/558 564/571/562 558/572/563
f 563/567/558 558/572/563 557/568/559
f 557/568/559 558/572/563 552/573/564
f 557/568/559 552/573/564 551/508/507
f 551/508/507 552/573/564 541/501/500
f 569/570/561 145/569/560 217/574/565
f 217/574/565 145/569/560 146/575/566
f 217/574/565 146/575/566 560/576/567
f 560/576/567 146/575/566 147/577/568
f 560/576/567 147/577/568 555/578/569
f 555/578/569 147/577/568 148/579/570
f 555/578/569 148/579/570 545/580/571
f 545/580/571 148/579/570 149/581/572
f 545/580/571 149/581/572 546/506/505
f 546/506/505 149/581/572 150/507/506
f 156/447/446 157/582/573 506/445/444
f 506/445/444 157/582/573 501/583/574
f 506/445/444 501/583/574 500/443/442
f 500/443/442 501/583/574 496/584/575
f 500/443/442 496/584/575 495/441/440
f 495/441/440 496/584/575 485/585/576
f 495/441/440 485/585/576 484/439/438
f 484/439/438 485/585/576 491/586/577
f 484/439/438 491/586/577 492/437/436
f 492/437/436 491/586/577 478/435/434
f 501/583/574 157/582/573 215/587/578
f 215/587/578 157/582/573 158/588/579
f 215/587/578 158/588/579 487/589/580
f 487/589/580 158/588/579 159/590/581
f 487/589/580 159/590/581 488/591/582
f 488/591/582 159/590/581 160/592/583
f 488/591/582 160/592/583 482/593/584
f 482/593/584 160/592/583 161/594/585
f 482/593/584 161/594/585 477/595/586
f 477/595/586 161/594/585 162/596/587
f 477/595/586 162/596/587 472/375/374
f 472/375/374 162/596/587 163/373/372
f 166/368/367 167/597/588 448/366/365
f 448/366/365 167/597/588 443/598/589
f 448/366/365 443/598/589 442/364/363
f 442/364/363 443/598/589 437/599/590
f 442/364/363 437/599/590 436/362/361
f 436/362/361 437/599/590 427/600/591
f 436/362/361 427/600/591 426/360/359
f 426/360/359 427/600/591 432/601/592
f 426/360/359 432/601/592 433/358/357
f 433/358/357 432/601/592 420/356/355
f 167/597/588 168/602/593 443/598/589
f 443/598/589 168/602/593 438/603/594
f 443/598/589 438/603/594 437/599/590
f 437/599/590 438/603/594 428/604/595
f 437/599/590 428/604/595 427/600/591
f 427/600/591 428/604/595 431/605/596
f 427/600/591 431/605/596 432/601/592
f 432/601/592 431/605/596 421/606/597
f 432/601/592 421/606/597 420/356/355
f 420/356/355 421/606/597 415/354/353
f 168/602/593 169/607/598 438/603/594
f 438/603/594 169/607/598 213/608/599
f 438/603/594 213/608/599 428/604/595
f 428/604/595 213/608/599 430/609/600
f 428/604/595 430/609/600 431/605/596
f 431/605/596 430/609/600 422/610/601
f 431/605/596 422/610/601 421/606/597
f 421/606/597 422/610/601 416/611/602
f 421/606/597 416/611/602 415/354/353
f 415/354/353 416/611/602 410/352/351
f 169/607/598 170/612/603 213/608/599
f 213/608/599 170/612/603 429/613/604
f 213/608/599 429/613/604 430/609/600
f 430/609/600 429/613/604 423/614/605
f 430/609/600 423/614/605 422/610/601
f 422/610/601 423/614/605 417/615/606
f 422/610/601 417/615/606 416/611/602
f 416/611/602 417/615/606 411/616/607
f 416/611/602 411/616/607 410/352/351
f 410/352/351 411/616/607 405/350/349
f 429/613/604 170/612/603 424/617/608
f 424/617/608 170/612/603 171/618/609
f 424/617/608 171/618/609 419/619/610
f 419/619/610 171/618/609 172/620/611
f 419/619/610 172/620/611 414/621/612
f 414/621/612 172/620/611 173/622/613
f 414/621/612 173/622/613 409/623/614
f 409/623/614 173/622/613 174/624/615
f 409/623/614 174/624/615 400/625/616
f 400/625/616 174/624/615 175/626/617
f 400/625/616 175/626/617 212/338/337
f 212/338/337 175/626/617 176/336/335
f 180/329/328 181/627/618 371/327/326
f 371/327/326 181/627/618 365/628/619
f 371/327/326 365/628/619 364/325/324
f 364/325/324 365/628/619 360/629/620
f 364/325/324 360/629/620 359/323/322
f 359/323/322 360/629/620 349/630/621
f 359/323/322 349/630/621 348/321/320
f 348/321/320 349/630/621 355/631/622
f 348/321/320 355/631/622 356/319/318
f 356/319/318 355/631/622 343/317/316
f 365/628/619 181/627/618 211/632/623
f 211/632/623 181/627/618 182/633/624
f 211/632/623 182/633/624 351/634/625
f 351/634/625 182/633/624 183/635/626
f 351/634/625 183/635/626 352/636/627
f 352/636/627 183/635/626 184/637/628
f 352/636/627 184/637/628 210/638/629
f 210/638/629 184/637/628 185/639/630
f 210/638/629 185/639/630 342/640/631
f 342/640/631 185/639/630 332/641/632
f 342/640/631 332/641/632 331/642/633
f 331/642/633 332/641/632 334/312/311
f 331/642/633 334/312/311 335/311/310
f 185/639/630 186/643/634 332/641/632
f 332/641/632 186/643/634 333/313/312
f 332/641/632 333/313/312 334/312/311
f 186/643/634 187/314/313 333/313/312
f 189/279/278 190/644/635 314/277/276
f 314/277/276 190/644/635 308/645/636
f 314/277/276 308/645/636 307/275/274
f 307/275/274 308/645/636 302/646/637
f 307/275/274 302/646/637 301/273/272
f 301/273/272 302/646/637 292/647/638
f 301/273/272 292/647/638 291/271/270
f 291/271/270 292/647/638 297/648/639
f 291/271/270 297/648/639 298/269/268
f 298/269/268 297/648/639 285/267/266
f 190/644/635 191/649/640 308/645/636
f 308/645/636 191/649/640 303/650/641
f 308/645/636 303/650/641 302/646/637
f 302/646/637 303/650/641 293/651/642
f 302/646/637 293/651/642 292/647/638
f 292/647/638 293/651/642 296/652/643
f 292/647/638 296/652/643 297/648/639
f 297/648/639 296/652/643 286/653/644
f 297/648/639 286/653/644 285/267/266
f 285/267/266 286/653/644 281/242/241
f 303/650/641 191/649/640 208/654/645
f 208/654/645 191/649/640 192/655/646
f 208/654/645 192/655/646 294/656/647
f 294/656/647 192/655/646 193/657/648
f 294/656/647 193/657/648 289/658/649
f 289/658/649 193/657/648 194/659/650
f 289/658/649 194/659/650 207/234/233
f 207/234/233 194/659/650 195/232/231
f 198/226/225 199/660/651 206/224/223
f 206/224/223 199/660/651 251/661/652
f 206/224/223 251/661/652 250/222/221
f 250/222/221 251/661/652 245/662/653
f 250/222/221 245/662/653 244/220/219
f 244/220/219 245/662/653 235/663/654
f 244/220/219 235/663/654 234/218/217
f 234/218/217 235/663/654 240/664/655
f 234/218/217 240/664/655 241/216/215
f 241/216/215 240/664/655 228/214/213
f 199/660/651 200/665/656 251/661/652
f 251/661/652 200/665/656 246/666/657
f 251/661/652 246/666/657 245/662/653
f 245/662/653 246/666/657 236/667/658
f 245/662/653 236/667/658 235/663/654
f 235/663/654 236/667/658 239/668/659
f 235/663/654 239/668/659 240/664/655
f 240/664/655 239/668/659 229/669/660
f 240/664/655 229/669/660 228/214/213
f 228/214/213 229/669/660 223/212/211
f 200/665/656 201/670/661 246/666/657
f 246/666/657 201/670/661 205/671/662
f 246/666/657 205/671/662 236/667/658
f 236/667/658 205/671/662 238/672/663
f 236/667/658 238/672/663 239/668/659
f 239/668/659 238/672/663 230/673/664
f 239/668/659 230/673/664 229/669/660
f 229/669/660 230/673/664 224/674/665
f 229/669/660 224/674/665 223/212/211
f 223/212/211 224/674/665 218/208/207
f 201/670/661 202/675/666 205/671/662
f 205/671/662 202/675/666 237/676/667
f 205/671/662 237/676/667 238/672/663
f 238/672/663 237/676/667 231/677/668
f 238/672/663 231/677/668 230/673/664
f 230/673/664 231/677/668 225/678/669
f 230/673/664 225/678/669 224/674/665
f 224/674/665 225/678/669 219/205/204
f 224/674/665 219/205/204 218/208/207
f 237/676/667 202/675/666 232/679/670
f 232/679/670 202/675/666 203/680/671
f 232/679/670 203/680/671 227/681/672
f 227/681/672 203/680/671 204/197/196
f 227/681/672 204/197/196 222/199/198
f 219/205/204 225/678/669 220/203/202
f 220/203/202 225/678/669 226/682/673
f 220/203/202 226/682/673 221/201/200
f 221/201/200 226/682/673 227/681/672
f 221/201/200 227/681/672 222/199/198
f 232/679/670 227/681/672 226/682/673
f 232/679/670 226/682/673 231/677/668
f 231/677/668 226/682/673 225/678/669
f 237/676/667 232/679/670 231/677/668
f 260/256/255 252/260/259 253/257/256
f 253/257/256 252/260/259 262/683/674
f 253/257/256 262/683/674 263/258/257
f 263/258/257 262/683/674 268/684/675
f 263/258/257 268/684/675 269/259/258
f 269/259/258 268/684/675 277/685/676
f 269/259/258 277/685/676 276/231/230
f 276/231/230 277/685/676 275/233/232
f 252/260/259 261/262/261 262/683/674
f 262/683/674 261/262/261 267/686/677
f 262/683/674 267/686/677 268/684/675
f 268/684/675 267/686/677 278/687/678
f 268/684/675 278/687/678 277/685/676
f 277/685/676 278/687/678 274/235/234
f 277/685/676 274/235/234 275/233/232
f 261/262/261 266/264/263 267/686/677
f 267/686/677 266/264/263 279/688/679
f 267/686/677 279/688/679 278/687/678
f 278/687/678 279/688/679 273/237/236
f 278/687/678 273/237/236 274/235/234
f 280/266/265 272/239/238 279/688/679
f 279/688/679 272/239/238 273/237/236
f 266/264/263 280/266/265 279/688/679
f 281/242/241 286/653/644 282/240/239
f 282/240/239 286/653/644 287/689/680
f 282/240/239 287/689/680 283/238/237
f 283/238/237 287/689/680 288/690/681
f 283/238/237 288/690/681 284/236/235
f 284/236/235 288/690/681 289/658/649
f 284/236/235 289/658/649 207/234/233
f 286/653/644 296/652/643 287/689/680
f 287/689/680 296/652/643 295/691/682
f 287/689/680 295/691/682 288/690/681
f 288/690/681 295/691/682 294/656/647
f 288/690/681 294/656/647 289/658/649
f 295/691/682 296/652/643 293/651/642
f 294/656/647 295/691/682 208/654/645
f 208/654/645 295/691/682 293/651/642
f 208/654/645 293/651/642 303/650/641
f 318/303/302 309/305/304 310/304/303
f 310/304/303 309/305/304 320/287/286
f 310/304/303 320/287/286 321/285/284
f 319/289/288 320/287/286 309/305/304
f 336/310/309 337/309/308 329/692/683
f 329/692/683 337/309/308 328/308/307
f 329/692/683 328/308/307 339/693/684
f 339/693/684 328/308/307 338/315/314
f 339/693/684 338/315/314 344/694/685
f 344/694/685 338/315/314 343/317/316
f 344/694/685 343/317/316 355/631/622
f 335/311/310 336/310/309 330/695/686
f 330/695/686 336/310/309 329/692/683
f 330/695/686 329/692/683 340/696/687
f 340/696/687 329/692/683 339/693/684
f 340/696/687 339/693/684 345/697/688
f 345/697/688 339/693/684 344/694/685
f 345/697/688 344/694/685 354/698/689
f 354/698/689 344/694/685 355/631/622
f 354/698/689 355/631/622 349/630/621
f 335/311/310 330/695/686 331/642/633
f 331/642/633 330/695/686 341/699/690
f 331/642/633 341/699/690 342/640/631
f 342/640/631 341/699/690 210/638/629
f 341/699/690 330/695/686 340/696/687
f 341/699/690 340/696/687 346/700/691
f 346/700/691 340/696/687 345/697/688
f 346/700/691 345/697/688 353/701/692
f 353/701/692 345/697/688 354/698/689
f 353/701/692 354/698/689 350/702/693
f 350/702/693 354/698/689 349/630/621
f 350/702/693 349/630/621 360/629/620
f 352/636/627 210/638/629 346/700/691
f 346/700/691 210/638/629 341/699/690
f 352/636/627 346/700/691 353/701/692
f 352/636/627 353/701/692 351/634/625
f 351/634/625 353/701/692 350/702/693
f 351/634/625 350/702/693 211/632/623
f 211/632/623 350/702/693 360/629/620
f 211/632/623 360/629/620 365/628/619
f 375/397/396 366/401/400 367/398/397
f 367/398/397 366/401/400 377/703/694
f 367/398/397 377/703/694 378/399/398
f 378/399/398 377/703/694 383/704/695
f 378/399/398 383/704/695 384/400/399
f 384/400/399 383/704/695 389/705/696
f 384/400/399 389/705/696 390/335/334
f 390/335/334 389/705/696 395/337/336
f 366/401/400 376/403/402 377/703/694
f 377/703/694 376/403/402 382/706/697
f 377/703/694 382/706/697 383/704/695
f 383/704/695 382/706/697 388/707/698
f 383/704/695 388/707/698 389/705/696
f 389/705/696 388/707/698 394/339/338
f 389/705/696 394/339/338 395/337/336
f 376/403/402 381/405/404 382/706/697
f 382/706/697 381/405/404 387/708/699
f 382/706/697 387/708/699 388/707/698
f 388/707/698 387/708/699 393/341/340
f 388/707/698 393/341/340 394/339/338
f 381/405/404 386/407/406 387/708/699
f 387/708/699 386/407/406 392/343/342
f 387/708/699 392/343/342 393/341/340
f 391/345/344 392/343/342 386/407/406
f 403/344/343 404/346/345 397/709/700
f 397/709/700 404/346/345 396/348/347
f 397/709/700 396/348/347 406/710/701
f 406/710/701 396/348/347 405/350/349
f 406/710/701 405/350/349 411/616/607
f 402/342/341 403/344/343 398/711/702
f 398/711/702 403/344/343 397/709/700
f 398/711/702 397/709/700 407/712/703
f 407/712/703 397/709/700 406/710/701
f 407/712/703 406/710/701 412/713/704
f 412/713/704 406/710/701 411/616/607
f 412/713/704 411/616/607 417/615/606
f 401/340/339 402/342/341 399/714/705
f 399/714/705 402/342/341 398/711/702
f 399/714/705 398/711/702 408/715/706
f 408/715/706 398/711/702 407/712/703
f 408/715/706 407/712/703 413/716/707
f 413/716/707 407/712/703 412/713/704
f 413/716/707 412/713/704 418/717/708
f 418/717/708 412/713/704 417/615/606
f 418/717/708 417/615/606 423/614/605
f 212/338/337 401/340/339 400/625/616
f 400/625/616 401/340/339 399/714/705
f 400/625/616 399/714/705 409/623/614
f 409/623/614 399/714/705 408/715/706
f 409/623/614 408/715/706 414/621/612
f 414/621/612 408/715/706 413/716/707
f 414/621/612 413/716/707 419/619/610
f 419/619/610 413/716/707 418/717/708
f 419/619/610 418/717/708 424/617/608
f 424/617/608 418/717/708 423/614/605
f 424/617/608 423/614/605 429/613/604
f 462/429/428 454/431/430 455/430/429
f 455/430/429 454/431/430 464/380/379
f 455/430/429 464/380/379 465/378/377
f 463/382/381 464/380/379 454/431/430
f 469/381/380 468/383/382 474/718/709
f 474/718/709 468/383/382 473/433/432
f 474/718/709 473/433/432 479/719/710
f 479/719/710 473/433/432 478/435/434
f 479/719/710 478/435/434 491/586/577
f 470/379/378 469/381/380 475/720/711
f 475/720/711 469/381/380 474/718/709
f 475/720/711 474/718/709 480/721/712
f 480/721/712 474/718/709 479/719/710
f 480/721/712 479/719/710 490/722/713
f 490/722/713 479/719/710 491/586/577
f 490/722/713 491/586/577 485/585/576
f 477/595/586 472/375/374 471/377/376
f 471/377/376 470/379/378 476/723/714
f 476/723/714 470/379/378 475/720/711
f 476/723/714 475/720/711 481/724/715
f 481/724/715 475/720/711 480/721/712
f 481/724/715 480/721/712 489/725/716
f 489/725/716 480/721/712 490/722/713
f 489/725/716 490/722/713 486/726/717
f 486/726/717 490/722/713 485/585/576
f 486/726/717 485/585/576 496/584/575
f 482/593/584 477/595/586 476/723/714
f 476/723/714 477/595/586 471/377/376
f 482/593/584 476/723/714 481/724/715
f 488/591/582 482/593/584 481/724/715
f 488/591/582 481/724/715 489/725/716
f 488/591/582 489/725/716 487/589/580
f 487/589/580 489/725/716 486/726/717
f 487/589/580 486/726/717 215/587/578
f 215/587/578 486/726/717 496/584/575
f 215/587/578 496/584/575 501/583/574
f 521/490/489 512/494/493 513/491/490
f 513/491/490 512/494/493 523/727/718
f 513/491/490 523/727/718 524/492/491
f 524/492/491 523/727/718 529/728/719
f 524/492/491 529/728/719 530/493/492
f 530/493/492 529/728/719 534/459/458
f 530/493/492 534/459/458 535/457/456
f 512/494/493 522/496/495 523/727/718
f 523/727/718 522/496/495 528/729/720
f 523/727/718 528/729/720 529/728/719
f 529/728/719 528/729/720 533/461/460
f 529/728/719 533/461/460 534/459/458
f 522/496/495 527/498/497 528/729/720
f 528/729/720 527/498/497 532/463/462
f 528/729/720 532/463/462 533/461/460
f 531/465/464 532/463/462 527/498/497
f 549/503/502 550/502/501 542/730/721
f 542/730/721 550/502/501 541/501/500
f 542/730/721 541/501/500 552/573/564
f 548/504/503 549/503/502 543/731/722
f 543/731/722 549/503/502 542/730/721
f 543/731/722 542/730/721 553/732/723
f 553/732/723 542/730/721 552/573/564
f 553/732/723 552/573/564 558/572/563
f 547/505/504 548/504/503 544/733/724
f 544/733/724 548/504/503 543/731/722
f 544/733/724 543/731/722 554/734/725
f 554/734/725 543/731/722 553/732/723
f 554/734/725 553/732/723 559/735/726
f 559/735/726 553/732/723 558/572/563
f 559/735/726 558/572/563 564/571/562
f 546/506/505 547/505/504 545/580/571
f 545/580/571 547/505/504 544/733/724
f 545/580/571 544/733/724 555/578/569
f 555/578/569 544/733/724 554/734/725
f 555/578/569 554/734/725 560/576/567
f 560/576/567 554/734/725 559/735/726
f 560/576/567 559/735/726 217/574/565
f 217/574/565 559/735/726 564/571/562
f 217/574/565 564/571/562 569/570/561
f 2/736/727 1/737/728 628/738/729
f 628/738/729 1/737/728 600/739/730
f 628/738/729 600/739/730 627/740/731
f 627/740/731 600/739/730 133/741/732
f 627/740/731 133/741/732 204/742/733
f 627/740/731 204/742/733 629/743/734
f 629/743/734 204/742/733 203/744/735
f 629/743/734 203/744/735 631/745/736
f 631/745/736 203/744/735 202/746/737
f 631/745/736 202/746/737 633/747/738
f 633/747/738 202/746/737 602/748/739
f 633/747/738 602/748/739 636/749/740
f 636/749/740 602/748/739 635/750/741
f 636/749/740 635/750/741 5/751/742
f 5/751/742 635/750/741 6/752/743
f 6/752/743 635/750/741 638/753/744
f 6/752/743 638/753/744 7/754/745
f 7/754/745 638/753/744 639/755/746
f 7/754/745 639/755/746 8/756/747
f 8/756/747 639/755/746 641/757/748
f 8/756/747 641/757/748 603/758/749
f 603/758/749 641/757/748 642/759/750
f 603/758/749 642/759/750 640/760/751
f 640/760/751 642/759/750 198/761/752
f 640/760/751 198/761/752 197/762/753
f 202/746/737 201/763/754 602/748/739
f 602/748/739 201/763/754 634/764/755
f 602/748/739 634/764/755 635/750/741
f 635/750/741 634/764/755 638/753/744
f 201/763/754 200/765/756 634/764/755
f 634/764/755 200/765/756 637/766/757
f 634/764/755 637/766/757 638/753/744
f 638/753/744 637/766/757 639/755/746
f 200/765/756 199/767/758 637/766/757
f 637/766/757 199/767/758 604/768/759
f 637/766/757 604/768/759 639/755/746
f 639/755/746 604/768/759 641/757/748
f 199/767/758 198/761/752 604/768/759
f 604/768/759 198/761/752 642/759/750
f 604/768/759 642/759/750 641/757/748
f 640/760/751 197/762/753 643/769/760
f 643/769/760 197/762/753 196/770/761
f 643/769/760 196/770/761 645/771/762
f 645/771/762 196/770/761 195/772/763
f 645/771/762 195/772/763 647/773/764
f 647/773/764 195/772/763 606/774/765
f 647/773/764 606/774/765 605/775/766
f 605/775/766 606/774/765 650/776/767
f 605/775/766 650/776/767 12/777/768
f 12/777/768 650/776/767 649/778/769
f 12/777/768 649/778/769 13/779/770
f 13/779/770 649/778/769 652/780/771
f 13/779/770 652/780/771 14/781/772
f 14/781/772 652/780/771 653/782/773
f 14/781/772 653/782/773 15/783/774
f 15/783/774 653/782/773 607/784/775
f 15/783/774 607/784/775 16/785/776
f 16/785/776 607/784/775 655/786/777
f 16/785/776 655/786/777 658/787/778
f 658/787/778 655/786/777 654/788/779
f 658/787/778 654/788/779 657/789/780
f 657/789/780 654/788/779 190/790/781
f 657/789/780 190/790/781 189/791/782
f 195/772/763 194/792/783 606/774/765
f 606/774/765 194/792/783 648/793/784
f 606/774/765 648/793/784 650/776/767
f 650/776/767 648/793/784 649/778/769
f 194/792/783 193/794/785 648/793/784
f 648/793/784 193/794/785 651/795/786
f 648/793/784 651/795/786 652/780/771
f 652/780/771 651/795/786 653/782/773
f 193/794/785 192/796/787 651/795/786
f 651/795/786 192/796/787 608/797/788
f 651/795/786 608/797/788 653/782/773
f 653/782/773 608/797/788 607/784/775
f 192/796/787 191/798/789 608/797/788
f 608/797/788 191/798/789 656/799/790
f 608/797/788 656/799/790 607/784/775
f 607/784/775 656/799/790 655/786/777
f 656/799/790 191/798/789 654/788/779
f 654/788/779 191/798/789 190/790/781
f 657/789/780 189/791/782 659/800/791
f 659/800/791 189/791/782 188/801/792
f 659/800/791 188/801/792 661/802/793
f 661/802/793 188/801/792 610/803/794
f 661/802/793 610/803/794 664/804/795
f 664/804/795 610/803/794 609/805/796
f 664/804/795 609/805/796 19/806/797
f 19/806/797 609/805/796 20/807/798
f 20/807/798 609/805/796 666/808/799
f 20/807/798 666/808/799 21/809/800
f 21/809/800 666/808/799 668/810/801
f 21/809/800 668/810/801 22/811/802
f 22/811/802 668/810/801 611/812/803
f 22/811/802 611/812/803 23/813/804
f 23/813/804 611/812/803 670/814/805
f 23/813/804 670/814/805 672/815/806
f 672/815/806 670/814/805 669/816/807
f 672/815/806 669/816/807 671/817/808
f 671/817/808 669/816/807 183/818/809
f 671/817/808 183/818/809 182/819/810
f 188/801/792 187/820/811 610/803/794
f 610/803/794 187/820/811 663/821/812
f 610/803/794 663/821/812 609/805/796
f 609/805/796 663/821/812 666/808/799
f 187/820/811 186/822/813 663/821/812
f 663/821/812 186/822/813 665/823/814
f 663/821/812 665/823/814 666/808/799
f 666/808/799 665/823/814 668/810/801
f 186/822/813 185/824/815 665/823/814
f 665/823/814 185/824/815 667/825/816
f 665/823/814 667/825/816 668/810/801
f 668/810/801 667/825/816 611/812/803
f 667/825/816 185/824/815 612/826/817
f 612/826/817 185/824/815 184/827/818
f 612/826/817 184/827/818 669/816/807
f 669/816/807 184/827/818 183/818/809
f 671/817/808 182/819/810 613/828/819
f 613/828/819 182/819/810 181/829/820
f 613/828/819 181/829/820 676/830/821
f 676/830/821 181/829/820 674/831/822
f 676/830/821 674/831/822 614/832/823
f 614/832/823 674/831/822 615/833/824
f 614/832/823 615/833/824 677/834/825
f 677/834/825 615/833/824 678/835/826
f 677/834/825 678/835/826 679/836/827
f 679/836/827 678/835/826 681/837/828
f 679/836/827 681/837/828 28/838/829
f 28/838/829 681/837/828 29/839/830
f 29/839/830 681/837/828 683/840/831
f 29/839/830 683/840/831 30/841/832
f 30/841/832 683/840/831 685/842/833
f 30/841/832 685/842/833 31/843/834
f 31/843/834 685/842/833 688/844/835
f 31/843/834 688/844/835 32/845/836
f 32/845/836 688/844/835 687/846/837
f 32/845/836 687/846/837 33/847/838
f 33/847/838 687/846/837 617/848/839
f 33/847/838 617/848/839 34/849/840
f 34/849/840 617/848/839 691/850/841
f 34/849/840 691/850/841 693/851/842
f 693/851/842 691/850/841 690/852/843
f 693/851/842 690/852/843 692/853/844
f 692/853/844 690/852/843 172/854/845
f 692/853/844 172/854/845 171/855/846
f 181/829/820 180/856/847 674/831/822
f 674/831/822 180/856/847 615/833/824
f 180/856/847 179/857/848 615/833/824
f 615/833/824 179/857/848 678/835/826
f 179/857/848 178/858/849 678/835/826
f 678/835/826 178/858/849 680/859/850
f 678/835/826 680/859/850 681/837/828
f 681/837/828 680/859/850 683/840/831
f 178/858/849 177/860/851 680/859/850
f 680/859/850 177/860/851 682/861/852
f 680/859/850 682/861/852 683/840/831
f 683/840/831 682/861/852 685/842/833
f 177/860/851 176/862/853 682/861/852
f 682/861/852 176/862/853 684/863/854
f 682/861/852 684/863/854 685/842/833
f 685/842/833 684/863/854 688/844/835
f 684/863/854 176/862/853 616/864/855
f 616/864/855 176/862/853 175/865/856
f 616/864/855 175/865/856 686/866/857
f 686/866/857 175/865/856 174/867/858
f 686/866/857 174/867/858 689/868/859
f 689/868/859 174/867/858 173/869/860
f 689/868/859 173/869/860 690/852/843
f 690/852/843 173/869/860 172/854/845
f 692/853/844 171/855/846 694/870/861
f 694/870/861 171/855/846 170/871/862
f 694/870/861 170/871/862 696/872/863
f 696/872/863 170/871/862 618/873/864
f 696/872/863 618/873/864 700/874/865
f 700/874/865 618/873/864 699/875/866
f 700/874/865 699/875/866 38/876/867
f 38/876/867 699/875/866 39/877/868
f 39/877/868 699/875/866 702/878/869
f 39/877/868 702/878/869 40/879/870
f 40/879/870 702/878/869 619/880/871
f 40/879/870 619/880/871 41/881/872
f 41/881/872 619/880/871 705/882/873
f 41/881/872 705/882/873 707/883/874
f 707/883/874 705/882/873 704/884/875
f 707/883/874 704/884/875 706/885/876
f 706/885/876 704/884/875 165/886/877
f 706/885/876 165/886/877 164/887/878
f 170/871/862 169/888/879 618/873/864
f 618/873/864 169/888/879 698/889/880
f 618/873/864 698/889/880 699/875/866
f 699/875/866 698/889/880 702/878/869
f 169/888/879 168/890/881 698/889/880
f 698/889/880 168/890/881 701/891/882
f 698/889/880 701/891/882 702/878/869
f 702/878/869 701/891/882 619/880/871
f 168/890/881 167/892/883 701/891/882
f 701/891/882 167/892/883 703/893/884
f 701/891/882 703/893/884 619/880/871
f 619/880/871 703/893/884 705/882/873
f 167/892/883 166/894/885 703/893/884
f 703/893/884 166/894/885 704/884/875
f 703/893/884 704/884/875 705/882/873
f 166/894/885 165/886/877 704/884/875
f 706/885/876 164/887/878 620/895/886
f 620/895/886 164/887/878 163/896/887
f 620/895/886 163/896/887 712/897/888
f 712/897/888 163/896/887 709/898/889
f 712/897/888 709/898/889 710/899/890
f 710/899/890 709/898/889 714/900/891
f 710/899/890 714/900/891 45/901/892
f 45/901/892 714/900/891 46/902/893
f 46/902/893 714/900/891 716/903/894
f 46/902/893 716/903/894 47/904/895
f 47/904/895 716/903/894 718/905/896
f 47/904/895 718/905/896 621/906/897
f 621/906/897 718/905/896 717/907/898
f 621/906/897 717/907/898 719/908/899
f 719/908/899 717/907/898 159/909/900
f 719/908/899 159/909/900 158/910/901
f 163/896/887 162/911/902 709/898/889
f 709/898/889 162/911/902 713/912/903
f 709/898/889 713/912/903 714/900/891
f 714/900/891 713/912/903 716/903/894
f 162/911/902 161/913/904 713/912/903
f 713/912/903 161/913/904 715/914/905
f 713/912/903 715/914/905 716/903/894
f 716/903/894 715/914/905 718/905/896
f 161/913/904 160/915/906 715/914/905
f 715/914/905 160/915/906 717/907/898
f 715/914/905 717/907/898 718/905/896
f 160/915/906 159/909/900 717/907/898
f 719/908/899 158/910/901 622/916/907
f 622/916/907 158/910/901 157/917/908
f 622/916/907 157/917/908 724/918/909
f 724/918/909 157/917/908 721/919/910
f 724/918/909 721/919/910 722/920/911
f 722/920/911 721/919/910 726/921/912
f 722/920/911 726/921/912 51/922/913
f 51/922/913 726/921/912 52/923/914
f 52/923/914 726/921/912 728/924/915
f 52/923/914 728/924/915 53/925/916
f 53/925/916 728/924/915 730/926/917
f 53/925/916 730/926/917 54/927/918
f 54/927/918 730/926/917 732/928/919
f 54/927/918 732/928/919 623/929/920
f 623/929/920 732/928/919 731/930/921
f 623/929/920 731/930/921 624/931/922
f 624/931/922 731/930/921 152/932/923
f 624/931/922 152/932/923 151/933/924
f 157/917/908 156/934/925 721/919/910
f 721/919/910 156/934/925 725/935/926
f 721/919/910 725/935/926 726/921/912
f 726/921/912 725/935/926 728/924/915
f 156/934/925 155/936/927 725/935/926
f 725/935/926 155/936/927 727/937/928
f 725/935/926 727/937/928 728/924/915
f 728/924/915 727/937/928 730/926/917
f 155/936/927 154/938/929 727/937/928
f 727/937/928 154/938/929 729/939/930
f 727/937/928 729/939/930 730/926/917
f 730/926/917 729/939/930 732/928/919
f 154/938/929 153/940/931 729/939/930
f 729/939/930 153/940/931 731/930/921
f 729/939/930 731/930/921 732/928/919
f 153/940/931 152/932/923 731/930/921
f 150/941/932 733/942/933 151/933/924
f 151/933/924 733/942/933 736/943/934
f 151/933/924 736/943/934 624/931/922
f 624/931/922 736/943/934 735/944/935
f 624/931/922 735/944/935 623/929/920
f 623/929/920 735/944/935 55/945/936
f 623/929/920 55/945/936 54/927/918
f 733/942/933 150/941/932 737/946/937
f 737/946/937 150/941/932 149/947/938
f 737/946/937 149/947/938 739/948/939
f 739/948/939 149/947/938 148/949/940
f 739/948/939 148/949/940 741/950/941
f 741/950/941 148/949/940 147/951/942
f 741/950/941 147/951/942 743/952/943
f 743/952/943 147/951/942 146/953/944
f 743/952/943 146/953/944 626/954/945
f 626/954/945 146/953/944 145/955/946
f 626/954/945 145/955/946 748/956/947
f 748/956/947 145/955/946 746/957/948
f 748/956/947 746/957/948 747/958/949
f 747/958/949 746/957/948 750/959/950
f 747/958/949 750/959/950 63/960/951
f 63/960/951 750/959/950 64/961/952
f 64/961/952 750/959/950 752/962/953
f 64/961/952 752/962/953 65/963/954
f 65/963/954 752/962/953 754/964/955
f 65/963/954 754/964/955 66/965/956
f 66/965/956 754/964/955 756/966/957
f 66/965/956 756/966/957 67/967/958
f 67/967/958 756/966/957 758/968/959
f 67/967/958 758/968/959 1/969/728
f 1/969/728 758/968/959 600/970/730
f 600/970/730 758/968/959 757/971/960
f 600/970/730 757/971/960 133/972/732
f 133/972/732 757/971/960 140/973/961
f 140/973/961 757/971/960 755/974/962
f 140/973/961 755/974/962 141/975/963
f 141/975/963 755/974/962 753/976/964
f 141/975/963 753/976/964 142/977/965
f 142/977/965 753/976/964 751/978/966
f 142/977/965 751/978/966 143/979/967
f 143/979/967 751/978/966 749/980/968
f 143/979/967 749/980/968 144/981/969
f 144/981/969 749/980/968 746/957/948
f 144/981/969 746/957/948 145/955/946
f 63/960/951 62/982/970 747/958/949
f 747/958/949 62/982/970 625/983/971
f 747/958/949 625/983/971 748/956/947
f 748/956/947 625/983/971 626/954/945
f 62/982/970 61/984/972 625/983/971
f 625/983/971 61/984/972 745/985/973
f 625/983/971 745/985/973 626/954/945
f 626/954/945 745/985/973 743/952/943
f 745/985/973 61/984/972 744/986/974
f 744/986/974 61/984/972 60/987/975
f 744/986/974 60/987/975 742/988/976
f 742/988/976 60/987/975 59/989/977
f 742/988/976 59/989/977 740/990/978
f 740/990/978 59/989/977 58/991/979
f 740/990/978 58/991/979 738/992/980
f 738/992/980 58/991/979 57/993/981
f 738/992/980 57/993/981 734/994/982
f 734/994/982 57/993/981 56/995/983
f 734/994/982 56/995/983 735/944/935
f 735/944/935 56/995/983 55/945/936
f 51/922/913 50/996/984 722/920/911
f 722/920/911 50/996/984 723/997/985
f 722/920/911 723/997/985 724/918/909
f 724/918/909 723/997/985 622/916/907
f 50/996/984 49/998/986 723/997/985
f 723/997/985 49/998/986 720/999/987
f 723/997/985 720/999/987 622/916/907
f 622/916/907 720/999/987 719/908/899
f 49/998/986 48/1000/988 720/999/987
f 720/999/987 48/1000/988 621/906/897
f 720/999/987 621/906/897 719/908/899
f 48/1000/988 47/904/895 621/906/897
f 45/901/892 44/1001/989 710/899/890
f 710/899/890 44/1001/989 711/1002/990
f 710/899/890 711/1002/990 712/897/888
f 712/897/888 711/1002/990 620/895/886
f 44/1001/989 43/1003/991 711/1002/990
f 711/1002/990 43/1003/991 708/1004/992
f 711/1002/990 708/1004/992 620/895/886
f 620/895/886 708/1004/992 706/885/876
f 43/1003/991 42/1005/993 708/1004/992
f 708/1004/992 42/1005/993 707/883/874
f 708/1004/992 707/883/874 706/885/876
f 42/1005/993 41/881/872 707/883/874
f 38/876/867 37/1006/994 700/874/865
f 700/874/865 37/1006/994 697/1007/995
f 700/874/865 697/1007/995 696/872/863
f 696/872/863 697/1007/995 694/870/861
f 37/1006/994 36/1008/996 697/1007/995
f 697/1007/995 36/1008/996 695/1009/997
f 697/1007/995 695/1009/997 694/870/861
f 694/870/861 695/1009/997 692/853/844
f 36/1008/996 35/1010/998 695/1009/997
f 695/1009/997 35/1010/998 693/851/842
f 695/1009/997 693/851/842 692/853/844
f 35/1010/998 34/849/840 693/851/842
f 28/838/829 27/1011/999 679/836/827
f 679/836/827 27/1011/999 677/834/825
f 677/834/825 27/1011/999 614/832/823
f 614/832/823 27/1011/999 26/1012/1000
f 614/832/823 26/1012/1000 675/1013/1001
f 675/1013/1001 26/1012/1000 25/1014/1002
f 675/1013/1001 25/1014/1002 673/1015/1003
f 673/1015/1003 25/1014/1002 24/1016/1004
f 673/1015/1003 24/1016/1004 672/815/806
f 672/815/806 24/1016/1004 23/813/804
f 664/804/795 19/806/797 662/1017/1005
f 662/1017/1005 19/806/797 18/1018/1006
f 662/1017/1005 18/1018/1006 660/1019/1007
f 660/1019/1007 18/1018/1006 17/1020/1008
f 660/1019/1007 17/1020/1008 658/787/778
f 658/787/778 17/1020/1008 16/785/776
f 12/777/768 11/1021/1009 605/775/766
f 605/775/766 11/1021/1009 646/1022/1010
f 605/775/766 646/1022/1010 645/771/762
f 645/771/762 646/1022/1010 643/769/760
f 11/1021/1009 10/1023/1011 646/1022/1010
f 646/1022/1010 10/1023/1011 644/1024/1012
f 646/1022/1010 644/1024/1012 643/769/760
f 643/769/760 644/1024/1012 640/760/751
f 10/1023/1011 9/1025/1013 644/1024/1012
f 644/1024/1012 9/1025/1013 603/758/749
f 644/1024/1012 603/758/749 640/760/751
f 9/1025/1013 8/756/747 603/758/749
f 636/749/740 5/751/742 601/1026/1014
f 601/1026/1014 5/751/742 4/1027/1015
f 601/1026/1014 4/1027/1015 632/1028/1016
f 632/1028/1016 4/1027/1015 3/1029/1017
f 632/1028/1016 3/1029/1017 630/1030/1018
f 630/1030/1018 3/1029/1017 2/736/727
f 630/1030/1018 2/736/727 628/738/729
f 630/1030/1018 628/738/729 627/740/731
f 632/1028/1016 630/1030/1018 629/743/734
f 629/743/734 630/1030/1018 627/740/731
f 601/1026/1014 632/1028/1016 631/745/736
f 631/745/736 632/1028/1016 629/743/734
f 636/749/740 601/1026/1014 633/747/738
f 633/747/738 601/1026/1014 631/745/736
f 647/773/764 605/775/766 645/771/762
f 652/780/771 649/778/769 648/793/784
f 654/788/779 655/786/777 656/799/790
f 660/1019/1007 658/787/778 657/789/780
f 662/1017/1005 660/1019/1007 659/800/791
f 659/800/791 660/1019/1007 657/789/780
f 664/804/795 662/1017/1005 661/802/793
f 661/802/793 662/1017/1005 659/800/791
f 669/816/807 670/814/805 612/826/817
f 612/826/817 670/814/805 611/812/803
f 612/826/817 611/812/803 667/825/816
f 673/1015/1003 672/815/806 671/817/808
f 675/1013/1001 673/1015/1003 613/828/819
f 613/828/819 673/1015/1003 671/817/808
f 613/828/819 676/830/821 675/1013/1001
f 675/1013/1001 676/830/821 614/832/823
f 686/866/857 687/846/837 616/864/855
f 616/864/855 687/846/837 688/844/835
f 616/864/855 688/844/835 684/863/854
f 687/846/837 686/866/857 617/848/839
f 617/848/839 686/866/857 689/868/859
f 617/848/839 689/868/859 691/850/841
f 691/850/841 689/868/859 690/852/843
f 735/944/935 736/943/934 734/994/982
f 734/994/982 736/943/934 733/942/933
f 734/994/982 733/942/933 738/992/980
f 738/992/980 733/942/933 737/946/937
f 738/992/980 737/946/937 740/990/978
f 740/990/978 737/946/937 739/948/939
f 740/990/978 739/948/939 742/988/976
f 742/988/976 739/948/939 741/950/941
f 742/988/976 741/950/941 744/986/974
f 744/986/974 741/950/941 743/952/943
f 744/986/974 743/952/943 745/985/973
f 752/962/953 750/959/950 749/980/968
f 749/980/968 750/959/950 746/957/948
f 754/964/955 752/962/953 751/978/966
f 751/978/966 752/962/953 749/980/968
f 756/966/957 754/964/955 753/976/964
f 753/976/964 754/964/955 751/978/966
f 758/968/959 756/966/957 755/974/962
f 755/974/962 756/966/957 753/976/964
f 757/971/960 758/968/959 755/974/962
# 758 vertices
# 1030 texture params
# 1018 normals
# 1512 facets

# 1 groups
