# WaveFront *.obj file (generated by Autodesk ATF)

g radar10

v 0.467287 0.000000 -0.082395
v 0.465037 -0.045802 -0.082395
v 0.458308 -0.091163 -0.082395
v 0.447166 -0.135646 -0.082395
v 0.431717 -0.178823 -0.082395
v 0.412110 -0.220278 -0.082395
v 0.388535 -0.259611 -0.082395
v 0.361218 -0.296444 -0.082395
v 0.330422 -0.330422 -0.082395
v 0.296444 -0.361218 -0.082395
v 0.259611 -0.388535 -0.082395
v 0.220278 -0.412110 -0.082395
v 0.178823 -0.431717 -0.082395
v 0.135646 -0.447166 -0.082395
v 0.091163 -0.458308 -0.082395
v 0.045802 -0.465037 -0.082395
v 0.000000 -0.467287 -0.082395
v -0.045802 -0.465037 -0.082395
v -0.091163 -0.458308 -0.082395
v -0.135646 -0.447166 -0.082395
v -0.178823 -0.431717 -0.082395
v -0.220278 -0.412110 -0.082395
v -0.259611 -0.388535 -0.082395
v -0.296444 -0.361218 -0.082395
v -0.330422 -0.330422 -0.082395
v -0.361218 -0.296444 -0.082395
v -0.388535 -0.259611 -0.082395
v -0.412110 -0.220278 -0.082395
v -0.431717 -0.178823 -0.082395
v -0.447166 -0.135646 -0.082395
v -0.458308 -0.091163 -0.082395
v -0.465037 -0.045802 -0.082395
v -0.467287 -0.000000 -0.082395
v -0.465037 0.045802 -0.082395
v -0.458308 0.091163 -0.082395
v -0.447166 0.135646 -0.082395
v -0.431717 0.178823 -0.082395
v -0.412110 0.220278 -0.082395
v -0.388535 0.259611 -0.082395
v -0.361218 0.296444 -0.082395
v -0.330422 0.330422 -0.082395
v -0.296444 0.361218 -0.082395
v -0.259611 0.388535 -0.082395
v -0.220278 0.412110 -0.082395
v -0.178823 0.431717 -0.082395
v -0.135646 0.447166 -0.082395
v -0.091163 0.458308 -0.082395
v -0.045802 0.465037 -0.082395
v -0.000000 0.467287 -0.082395
v 0.045802 0.465037 -0.082395
v 0.091163 0.458308 -0.082395
v 0.135646 0.447166 -0.082395
v 0.178823 0.431717 -0.082395
v 0.220278 0.412110 -0.082395
v 0.259611 0.388535 -0.082395
v 0.296444 0.361218 -0.082395
v 0.330422 0.330422 -0.082395
v 0.361218 0.296444 -0.082395
v 0.388535 0.259611 -0.082395
v 0.412110 0.220278 -0.082395
v 0.431717 0.178823 -0.082395
v 0.447166 0.135646 -0.082395
v 0.458308 0.091163 -0.082395
v 0.465037 0.045802 -0.082395
v -0.000000 0.000000 -0.000000
v 0.472976 0.000000 -0.082539
v 0.477886 0.000000 -0.081062
v 0.482086 0.000000 -0.077890
v 0.485768 0.000000 -0.072917
v 0.489184 0.000000 -0.066090
v 0.492454 0.000000 -0.057543
v 0.497830 0.000000 -0.037201
v 0.495576 -0.047322 -0.037201
v 0.488834 -0.094215 -0.037201
v 0.477665 -0.140255 -0.037201
v 0.462170 -0.185025 -0.037201
v 0.442489 -0.228119 -0.037201
v 0.418801 -0.269147 -0.037201
v 0.391321 -0.307738 -0.037201
v 0.360297 -0.343542 -0.037201
v 0.326009 -0.376235 -0.037201
v 0.288770 -0.405520 -0.037201
v 0.248915 -0.431134 -0.037201
v 0.206806 -0.452842 -0.037201
v 0.162824 -0.470450 -0.037201
v 0.117368 -0.483797 -0.037201
v 0.070849 -0.492763 -0.037201
v 0.023688 -0.497266 -0.037201
v -0.023688 -0.497266 -0.037201
v -0.070849 -0.492763 -0.037201
v -0.117368 -0.483797 -0.037201
v -0.162824 -0.470450 -0.037201
v -0.206806 -0.452842 -0.037201
v -0.248915 -0.431134 -0.037201
v -0.288770 -0.405520 -0.037201
v -0.326009 -0.376235 -0.037201
v -0.360297 -0.343542 -0.037201
v -0.391321 -0.307738 -0.037201
v -0.418801 -0.269147 -0.037201
v -0.442489 -0.228119 -0.037201
v -0.462170 -0.185025 -0.037201
v -0.477665 -0.140255 -0.037201
v -0.488834 -0.094215 -0.037201
v -0.495576 -0.047322 -0.037201
v -0.497830 -0.000000 -0.037201
v -0.495576 0.047322 -0.037201
v -0.488834 0.094215 -0.037201
v -0.477665 0.140255 -0.037201
v -0.462170 0.185025 -0.037201
v -0.442489 0.228119 -0.037201
v -0.418801 0.269147 -0.037201
v -0.391321 0.307738 -0.037201
v -0.360297 0.343542 -0.037201
v -0.326009 0.376235 -0.037201
v -0.288770 0.405520 -0.037201
v -0.248915 0.431134 -0.037201
v -0.206806 0.452842 -0.037201
v -0.162824 0.470450 -0.037201
v -0.117368 0.483797 -0.037201
v -0.070849 0.492763 -0.037201
v -0.023688 0.497266 -0.037201
v 0.023688 0.497266 -0.037201
v 0.070849 0.492763 -0.037201
v 0.117368 0.483797 -0.037201
v 0.162824 0.470450 -0.037201
v 0.206806 0.452842 -0.037201
v 0.248915 0.431134 -0.037201
v 0.288770 0.405520 -0.037201
v 0.326009 0.376235 -0.037201
v 0.360297 0.343542 -0.037201
v 0.391321 0.307738 -0.037201
v 0.418801 0.269147 -0.037201
v 0.442489 0.228119 -0.037201
v 0.462170 0.185025 -0.037201
v 0.477665 0.140255 -0.037201
v 0.488834 0.094215 -0.037201
v 0.495576 0.047322 -0.037201
v 0.461386 -0.177976 -0.050984
v 0.411180 -0.274742 -0.050984
v 0.254235 -0.424166 -0.050984
v 0.155123 -0.469563 -0.050984
v -0.060535 -0.490804 -0.050984
v -0.200401 -0.452097 -0.050984
v -0.294587 -0.397204 -0.050984
v -0.473229 -0.143552 -0.050984
v -0.475514 0.135790 -0.050984
v -0.355355 0.343912 -0.050984
v -0.112294 0.481604 -0.050984
v 0.166600 0.465615 -0.050984
v 0.392331 0.301046 -0.050984
v 0.493183 -0.036379 -0.050984
v 0.489388 -0.036099 -0.062328
v 0.485317 -0.035799 -0.071390
v 0.480915 -0.035474 -0.077747
v 0.474323 -0.034988 -0.081981
v 0.489170 -0.072562 -0.050984
v 0.485407 -0.072003 -0.062328
v 0.481368 -0.071404 -0.071390
v 0.477002 -0.070757 -0.077747
v 0.470464 -0.069787 -0.081981
v 0.482507 -0.108351 -0.050984
v 0.478795 -0.107517 -0.062328
v 0.474811 -0.106622 -0.071390
v 0.470505 -0.105655 -0.077747
v 0.464056 -0.104207 -0.081981
v 0.473229 -0.143552 -0.050984
v 0.469588 -0.142448 -0.062328
v 0.465681 -0.141263 -0.071390
v 0.461457 -0.139982 -0.077747
v 0.455132 -0.138063 -0.081981
v 0.447043 -0.211436 -0.050984
v 0.443604 -0.209809 -0.062328
v 0.439913 -0.208063 -0.071390
v 0.435923 -0.206176 -0.077747
v 0.429948 -0.203350 -0.081981
v 0.443743 -0.171170 -0.081981
v 0.449909 -0.173549 -0.077747
v 0.454027 -0.175138 -0.071390
v 0.457836 -0.176607 -0.062328
v 0.430278 -0.243749 -0.050984
v 0.426967 -0.241874 -0.062328
v 0.423415 -0.239862 -0.071390
v 0.419575 -0.237686 -0.077747
v 0.413824 -0.234428 -0.081981
v 0.408017 -0.272628 -0.062328
v 0.404622 -0.270360 -0.071390
v 0.400953 -0.267908 -0.077747
v 0.395457 -0.264236 -0.081981
v 0.366417 -0.332101 -0.050984
v 0.363598 -0.329546 -0.062328
v 0.360573 -0.326804 -0.071390
v 0.357303 -0.323840 -0.077747
v 0.352405 -0.319402 -0.081981
v 0.374947 -0.292612 -0.081981
v 0.380158 -0.296678 -0.077747
v 0.383637 -0.299393 -0.071390
v 0.386856 -0.301905 -0.062328
v 0.389855 -0.304246 -0.050984
v 0.340993 -0.358157 -0.050984
v 0.338370 -0.355401 -0.062328
v 0.335555 -0.352444 -0.071390
v 0.332511 -0.349248 -0.077747
v 0.327954 -0.344461 -0.081981
v 0.313722 -0.382271 -0.050984
v 0.311308 -0.379330 -0.062328
v 0.308718 -0.376174 -0.071390
v 0.305918 -0.372762 -0.077747
v 0.301725 -0.367653 -0.081981
v 0.284750 -0.404314 -0.050984
v 0.282559 -0.401204 -0.062328
v 0.280209 -0.397866 -0.071390
v 0.277667 -0.394257 -0.077747
v 0.273861 -0.388853 -0.081981
v 0.222343 -0.441720 -0.050984
v 0.220632 -0.438321 -0.062328
v 0.218797 -0.434674 -0.071390
v 0.216812 -0.430732 -0.077747
v 0.213841 -0.424828 -0.081981
v 0.244514 -0.407946 -0.081981
v 0.247911 -0.413615 -0.077747
v 0.250181 -0.417401 -0.071390
v 0.252279 -0.420903 -0.062328
v 0.189246 -0.456879 -0.050984
v 0.187790 -0.453364 -0.062328
v 0.186227 -0.449592 -0.071390
v 0.184538 -0.445515 -0.077747
v 0.182009 -0.439408 -0.081981
v 0.153929 -0.465951 -0.062328
v 0.152649 -0.462074 -0.071390
v 0.151264 -0.457883 -0.077747
v 0.149191 -0.451607 -0.081981
v 0.084545 -0.487242 -0.050984
v 0.083894 -0.483493 -0.062328
v 0.083196 -0.479471 -0.071390
v 0.082442 -0.475122 -0.077747
v 0.081312 -0.468610 -0.081981
v 0.115564 -0.461359 -0.081981
v 0.117170 -0.467770 -0.077747
v 0.118243 -0.472051 -0.071390
v 0.119235 -0.476012 -0.062328
v 0.120159 -0.479702 -0.050984
v 0.048472 -0.492141 -0.050984
v 0.048099 -0.488355 -0.062328
v 0.047699 -0.484292 -0.071390
v 0.047266 -0.479900 -0.077747
v 0.046618 -0.473322 -0.081981
v 0.012136 -0.494374 -0.050984
v 0.012043 -0.490570 -0.062328
v 0.011943 -0.486489 -0.071390
v 0.011834 -0.482076 -0.077747
v 0.011672 -0.475469 -0.081981
v -0.024265 -0.493927 -0.050984
v -0.024078 -0.490127 -0.062328
v -0.023878 -0.486049 -0.071390
v -0.023661 -0.481641 -0.077747
v -0.023337 -0.475039 -0.081981
v -0.096477 -0.485020 -0.050984
v -0.095734 -0.481289 -0.062328
v -0.094938 -0.477285 -0.071390
v -0.094077 -0.472956 -0.077747
v -0.092787 -0.466473 -0.081981
v -0.058220 -0.472035 -0.081981
v -0.059029 -0.478595 -0.077747
v -0.059569 -0.482976 -0.071390
v -0.060069 -0.487028 -0.062328
v -0.131895 -0.476609 -0.050984
v -0.130881 -0.472942 -0.062328
v -0.129792 -0.469007 -0.071390
v -0.128615 -0.464754 -0.077747
v -0.126852 -0.458384 -0.081981
v -0.166600 -0.465615 -0.050984
v -0.165318 -0.462033 -0.062328
v -0.163942 -0.458189 -0.071390
v -0.162456 -0.454033 -0.077747
v -0.160229 -0.447810 -0.081981
v -0.233116 -0.436130 -0.050984
v -0.231323 -0.432775 -0.062328
v -0.229398 -0.429174 -0.071390
v -0.227318 -0.425282 -0.077747
v -0.224202 -0.419452 -0.081981
v -0.192738 -0.434809 -0.081981
v -0.195416 -0.440852 -0.077747
v -0.197205 -0.444887 -0.071390
v -0.198859 -0.448619 -0.062328
v -0.264568 -0.417799 -0.050984
v -0.262533 -0.414585 -0.062328
v -0.260349 -0.411136 -0.071390
v -0.257987 -0.407407 -0.077747
v -0.254451 -0.401823 -0.081981
v -0.292320 -0.394148 -0.062328
v -0.289888 -0.390869 -0.071390
v -0.287259 -0.387324 -0.077747
v -0.283322 -0.382015 -0.081981
v -0.349680 -0.349680 -0.050984
v -0.346990 -0.346990 -0.062328
v -0.344103 -0.344103 -0.071390
v -0.340982 -0.340982 -0.077747
v -0.336309 -0.336309 -0.081981
v -0.310657 -0.360138 -0.081981
v -0.314974 -0.365142 -0.077747
v -0.317857 -0.368485 -0.071390
v -0.320524 -0.371576 -0.062328
v -0.323009 -0.374457 -0.050984
v -0.377087 -0.319934 -0.050984
v -0.374186 -0.317473 -0.062328
v -0.371073 -0.314832 -0.071390
v -0.367707 -0.311976 -0.077747
v -0.362667 -0.307700 -0.081981
v -0.401971 -0.288048 -0.050984
v -0.398878 -0.285832 -0.062328
v -0.395560 -0.283454 -0.071390
v -0.391972 -0.280883 -0.077747
v -0.386600 -0.277033 -0.081981
v -0.424166 -0.254235 -0.050984
v -0.420903 -0.252279 -0.062328
v -0.417401 -0.250181 -0.071390
v -0.413615 -0.247911 -0.077747
v -0.407946 -0.244514 -0.081981
v -0.443524 -0.218722 -0.050984
v -0.440112 -0.217039 -0.062328
v -0.436450 -0.215233 -0.071390
v -0.432491 -0.213281 -0.077747
v -0.426564 -0.210358 -0.081981
v -0.459915 -0.181745 -0.050984
v -0.456376 -0.180347 -0.062328
v -0.452579 -0.178846 -0.071390
v -0.448474 -0.177224 -0.077747
v -0.442327 -0.174795 -0.081981
v -0.483377 -0.104399 -0.050984
v -0.479658 -0.103596 -0.062328
v -0.475667 -0.102734 -0.071390
v -0.471353 -0.101803 -0.077747
v -0.464893 -0.100407 -0.081981
v -0.455132 -0.138063 -0.081981
v -0.461457 -0.139982 -0.077747
v -0.465681 -0.141263 -0.071390
v -0.469588 -0.142448 -0.062328
v -0.490292 -0.064548 -0.050984
v -0.486520 -0.064052 -0.062328
v -0.482472 -0.063519 -0.071390
v -0.478096 -0.062943 -0.077747
v -0.471543 -0.062080 -0.081981
v -0.493927 -0.024265 -0.050984
v -0.490127 -0.024078 -0.062328
v -0.486049 -0.023878 -0.071390
v -0.481641 -0.023661 -0.077747
v -0.475039 -0.023337 -0.081981
v -0.494258 0.016180 -0.050984
v -0.490455 0.016056 -0.062328
v -0.486375 0.015922 -0.071390
v -0.481963 0.015778 -0.077747
v -0.475358 0.015562 -0.081981
v -0.491282 0.056517 -0.050984
v -0.487503 0.056083 -0.062328
v -0.483447 0.055616 -0.071390
v -0.479062 0.055112 -0.077747
v -0.472496 0.054356 -0.081981
v -0.485020 0.096477 -0.050984
v -0.481289 0.095734 -0.062328
v -0.477285 0.094938 -0.071390
v -0.472956 0.094077 -0.077747
v -0.466473 0.092787 -0.081981
v -0.462827 0.174196 -0.050984
v -0.459266 0.172855 -0.062328
v -0.455445 0.171417 -0.071390
v -0.451314 0.169863 -0.077747
v -0.445128 0.167534 -0.081981
v -0.457330 0.130598 -0.081981
v -0.463686 0.132413 -0.077747
v -0.467930 0.133625 -0.071390
v -0.471856 0.134746 -0.062328
v -0.447043 0.211436 -0.050984
v -0.443604 0.209809 -0.062328
v -0.439913 0.208063 -0.071390
v -0.435923 0.206176 -0.077747
v -0.429948 0.203350 -0.081981
v -0.428269 0.247261 -0.050984
v -0.424974 0.245359 -0.062328
v -0.421439 0.243318 -0.071390
v -0.417616 0.241111 -0.077747
v -0.411892 0.237806 -0.081981
v -0.406630 0.281433 -0.050984
v -0.403502 0.279268 -0.062328
v -0.400145 0.276944 -0.071390
v -0.396516 0.274432 -0.077747
v -0.391081 0.270671 -0.081981
v -0.382271 0.313722 -0.050984
v -0.379330 0.311308 -0.062328
v -0.376174 0.308718 -0.071390
v -0.372762 0.305918 -0.077747
v -0.367653 0.301725 -0.081981
v -0.352621 0.341266 -0.062328
v -0.349687 0.338427 -0.071390
v -0.346516 0.335357 -0.077747
v -0.341766 0.330761 -0.081981
v -0.294587 0.397204 -0.050984
v -0.292320 0.394148 -0.062328
v -0.289888 0.390869 -0.071390
v -0.287259 0.387324 -0.077747
v -0.283322 0.382015 -0.081981
v -0.313593 0.357584 -0.081981
v -0.317951 0.362553 -0.077747
v -0.320861 0.365872 -0.071390
v -0.323553 0.368941 -0.062328
v -0.326061 0.371802 -0.050984
v -0.261141 0.419950 -0.050984
v -0.259132 0.416719 -0.062328
v -0.256976 0.413252 -0.071390
v -0.254646 0.409504 -0.077747
v -0.251155 0.403891 -0.081981
v -0.225949 0.439886 -0.050984
v -0.224211 0.436502 -0.062328
v -0.222346 0.432870 -0.071390
v -0.220329 0.428944 -0.077747
v -0.217309 0.423065 -0.081981
v -0.189246 0.456879 -0.050984
v -0.187790 0.453364 -0.062328
v -0.186227 0.449592 -0.071390
v -0.184538 0.445515 -0.077747
v -0.182009 0.439408 -0.081981
v -0.151276 0.470816 -0.050984
v -0.150112 0.467194 -0.062328
v -0.148863 0.463307 -0.071390
v -0.147513 0.459105 -0.077747
v -0.145491 0.452813 -0.081981
v -0.111430 0.477899 -0.062328
v -0.110503 0.473923 -0.071390
v -0.109501 0.469625 -0.077747
v -0.108000 0.463188 -0.081981
v -0.032343 0.493464 -0.050984
v -0.032094 0.489667 -0.062328
v -0.031827 0.485593 -0.071390
v -0.031539 0.481189 -0.077747
v -0.031107 0.474594 -0.081981
v -0.069787 0.470464 -0.081981
v -0.070757 0.477002 -0.077747
v -0.071404 0.481368 -0.071390
v -0.072003 0.485407 -0.062328
v -0.072562 0.489170 -0.050984
v 0.008091 0.494456 -0.050984
v 0.008029 0.490652 -0.062328
v 0.007962 0.486570 -0.071390
v 0.007890 0.482157 -0.077747
v 0.007782 0.475548 -0.081981
v 0.048472 0.492141 -0.050984
v 0.048099 0.488355 -0.062328
v 0.047699 0.484292 -0.071390
v 0.047266 0.479900 -0.077747
v 0.046618 0.473322 -0.081981
v 0.088528 0.486534 -0.050984
v 0.087847 0.482791 -0.062328
v 0.087116 0.478774 -0.071390
v 0.086326 0.474432 -0.077747
v 0.085143 0.467929 -0.081981
v 0.127992 0.477672 -0.050984
v 0.127007 0.473997 -0.062328
v 0.125950 0.470054 -0.071390
v 0.124808 0.465790 -0.077747
v 0.123097 0.459406 -0.081981
v 0.165318 0.462033 -0.062328
v 0.163942 0.458189 -0.071390
v 0.162456 0.454033 -0.077747
v 0.160229 0.447810 -0.081981
v 0.240221 0.432257 -0.050984
v 0.238373 0.428932 -0.062328
v 0.236390 0.425363 -0.071390
v 0.234246 0.421505 -0.077747
v 0.231035 0.415728 -0.081981
v 0.196288 0.433218 -0.081981
v 0.199016 0.439238 -0.077747
v 0.200838 0.443258 -0.071390
v 0.202523 0.446977 -0.062328
v 0.204093 0.450443 -0.050984
v 0.274742 0.411180 -0.050984
v 0.272628 0.408017 -0.062328
v 0.270360 0.404622 -0.071390
v 0.267908 0.400953 -0.077747
v 0.264236 0.395457 -0.081981
v 0.307425 0.387353 -0.050984
v 0.305060 0.384373 -0.062328
v 0.302522 0.381175 -0.071390
v 0.299778 0.377718 -0.077747
v 0.295669 0.372541 -0.081981
v 0.338052 0.360934 -0.050984
v 0.335451 0.358157 -0.062328
v 0.332660 0.355178 -0.071390
v 0.329643 0.351956 -0.077747
v 0.325125 0.347132 -0.081981
v 0.366417 0.332101 -0.050984
v 0.363598 0.329546 -0.062328
v 0.360573 0.326804 -0.071390
v 0.357303 0.323840 -0.077747
v 0.352405 0.319402 -0.081981
v 0.389313 0.298730 -0.062328
v 0.386074 0.296245 -0.071390
v 0.382572 0.293558 -0.077747
v 0.377328 0.289534 -0.081981
v 0.436130 0.233116 -0.050984
v 0.432775 0.231323 -0.062328
v 0.429174 0.229398 -0.071390
v 0.425282 0.227318 -0.077747
v 0.419452 0.224202 -0.081981
v 0.399727 0.257730 -0.081981
v 0.405282 0.261312 -0.077747
v 0.408992 0.263704 -0.071390
v 0.412423 0.265916 -0.062328
v 0.415621 0.267978 -0.050984
v 0.453722 0.196696 -0.050984
v 0.450231 0.195182 -0.062328
v 0.446485 0.193558 -0.071390
v 0.442436 0.191803 -0.077747
v 0.436372 0.189174 -0.081981
v 0.468278 0.158959 -0.050984
v 0.464676 0.157736 -0.062328
v 0.460810 0.156424 -0.071390
v 0.456630 0.155005 -0.077747
v 0.450371 0.152881 -0.081981
v 0.479702 0.120159 -0.050984
v 0.476012 0.119235 -0.062328
v 0.472051 0.118243 -0.071390
v 0.467770 0.117170 -0.077747
v 0.461359 0.115564 -0.081981
v 0.487917 0.080555 -0.050984
v 0.484164 0.079936 -0.062328
v 0.480135 0.079271 -0.071390
v 0.475781 0.078552 -0.077747
v 0.469260 0.077475 -0.081981
v 0.492869 0.040413 -0.050984
v 0.489077 0.040102 -0.062328
v 0.485008 0.039768 -0.071390
v 0.480609 0.039408 -0.077747
v 0.474021 0.038868 -0.081981
v 0.499194 0.000000 -0.019387
v 0.500000 0.000000 0.000000
v 0.497736 -0.047528 -0.000000
v 0.490964 -0.094626 -0.000000
v 0.479746 -0.140866 -0.000000
v 0.464184 -0.185831 -0.000000
v 0.444418 -0.229113 -0.000000
v 0.420627 -0.270320 -0.000000
v 0.393027 -0.309079 -0.000000
v 0.361867 -0.345040 -0.000000
v 0.327430 -0.377875 -0.000000
v 0.290028 -0.407288 -0.000000
v 0.250000 -0.433013 -0.000000
v 0.207708 -0.454816 -0.000000
v 0.163534 -0.472500 -0.000000
v 0.117879 -0.485906 -0.000000
v 0.071157 -0.494911 -0.000000
v 0.023791 -0.499434 -0.000000
v -0.023791 -0.499434 -0.000000
v -0.071157 -0.494911 -0.000000
v -0.117879 -0.485906 -0.000000
v -0.163534 -0.472500 -0.000000
v -0.207708 -0.454816 -0.000000
v -0.250000 -0.433013 -0.000000
v -0.290028 -0.407288 -0.000000
v -0.327430 -0.377875 -0.000000
v -0.361867 -0.345040 -0.000000
v -0.393027 -0.309079 -0.000000
v -0.420627 -0.270320 -0.000000
v -0.444418 -0.229113 -0.000000
v -0.464184 -0.185831 -0.000000
v -0.479746 -0.140866 -0.000000
v -0.490964 -0.094626 -0.000000
v -0.497736 -0.047528 -0.000000
v -0.500000 -0.000000 -0.000000
v -0.497736 0.047528 0.000000
v -0.490964 0.094626 0.000000
v -0.479746 0.140866 0.000000
v -0.464184 0.185831 0.000000
v -0.444418 0.229113 0.000000
v -0.420627 0.270320 0.000000
v -0.393027 0.309079 0.000000
v -0.361867 0.345040 0.000000
v -0.327430 0.377875 0.000000
v -0.290028 0.407288 0.000000
v -0.250000 0.433013 0.000000
v -0.207708 0.454816 0.000000
v -0.163534 0.472500 0.000000
v -0.117879 0.485906 0.000000
v -0.071157 0.494911 0.000000
v -0.023791 0.499434 0.000000
v 0.023791 0.499434 0.000000
v 0.071157 0.494911 0.000000
v 0.117879 0.485906 0.000000
v 0.163534 0.472500 0.000000
v 0.207708 0.454816 0.000000
v 0.250000 0.433013 0.000000
v 0.290028 0.407288 0.000000
v 0.327430 0.377875 0.000000
v 0.361867 0.345040 0.000000
v 0.393027 0.309079 0.000000
v 0.420627 0.270320 0.000000
v 0.444418 0.229113 0.000000
v 0.464184 0.185831 0.000000
v 0.479746 0.140866 0.000000
v 0.490964 0.094626 0.000000
v 0.497736 0.047528 0.000000
v 0.465002 -0.179371 -0.030874
v 0.465919 -0.179725 -0.015965
v 0.414403 -0.276895 -0.030874
v 0.415220 -0.277441 -0.015965
v 0.256228 -0.427491 -0.030874
v 0.256733 -0.428334 -0.015965
v 0.156339 -0.473243 -0.030874
v 0.156647 -0.474177 -0.015965
v -0.061009 -0.494650 -0.030874
v -0.061130 -0.495626 -0.015965
v -0.201972 -0.455641 -0.030874
v -0.202370 -0.456539 -0.015965
v -0.296896 -0.400317 -0.030874
v -0.297481 -0.401107 -0.015965
v -0.476938 -0.144677 -0.030874
v -0.477878 -0.144963 -0.015965
v -0.479241 0.136855 -0.030874
v -0.480186 0.137124 -0.015965
v -0.358140 0.346608 -0.030874
v -0.358846 0.347291 -0.015965
v -0.113174 0.485379 -0.030874
v -0.113398 0.486336 -0.015965
v 0.167905 0.469264 -0.030874
v 0.168237 0.470190 -0.015965
v 0.395406 0.303406 -0.030874
v 0.396186 0.304004 -0.015965
v 0.498028 -0.036737 -0.015965
v 0.497048 -0.036664 -0.030874
v 0.493976 -0.073274 -0.015965
v 0.493004 -0.073130 -0.030874
v 0.487248 -0.109415 -0.015965
v 0.486288 -0.109200 -0.030874
v 0.477878 -0.144963 -0.015965
v 0.476938 -0.144677 -0.030874
v 0.451435 -0.213513 -0.015965
v 0.450547 -0.213093 -0.030874
v 0.434505 -0.246144 -0.015965
v 0.433650 -0.245660 -0.030874
v 0.370017 -0.335364 -0.015965
v 0.369289 -0.334704 -0.030874
v 0.392911 -0.306631 -0.030874
v 0.393686 -0.307235 -0.015965
v 0.344344 -0.361676 -0.015965
v 0.343666 -0.360964 -0.030874
v 0.316804 -0.386027 -0.015965
v 0.316181 -0.385267 -0.030874
v 0.287548 -0.408287 -0.015965
v 0.286982 -0.407483 -0.030874
v 0.224528 -0.446060 -0.015965
v 0.224086 -0.445182 -0.030874
v 0.191105 -0.461368 -0.015965
v 0.190729 -0.460460 -0.030874
v 0.085375 -0.492029 -0.015965
v 0.085207 -0.491061 -0.030874
v 0.121101 -0.483462 -0.030874
v 0.121340 -0.484416 -0.015965
v 0.048948 -0.496977 -0.015965
v 0.048852 -0.495999 -0.030874
v 0.012255 -0.499231 -0.015965
v 0.012231 -0.498248 -0.030874
v -0.024503 -0.498780 -0.015965
v -0.024455 -0.497798 -0.030874
v -0.097424 -0.489786 -0.015965
v -0.097233 -0.488822 -0.030874
v -0.133191 -0.481292 -0.015965
v -0.132929 -0.480345 -0.030874
v -0.168237 -0.470190 -0.015965
v -0.167905 -0.469264 -0.030874
v -0.235407 -0.440415 -0.015965
v -0.234943 -0.439548 -0.030874
v -0.267168 -0.421904 -0.015965
v -0.266642 -0.421074 -0.030874
v -0.353116 -0.353116 -0.015965
v -0.352421 -0.352421 -0.030874
v -0.325540 -0.377392 -0.030874
v -0.326182 -0.378136 -0.015965
v -0.380792 -0.323078 -0.015965
v -0.380042 -0.322442 -0.030874
v -0.405921 -0.290879 -0.015965
v -0.405122 -0.290306 -0.030874
v -0.428334 -0.256733 -0.015965
v -0.427491 -0.256228 -0.030874
v -0.447882 -0.220871 -0.015965
v -0.447000 -0.220436 -0.030874
v -0.464433 -0.183531 -0.015965
v -0.463519 -0.183169 -0.030874
v -0.488126 -0.105425 -0.015965
v -0.487166 -0.105218 -0.030874
v -0.495109 -0.065182 -0.015965
v -0.494135 -0.065054 -0.030874
v -0.498780 -0.024503 -0.015965
v -0.497798 -0.024455 -0.030874
v -0.499114 0.016339 -0.015965
v -0.498132 0.016307 -0.030874
v -0.496109 0.057073 -0.015965
v -0.495133 0.056960 -0.030874
v -0.489786 0.097424 -0.015965
v -0.488822 0.097233 -0.030874
v -0.467374 0.175907 -0.015965
v -0.466454 0.175561 -0.030874
v -0.451435 0.213513 -0.015965
v -0.450547 0.213093 -0.030874
v -0.432477 0.249691 -0.015965
v -0.431626 0.249199 -0.030874
v -0.410625 0.284198 -0.015965
v -0.409817 0.283639 -0.030874
v -0.386027 0.316804 -0.015965
v -0.385267 0.316181 -0.030874
v -0.297481 0.401107 -0.015965
v -0.296896 0.400317 -0.030874
v -0.328617 0.374716 -0.030874
v -0.329265 0.375455 -0.015965
v -0.263707 0.424076 -0.015965
v -0.263188 0.423241 -0.030874
v -0.228169 0.444208 -0.015965
v -0.227720 0.443333 -0.030874
v -0.191105 0.461368 -0.015965
v -0.190729 0.460460 -0.030874
v -0.152762 0.475442 -0.015965
v -0.152462 0.474507 -0.030874
v -0.032661 0.498312 -0.015965
v -0.032597 0.497331 -0.030874
v -0.073130 0.493004 -0.030874
v -0.073274 0.493976 -0.015965
v 0.008171 0.499315 -0.015965
v 0.008155 0.498332 -0.030874
v 0.048948 0.496977 -0.015965
v 0.048852 0.495999 -0.030874
v 0.089398 0.491314 -0.015965
v 0.089222 0.490347 -0.030874
v 0.129249 0.482365 -0.015965
v 0.128995 0.481416 -0.030874
v 0.242581 0.436504 -0.015965
v 0.242104 0.435645 -0.030874
v 0.205693 0.453973 -0.030874
v 0.206098 0.454868 -0.015965
v 0.277441 0.415220 -0.015965
v 0.276895 0.414403 -0.030874
v 0.310446 0.391159 -0.015965
v 0.309835 0.390389 -0.030874
v 0.341373 0.364481 -0.015965
v 0.340701 0.363763 -0.030874
v 0.370017 0.335364 -0.015965
v 0.369289 0.334704 -0.030874
v 0.440415 0.235407 -0.015965
v 0.439548 0.234943 -0.030874
v 0.418878 0.270078 -0.030874
v 0.419704 0.270611 -0.015965
v 0.458180 0.198628 -0.015965
v 0.457278 0.198237 -0.030874
v 0.472879 0.160521 -0.015965
v 0.471949 0.160205 -0.030874
v 0.484416 0.121340 -0.015965
v 0.483462 0.121101 -0.030874
v 0.492711 0.081347 -0.015965
v 0.491742 0.081187 -0.030874
v 0.497711 0.040810 -0.015965
v 0.496731 0.040730 -0.030874
v 0.467287 -0.000000 0.082395
v 0.465037 0.045802 0.082395
v 0.458308 0.091163 0.082395
v 0.447166 0.135646 0.082395
v 0.431717 0.178823 0.082395
v 0.412110 0.220278 0.082395
v 0.388535 0.259611 0.082395
v 0.361218 0.296444 0.082395
v 0.330422 0.330422 0.082395
v 0.296444 0.361218 0.082395
v 0.259611 0.388535 0.082395
v 0.220278 0.412110 0.082395
v 0.178823 0.431717 0.082395
v 0.135646 0.447166 0.082395
v 0.091163 0.458308 0.082395
v 0.045802 0.465037 0.082395
v -0.000000 0.467287 0.082395
v -0.045802 0.465037 0.082395
v -0.091163 0.458308 0.082395
v -0.135646 0.447166 0.082395
v -0.178823 0.431717 0.082395
v -0.220278 0.412110 0.082395
v -0.259611 0.388535 0.082395
v -0.296444 0.361218 0.082395
v -0.330422 0.330422 0.082395
v -0.361218 0.296444 0.082395
v -0.388535 0.259611 0.082395
v -0.412110 0.220278 0.082395
v -0.431717 0.178823 0.082395
v -0.447166 0.135646 0.082395
v -0.458308 0.091163 0.082395
v -0.465037 0.045802 0.082395
v -0.467287 -0.000000 0.082395
v -0.465037 -0.045802 0.082395
v -0.458308 -0.091163 0.082395
v -0.447166 -0.135646 0.082395
v -0.431717 -0.178823 0.082395
v -0.412110 -0.220278 0.082395
v -0.388535 -0.259611 0.082395
v -0.361218 -0.296444 0.082395
v -0.330422 -0.330422 0.082395
v -0.296444 -0.361218 0.082395
v -0.259611 -0.388535 0.082395
v -0.220278 -0.412110 0.082395
v -0.178823 -0.431717 0.082395
v -0.135646 -0.447166 0.082395
v -0.091163 -0.458308 0.082395
v -0.045802 -0.465037 0.082395
v 0.000000 -0.467287 0.082395
v 0.045802 -0.465037 0.082395
v 0.091163 -0.458308 0.082395
v 0.135646 -0.447166 0.082395
v 0.178823 -0.431717 0.082395
v 0.220278 -0.412110 0.082395
v 0.259611 -0.388535 0.082395
v 0.296444 -0.361218 0.082395
v 0.330422 -0.330422 0.082395
v 0.361218 -0.296444 0.082395
v 0.388535 -0.259611 0.082395
v 0.412110 -0.220278 0.082395
v 0.431717 -0.178823 0.082395
v 0.447166 -0.135646 0.082395
v 0.458308 -0.091163 0.082395
v 0.465037 -0.045802 0.082395
v -0.000000 -0.000000 0.000000
v 0.497830 -0.000000 0.037201
v 0.492454 -0.000000 0.057543
v 0.489184 -0.000000 0.066090
v 0.485768 -0.000000 0.072917
v 0.482086 -0.000000 0.077890
v 0.477886 -0.000000 0.081062
v 0.472976 -0.000000 0.082539
v 0.495576 0.047322 0.037201
v 0.488834 0.094215 0.037201
v 0.477665 0.140255 0.037201
v 0.462170 0.185025 0.037201
v 0.442489 0.228119 0.037201
v 0.418801 0.269147 0.037201
v 0.391321 0.307738 0.037201
v 0.360297 0.343542 0.037201
v 0.326009 0.376235 0.037201
v 0.288770 0.405520 0.037201
v 0.248915 0.431134 0.037201
v 0.206806 0.452842 0.037201
v 0.162824 0.470450 0.037201
v 0.117368 0.483797 0.037201
v 0.070849 0.492763 0.037201
v 0.023688 0.497266 0.037201
v -0.023688 0.497266 0.037201
v -0.070849 0.492763 0.037201
v -0.117368 0.483797 0.037201
v -0.162824 0.470450 0.037201
v -0.206806 0.452842 0.037201
v -0.248915 0.431134 0.037201
v -0.288770 0.405520 0.037201
v -0.326009 0.376235 0.037201
v -0.360297 0.343542 0.037201
v -0.391321 0.307738 0.037201
v -0.418801 0.269147 0.037201
v -0.442489 0.228119 0.037201
v -0.462170 0.185025 0.037201
v -0.477665 0.140255 0.037201
v -0.488834 0.094215 0.037201
v -0.495576 0.047322 0.037201
v -0.497830 -0.000000 0.037201
v -0.495576 -0.047322 0.037201
v -0.488834 -0.094215 0.037201
v -0.477665 -0.140255 0.037201
v -0.462170 -0.185025 0.037201
v -0.442489 -0.228119 0.037201
v -0.418801 -0.269147 0.037201
v -0.391321 -0.307738 0.037201
v -0.360297 -0.343542 0.037201
v -0.326009 -0.376235 0.037201
v -0.288770 -0.405520 0.037201
v -0.248915 -0.431134 0.037201
v -0.206806 -0.452842 0.037201
v -0.162824 -0.470450 0.037201
v -0.117368 -0.483797 0.037201
v -0.070849 -0.492763 0.037201
v -0.023688 -0.497266 0.037201
v 0.023688 -0.497266 0.037201
v 0.070849 -0.492763 0.037201
v 0.117368 -0.483797 0.037201
v 0.162824 -0.470450 0.037201
v 0.206806 -0.452842 0.037201
v 0.248915 -0.431134 0.037201
v 0.288770 -0.405520 0.037201
v 0.326009 -0.376235 0.037201
v 0.360297 -0.343542 0.037201
v 0.391321 -0.307738 0.037201
v 0.418801 -0.269147 0.037201
v 0.442489 -0.228119 0.037201
v 0.462170 -0.185025 0.037201
v 0.477665 -0.140255 0.037201
v 0.488834 -0.094215 0.037201
v 0.495576 -0.047322 0.037201
v 0.461386 -0.177976 0.050984
v 0.411180 -0.274742 0.050984
v 0.254235 -0.424166 0.050984
v 0.155123 -0.469563 0.050984
v -0.060535 -0.490804 0.050984
v -0.200401 -0.452097 0.050984
v -0.294587 -0.397204 0.050984
v -0.473229 -0.143552 0.050984
v -0.475514 0.135790 0.050984
v -0.355355 0.343912 0.050984
v -0.112294 0.481604 0.050984
v 0.166600 0.465615 0.050984
v 0.392331 0.301046 0.050984
v 0.474323 -0.034988 0.081981
v 0.480915 -0.035474 0.077747
v 0.485317 -0.035799 0.071390
v 0.489388 -0.036099 0.062328
v 0.493183 -0.036379 0.050984
v 0.470464 -0.069787 0.081981
v 0.477002 -0.070757 0.077747
v 0.481368 -0.071404 0.071390
v 0.485407 -0.072003 0.062328
v 0.489170 -0.072562 0.050984
v 0.464056 -0.104207 0.081981
v 0.470505 -0.105655 0.077747
v 0.474811 -0.106622 0.071390
v 0.478795 -0.107517 0.062328
v 0.482507 -0.108351 0.050984
v 0.443743 -0.171170 0.081981
v 0.449909 -0.173549 0.077747
v 0.454027 -0.175138 0.071390
v 0.457836 -0.176607 0.062328
v 0.473229 -0.143552 0.050984
v 0.469588 -0.142448 0.062328
v 0.465681 -0.141263 0.071390
v 0.461457 -0.139982 0.077747
v 0.455132 -0.138063 0.081981
v 0.429948 -0.203350 0.081981
v 0.435923 -0.206176 0.077747
v 0.439913 -0.208063 0.071390
v 0.443604 -0.209809 0.062328
v 0.447043 -0.211436 0.050984
v 0.413824 -0.234428 0.081981
v 0.419575 -0.237686 0.077747
v 0.423415 -0.239862 0.071390
v 0.426967 -0.241874 0.062328
v 0.430278 -0.243749 0.050984
v 0.374947 -0.292612 0.081981
v 0.380158 -0.296678 0.077747
v 0.383637 -0.299393 0.071390
v 0.386856 -0.301905 0.062328
v 0.389855 -0.304246 0.050984
v 0.408017 -0.272628 0.062328
v 0.404622 -0.270360 0.071390
v 0.400953 -0.267908 0.077747
v 0.395457 -0.264236 0.081981
v 0.352405 -0.319402 0.081981
v 0.357303 -0.323840 0.077747
v 0.360573 -0.326804 0.071390
v 0.363598 -0.329546 0.062328
v 0.366417 -0.332101 0.050984
v 0.327954 -0.344461 0.081981
v 0.332511 -0.349248 0.077747
v 0.335555 -0.352444 0.071390
v 0.338370 -0.355401 0.062328
v 0.340993 -0.358157 0.050984
v 0.273861 -0.388853 0.081981
v 0.277667 -0.394257 0.077747
v 0.280209 -0.397866 0.071390
v 0.282559 -0.401204 0.062328
v 0.284750 -0.404314 0.050984
v 0.313722 -0.382271 0.050984
v 0.311308 -0.379330 0.062328
v 0.308718 -0.376174 0.071390
v 0.305918 -0.372762 0.077747
v 0.301725 -0.367653 0.081981
v 0.244514 -0.407946 0.081981
v 0.247911 -0.413615 0.077747
v 0.250181 -0.417401 0.071390
v 0.252279 -0.420903 0.062328
v 0.213841 -0.424828 0.081981
v 0.216812 -0.430732 0.077747
v 0.218797 -0.434674 0.071390
v 0.220632 -0.438321 0.062328
v 0.222343 -0.441720 0.050984
v 0.149191 -0.451607 0.081981
v 0.151264 -0.457883 0.077747
v 0.152649 -0.462074 0.071390
v 0.153929 -0.465951 0.062328
v 0.189246 -0.456879 0.050984
v 0.187790 -0.453364 0.062328
v 0.186227 -0.449592 0.071390
v 0.184538 -0.445515 0.077747
v 0.182009 -0.439408 0.081981
v 0.115564 -0.461359 0.081981
v 0.117170 -0.467770 0.077747
v 0.118243 -0.472051 0.071390
v 0.119235 -0.476012 0.062328
v 0.120159 -0.479702 0.050984
v 0.081312 -0.468610 0.081981
v 0.082442 -0.475122 0.077747
v 0.083196 -0.479471 0.071390
v 0.083894 -0.483493 0.062328
v 0.084545 -0.487242 0.050984
v 0.011672 -0.475469 0.081981
v 0.011834 -0.482076 0.077747
v 0.011943 -0.486489 0.071390
v 0.012043 -0.490570 0.062328
v 0.012136 -0.494374 0.050984
v 0.048472 -0.492141 0.050984
v 0.048099 -0.488355 0.062328
v 0.047699 -0.484292 0.071390
v 0.047266 -0.479900 0.077747
v 0.046618 -0.473322 0.081981
v -0.023337 -0.475039 0.081981
v -0.023661 -0.481641 0.077747
v -0.023878 -0.486049 0.071390
v -0.024078 -0.490127 0.062328
v -0.024265 -0.493927 0.050984
v -0.058220 -0.472035 0.081981
v -0.059029 -0.478595 0.077747
v -0.059569 -0.482976 0.071390
v -0.060069 -0.487028 0.062328
v -0.126852 -0.458384 0.081981
v -0.128615 -0.464754 0.077747
v -0.129792 -0.469007 0.071390
v -0.130881 -0.472942 0.062328
v -0.131895 -0.476609 0.050984
v -0.096477 -0.485020 0.050984
v -0.095734 -0.481289 0.062328
v -0.094938 -0.477285 0.071390
v -0.094077 -0.472956 0.077747
v -0.092787 -0.466473 0.081981
v -0.160229 -0.447810 0.081981
v -0.162456 -0.454033 0.077747
v -0.163942 -0.458189 0.071390
v -0.165318 -0.462033 0.062328
v -0.166600 -0.465615 0.050984
v -0.192738 -0.434809 0.081981
v -0.195416 -0.440852 0.077747
v -0.197205 -0.444887 0.071390
v -0.198859 -0.448619 0.062328
v -0.254451 -0.401823 0.081981
v -0.257987 -0.407407 0.077747
v -0.260349 -0.411136 0.071390
v -0.262533 -0.414585 0.062328
v -0.264568 -0.417799 0.050984
v -0.233116 -0.436130 0.050984
v -0.231323 -0.432775 0.062328
v -0.229398 -0.429174 0.071390
v -0.227318 -0.425282 0.077747
v -0.224202 -0.419452 0.081981
v -0.283322 -0.382015 0.081981
v -0.287259 -0.387324 0.077747
v -0.289888 -0.390869 0.071390
v -0.292320 -0.394148 0.062328
v -0.310657 -0.360138 0.081981
v -0.314974 -0.365142 0.077747
v -0.317857 -0.368485 0.071390
v -0.320524 -0.371576 0.062328
v -0.323009 -0.374457 0.050984
v -0.362667 -0.307700 0.081981
v -0.367707 -0.311976 0.077747
v -0.371073 -0.314832 0.071390
v -0.374186 -0.317473 0.062328
v -0.377087 -0.319934 0.050984
v -0.349680 -0.349680 0.050984
v -0.346990 -0.346990 0.062328
v -0.344103 -0.344103 0.071390
v -0.340982 -0.340982 0.077747
v -0.336309 -0.336309 0.081981
v -0.386600 -0.277033 0.081981
v -0.391972 -0.280883 0.077747
v -0.395560 -0.283454 0.071390
v -0.398878 -0.285832 0.062328
v -0.401971 -0.288048 0.050984
v -0.407946 -0.244514 0.081981
v -0.413615 -0.247911 0.077747
v -0.417401 -0.250181 0.071390
v -0.420903 -0.252279 0.062328
v -0.424166 -0.254235 0.050984
v -0.426564 -0.210358 0.081981
v -0.432491 -0.213281 0.077747
v -0.436450 -0.215233 0.071390
v -0.440112 -0.217039 0.062328
v -0.443524 -0.218722 0.050984
v -0.442327 -0.174795 0.081981
v -0.448474 -0.177224 0.077747
v -0.452579 -0.178846 0.071390
v -0.456376 -0.180347 0.062328
v -0.459915 -0.181745 0.050984
v -0.464893 -0.100407 0.081981
v -0.471353 -0.101803 0.077747
v -0.475667 -0.102734 0.071390
v -0.479658 -0.103596 0.062328
v -0.483377 -0.104399 0.050984
v -0.469588 -0.142448 0.062328
v -0.465681 -0.141263 0.071390
v -0.461457 -0.139982 0.077747
v -0.455132 -0.138063 0.081981
v -0.471543 -0.062080 0.081981
v -0.478096 -0.062943 0.077747
v -0.482472 -0.063519 0.071390
v -0.486520 -0.064052 0.062328
v -0.490292 -0.064548 0.050984
v -0.475039 -0.023337 0.081981
v -0.481641 -0.023661 0.077747
v -0.486049 -0.023878 0.071390
v -0.490127 -0.024078 0.062328
v -0.493927 -0.024265 0.050984
v -0.475358 0.015562 0.081981
v -0.481963 0.015778 0.077747
v -0.486375 0.015922 0.071390
v -0.490455 0.016056 0.062328
v -0.494258 0.016180 0.050984
v -0.472496 0.054356 0.081981
v -0.479062 0.055112 0.077747
v -0.483447 0.055616 0.071390
v -0.487503 0.056083 0.062328
v -0.491282 0.056517 0.050984
v -0.457330 0.130598 0.081981
v -0.463686 0.132413 0.077747
v -0.467930 0.133625 0.071390
v -0.471856 0.134746 0.062328
v -0.485020 0.096477 0.050984
v -0.481289 0.095734 0.062328
v -0.477285 0.094938 0.071390
v -0.472956 0.094077 0.077747
v -0.466473 0.092787 0.081981
v -0.445128 0.167534 0.081981
v -0.451314 0.169863 0.077747
v -0.455445 0.171417 0.071390
v -0.459266 0.172855 0.062328
v -0.462827 0.174196 0.050984
v -0.429948 0.203350 0.081981
v -0.435923 0.206176 0.077747
v -0.439913 0.208063 0.071390
v -0.443604 0.209809 0.062328
v -0.447043 0.211436 0.050984
v -0.411892 0.237806 0.081981
v -0.417616 0.241111 0.077747
v -0.421439 0.243318 0.071390
v -0.424974 0.245359 0.062328
v -0.428269 0.247261 0.050984
v -0.391081 0.270671 0.081981
v -0.396516 0.274432 0.077747
v -0.400145 0.276944 0.071390
v -0.403502 0.279268 0.062328
v -0.406630 0.281433 0.050984
v -0.341766 0.330761 0.081981
v -0.346516 0.335357 0.077747
v -0.349687 0.338427 0.071390
v -0.352621 0.341266 0.062328
v -0.382271 0.313722 0.050984
v -0.379330 0.311308 0.062328
v -0.376174 0.308718 0.071390
v -0.372762 0.305918 0.077747
v -0.367653 0.301725 0.081981
v -0.313593 0.357584 0.081981
v -0.317951 0.362553 0.077747
v -0.320861 0.365872 0.071390
v -0.323553 0.368941 0.062328
v -0.326061 0.371802 0.050984
v -0.283322 0.382015 0.081981
v -0.287259 0.387324 0.077747
v -0.289888 0.390869 0.071390
v -0.292320 0.394148 0.062328
v -0.294587 0.397204 0.050984
v -0.251155 0.403891 0.081981
v -0.254646 0.409504 0.077747
v -0.256976 0.413252 0.071390
v -0.259132 0.416719 0.062328
v -0.261141 0.419950 0.050984
v -0.217309 0.423065 0.081981
v -0.220329 0.428944 0.077747
v -0.222346 0.432870 0.071390
v -0.224211 0.436502 0.062328
v -0.225949 0.439886 0.050984
v -0.145491 0.452813 0.081981
v -0.147513 0.459105 0.077747
v -0.148863 0.463307 0.071390
v -0.150112 0.467194 0.062328
v -0.151276 0.470816 0.050984
v -0.189246 0.456879 0.050984
v -0.187790 0.453364 0.062328
v -0.186227 0.449592 0.071390
v -0.184538 0.445515 0.077747
v -0.182009 0.439408 0.081981
v -0.108000 0.463188 0.081981
v -0.109501 0.469625 0.077747
v -0.110503 0.473923 0.071390
v -0.111430 0.477899 0.062328
v -0.069787 0.470464 0.081981
v -0.070757 0.477002 0.077747
v -0.071404 0.481368 0.071390
v -0.072003 0.485407 0.062328
v -0.072562 0.489170 0.050984
v -0.031107 0.474594 0.081981
v -0.031539 0.481189 0.077747
v -0.031827 0.485593 0.071390
v -0.032094 0.489667 0.062328
v -0.032343 0.493464 0.050984
v 0.007782 0.475548 0.081981
v 0.007890 0.482157 0.077747
v 0.007962 0.486570 0.071390
v 0.008029 0.490652 0.062328
v 0.008091 0.494456 0.050984
v 0.085143 0.467929 0.081981
v 0.086326 0.474432 0.077747
v 0.087116 0.478774 0.071390
v 0.087847 0.482791 0.062328
v 0.088528 0.486534 0.050984
v 0.048472 0.492141 0.050984
v 0.048099 0.488355 0.062328
v 0.047699 0.484292 0.071390
v 0.047266 0.479900 0.077747
v 0.046618 0.473322 0.081981
v 0.123097 0.459406 0.081981
v 0.124808 0.465790 0.077747
v 0.125950 0.470054 0.071390
v 0.127007 0.473997 0.062328
v 0.127992 0.477672 0.050984
v 0.160229 0.447810 0.081981
v 0.162456 0.454033 0.077747
v 0.163942 0.458189 0.071390
v 0.165318 0.462033 0.062328
v 0.196288 0.433218 0.081981
v 0.199016 0.439238 0.077747
v 0.200838 0.443258 0.071390
v 0.202523 0.446977 0.062328
v 0.204093 0.450443 0.050984
v 0.231035 0.415728 0.081981
v 0.234246 0.421505 0.077747
v 0.236390 0.425363 0.071390
v 0.238373 0.428932 0.062328
v 0.240221 0.432257 0.050984
v 0.295669 0.372541 0.081981
v 0.299778 0.377718 0.077747
v 0.302522 0.381175 0.071390
v 0.305060 0.384373 0.062328
v 0.307425 0.387353 0.050984
v 0.274742 0.411180 0.050984
v 0.272628 0.408017 0.062328
v 0.270360 0.404622 0.071390
v 0.267908 0.400953 0.077747
v 0.264236 0.395457 0.081981
v 0.325125 0.347132 0.081981
v 0.329643 0.351956 0.077747
v 0.332660 0.355178 0.071390
v 0.335451 0.358157 0.062328
v 0.338052 0.360934 0.050984
v 0.352405 0.319402 0.081981
v 0.357303 0.323840 0.077747
v 0.360573 0.326804 0.071390
v 0.363598 0.329546 0.062328
v 0.366417 0.332101 0.050984
v 0.377328 0.289534 0.081981
v 0.382572 0.293558 0.077747
v 0.386074 0.296245 0.071390
v 0.389313 0.298730 0.062328
v 0.399727 0.257730 0.081981
v 0.405282 0.261312 0.077747
v 0.408992 0.263704 0.071390
v 0.412423 0.265916 0.062328
v 0.415621 0.267978 0.050984
v 0.436372 0.189174 0.081981
v 0.442436 0.191803 0.077747
v 0.446485 0.193558 0.071390
v 0.450231 0.195182 0.062328
v 0.453722 0.196696 0.050984
v 0.436130 0.233116 0.050984
v 0.432775 0.231323 0.062328
v 0.429174 0.229398 0.071390
v 0.425282 0.227318 0.077747
v 0.419452 0.224202 0.081981
v 0.450371 0.152881 0.081981
v 0.456630 0.155005 0.077747
v 0.460810 0.156424 0.071390
v 0.464676 0.157736 0.062328
v 0.468278 0.158959 0.050984
v 0.461359 0.115564 0.081981
v 0.467770 0.117170 0.077747
v 0.472051 0.118243 0.071390
v 0.476012 0.119235 0.062328
v 0.479702 0.120159 0.050984
v 0.469260 0.077475 0.081981
v 0.475781 0.078552 0.077747
v 0.480135 0.079271 0.071390
v 0.484164 0.079936 0.062328
v 0.487917 0.080555 0.050984
v 0.474021 0.038868 0.081981
v 0.480609 0.039408 0.077747
v 0.485008 0.039768 0.071390
v 0.489077 0.040102 0.062328
v 0.492869 0.040413 0.050984
v 0.499194 -0.000000 0.019387
v 0.465919 -0.179725 0.015965
v 0.465002 -0.179371 0.030874
v 0.415220 -0.277441 0.015965
v 0.414403 -0.276895 0.030874
v 0.256733 -0.428334 0.015965
v 0.256228 -0.427491 0.030874
v 0.156647 -0.474177 0.015965
v 0.156339 -0.473243 0.030874
v -0.061130 -0.495626 0.015965
v -0.061009 -0.494650 0.030874
v -0.202370 -0.456539 0.015965
v -0.201972 -0.455641 0.030874
v -0.297481 -0.401107 0.015965
v -0.296896 -0.400317 0.030874
v -0.477878 -0.144963 0.015965
v -0.476938 -0.144677 0.030874
v -0.480186 0.137124 0.015965
v -0.479241 0.136855 0.030874
v -0.358846 0.347291 0.015965
v -0.358140 0.346608 0.030874
v -0.113398 0.486336 0.015965
v -0.113174 0.485379 0.030874
v 0.168237 0.470190 0.015965
v 0.167905 0.469264 0.030874
v 0.396186 0.304004 0.015965
v 0.395406 0.303406 0.030874
v 0.497048 -0.036664 0.030874
v 0.498028 -0.036737 0.015965
v 0.493004 -0.073130 0.030874
v 0.493976 -0.073274 0.015965
v 0.486288 -0.109200 0.030874
v 0.487248 -0.109415 0.015965
v 0.476938 -0.144677 0.030874
v 0.477878 -0.144963 0.015965
v 0.450547 -0.213093 0.030874
v 0.451435 -0.213513 0.015965
v 0.433650 -0.245660 0.030874
v 0.434505 -0.246144 0.015965
v 0.369289 -0.334704 0.030874
v 0.370017 -0.335364 0.015965
v 0.393686 -0.307235 0.015965
v 0.392911 -0.306631 0.030874
v 0.343666 -0.360964 0.030874
v 0.344344 -0.361676 0.015965
v 0.316181 -0.385267 0.030874
v 0.316804 -0.386027 0.015965
v 0.286982 -0.407483 0.030874
v 0.287548 -0.408287 0.015965
v 0.224086 -0.445182 0.030874
v 0.224528 -0.446060 0.015965
v 0.190729 -0.460460 0.030874
v 0.191105 -0.461368 0.015965
v 0.085207 -0.491061 0.030874
v 0.085375 -0.492029 0.015965
v 0.121340 -0.484416 0.015965
v 0.121101 -0.483462 0.030874
v 0.048852 -0.495999 0.030874
v 0.048948 -0.496977 0.015965
v 0.012231 -0.498248 0.030874
v 0.012255 -0.499231 0.015965
v -0.024455 -0.497798 0.030874
v -0.024503 -0.498780 0.015965
v -0.097233 -0.488822 0.030874
v -0.097424 -0.489786 0.015965
v -0.132929 -0.480345 0.030874
v -0.133191 -0.481292 0.015965
v -0.167905 -0.469264 0.030874
v -0.168237 -0.470190 0.015965
v -0.234943 -0.439548 0.030874
v -0.235407 -0.440415 0.015965
v -0.266642 -0.421074 0.030874
v -0.267168 -0.421904 0.015965
v -0.352421 -0.352421 0.030874
v -0.353116 -0.353116 0.015965
v -0.326182 -0.378136 0.015965
v -0.325540 -0.377392 0.030874
v -0.380042 -0.322442 0.030874
v -0.380792 -0.323078 0.015965
v -0.405122 -0.290306 0.030874
v -0.405921 -0.290879 0.015965
v -0.427491 -0.256228 0.030874
v -0.428334 -0.256733 0.015965
v -0.447000 -0.220436 0.030874
v -0.447882 -0.220871 0.015965
v -0.463519 -0.183169 0.030874
v -0.464433 -0.183531 0.015965
v -0.487166 -0.105218 0.030874
v -0.488126 -0.105425 0.015965
v -0.494135 -0.065054 0.030874
v -0.495109 -0.065182 0.015965
v -0.497798 -0.024455 0.030874
v -0.498780 -0.024503 0.015965
v -0.498132 0.016307 0.030874
v -0.499114 0.016339 0.015965
v -0.495133 0.056960 0.030874
v -0.496109 0.057073 0.015965
v -0.488822 0.097233 0.030874
v -0.489786 0.097424 0.015965
v -0.466454 0.175561 0.030874
v -0.467374 0.175907 0.015965
v -0.450547 0.213093 0.030874
v -0.451435 0.213513 0.015965
v -0.431626 0.249199 0.030874
v -0.432477 0.249691 0.015965
v -0.409817 0.283639 0.030874
v -0.410625 0.284198 0.015965
v -0.385267 0.316181 0.030874
v -0.386027 0.316804 0.015965
v -0.296896 0.400317 0.030874
v -0.297481 0.401107 0.015965
v -0.329265 0.375455 0.015965
v -0.328617 0.374716 0.030874
v -0.263188 0.423241 0.030874
v -0.263707 0.424076 0.015965
v -0.227720 0.443333 0.030874
v -0.228169 0.444208 0.015965
v -0.190729 0.460460 0.030874
v -0.191105 0.461368 0.015965
v -0.152462 0.474507 0.030874
v -0.152762 0.475442 0.015965
v -0.032597 0.497331 0.030874
v -0.032661 0.498312 0.015965
v -0.073274 0.493976 0.015965
v -0.073130 0.493004 0.030874
v 0.008155 0.498332 0.030874
v 0.008171 0.499315 0.015965
v 0.048852 0.495999 0.030874
v 0.048948 0.496977 0.015965
v 0.089222 0.490347 0.030874
v 0.089398 0.491314 0.015965
v 0.128995 0.481416 0.030874
v 0.129249 0.482365 0.015965
v 0.242104 0.435645 0.030874
v 0.242581 0.436504 0.015965
v 0.206098 0.454868 0.015965
v 0.205693 0.453973 0.030874
v 0.276895 0.414403 0.030874
v 0.277441 0.415220 0.015965
v 0.309835 0.390389 0.030874
v 0.310446 0.391159 0.015965
v 0.340701 0.363763 0.030874
v 0.341373 0.364481 0.015965
v 0.369289 0.334704 0.030874
v 0.370017 0.335364 0.015965
v 0.439548 0.234943 0.030874
v 0.440415 0.235407 0.015965
v 0.419704 0.270611 0.015965
v 0.418878 0.270078 0.030874
v 0.457278 0.198237 0.030874
v 0.458180 0.198628 0.015965
v 0.471949 0.160205 0.030874
v 0.472879 0.160521 0.015965
v 0.483462 0.121101 0.030874
v 0.484416 0.121340 0.015965
v 0.491742 0.081187 0.030874
v 0.492711 0.081347 0.015965
v 0.496731 0.040730 0.030874
v 0.497711 0.040810 0.015965
vt 23.724784 2.293790 0.000000
vt -23.724784 2.293790 0.000000
vt 23.724784 0.000000 0.000000
vt 23.724784 6.881370 0.000000
vt -23.724784 6.881370 0.000000
vt 23.724784 4.587580 0.000000
vt 23.724784 11.468949 0.000000
vt -23.724784 11.468949 0.000000
vt 23.724784 9.175159 0.000000
vt 23.724784 16.056529 0.000000
vt -23.724784 16.056529 0.000000
vt 23.724784 13.762739 0.000000
vt 23.724784 20.644109 0.000000
vt -23.724784 20.644109 0.000000
vt 23.724784 18.350319 0.000000
vt 23.724784 25.231688 0.000000
vt -23.724784 25.231688 0.000000
vt 23.724784 22.937898 0.000000
vt 23.724784 29.819268 0.000000
vt -23.724784 29.819268 0.000000
vt 23.724784 27.525478 0.000000
vt 23.724784 34.406848 0.000000
vt -23.724784 34.406848 0.000000
vt 23.724784 32.113058 0.000000
vt 23.724784 38.994427 0.000000
vt -23.724784 38.994427 0.000000
vt 23.724784 36.700637 0.000000
vt 23.724784 43.582007 0.000000
vt -23.724784 43.582007 0.000000
vt 23.724784 41.288217 0.000000
vt 23.724784 48.169587 0.000000
vt -23.724784 48.169587 0.000000
vt 23.724784 45.875797 0.000000
vt 23.724784 52.757166 0.000000
vt -23.724784 52.757166 0.000000
vt 23.724784 50.463376 0.000000
vt 23.724784 57.344746 0.000000
vt -23.724784 57.344746 0.000000
vt 23.724784 55.050956 0.000000
vt 23.724784 61.932326 0.000000
vt -23.724784 61.932326 0.000000
vt 23.724784 59.638536 0.000000
vt 23.724784 66.519905 0.000000
vt -23.724784 66.519905 0.000000
vt 23.724784 64.226116 0.000000
vt 23.724784 71.107485 0.000000
vt -23.724784 71.107485 0.000000
vt 23.724784 68.813695 0.000000
vt 23.724784 -71.107485 0.000000
vt -23.724784 -71.107485 0.000000
vt 23.724784 -73.401275 0.000000
vt 23.724784 -66.519905 0.000000
vt -23.724784 -66.519905 0.000000
vt 23.724784 -68.813695 0.000000
vt 23.724784 -61.932326 0.000000
vt -23.724784 -61.932326 0.000000
vt 23.724784 -64.226116 0.000000
vt 23.724784 -57.344746 0.000000
vt -23.724784 -57.344746 0.000000
vt 23.724784 -59.638536 0.000000
vt 23.724784 -52.757166 0.000000
vt -23.724784 -52.757166 0.000000
vt 23.724784 -55.050956 0.000000
vt 23.724784 -48.169587 0.000000
vt -23.724784 -48.169587 0.000000
vt 23.724784 -50.463376 0.000000
vt 23.724784 -43.582007 0.000000
vt -23.724784 -43.582007 0.000000
vt 23.724784 -45.875797 0.000000
vt 23.724784 -38.994427 0.000000
vt -23.724784 -38.994427 0.000000
vt 23.724784 -41.288217 0.000000
vt 23.724784 -34.406848 0.000000
vt -23.724784 -34.406848 0.000000
vt 23.724784 -36.700637 0.000000
vt 23.724784 -29.819268 0.000000
vt -23.724784 -29.819268 0.000000
vt 23.724784 -32.113058 0.000000
vt 23.724784 -25.231688 0.000000
vt -23.724784 -25.231688 0.000000
vt 23.724784 -27.525478 0.000000
vt 23.724784 -22.937898 0.000000
vt -23.724784 -22.937898 0.000000
vt 23.724784 -18.350319 0.000000
vt -23.724784 -18.350319 0.000000
vt 23.724784 -20.644109 0.000000
vt 23.724784 -13.762739 0.000000
vt -23.724784 -13.762739 0.000000
vt 23.724784 -16.056529 0.000000
vt 23.724784 -9.175159 0.000000
vt -23.724784 -9.175159 0.000000
vt 23.724784 -11.468949 0.000000
vt 23.724784 -4.587580 0.000000
vt -23.724784 -4.587580 0.000000
vt 23.724784 -6.881370 0.000000
vt -23.724784 -0.000000 0.000000
vt 23.724784 -2.293790 0.000000
vt 23.724784 73.401275 0.000000
vt -23.724784 73.401275 0.000000
vt -23.724784 68.813695 0.000000
vt -23.724784 64.226116 0.000000
vt -23.724784 59.638536 0.000000
vt -23.724784 55.050956 0.000000
vt -23.724784 50.463376 0.000000
vt -23.724784 45.875797 0.000000
vt -23.724784 41.288217 0.000000
vt -23.724784 36.700637 0.000000
vt -23.724784 32.113058 0.000000
vt -23.724784 27.525478 0.000000
vt -23.724784 22.937898 0.000000
vt -23.724784 18.350319 0.000000
vt -23.724784 13.762739 0.000000
vt -23.724784 9.175159 0.000000
vt -23.724784 4.587580 0.000000
vt -23.724784 -2.293790 0.000000
vt -23.724784 -6.881370 0.000000
vt -23.724784 -11.468949 0.000000
vt -23.724784 -16.056529 0.000000
vt -23.724784 -20.644109 0.000000
vt -23.724784 -27.525478 0.000000
vt -23.724784 -32.113058 0.000000
vt -23.724784 -36.700637 0.000000
vt -23.724784 -41.288217 0.000000
vt -23.724784 -45.875797 0.000000
vt -23.724784 -50.463376 0.000000
vt -23.724784 -55.050956 0.000000
vt -23.724784 -59.638536 0.000000
vt -23.724784 -64.226116 0.000000
vt -23.724784 -68.813695 0.000000
vt -8.336005 0.000000 0.000000
vt -7.649335 0.000000 0.000000
vt -8.336005 4.769021 0.000000
vt -7.294004 3.576766 0.000000
vt -7.294004 7.153531 0.000000
vt -6.252003 3.576766 0.000000
vt -6.252003 7.153531 0.000000
vt -5.418403 3.576766 0.000000
vt -5.418403 7.153531 0.000000
vt -4.584803 3.576766 0.000000
vt -4.584803 7.153531 0.000000
vt -3.751202 3.576766 0.000000
vt -3.751202 7.153531 0.000000
vt -2.842651 4.624505 0.000000
vt -2.842651 9.249010 0.000000
vt -6.962666 0.000000 0.000000
vt -6.275997 0.000000 0.000000
vt -5.589328 0.000000 0.000000
vt -4.902659 0.000000 0.000000
vt -4.215990 0.000000 0.000000
vt -2.842651 0.000000 0.000000
vt -3.751202 10.730297 0.000000
vt -2.842651 13.873516 0.000000
vt -3.751202 14.307063 0.000000
vt -3.751202 17.883829 0.000000
vt -4.584803 17.883829 0.000000
vt -4.584803 21.460594 0.000000
vt -5.418403 21.460594 0.000000
vt -5.418403 25.037360 0.000000
vt -6.252003 25.037360 0.000000
vt -6.252003 28.614126 0.000000
vt -7.294004 28.614126 0.000000
vt -7.294004 32.190892 0.000000
vt -8.336005 28.614126 0.000000
vt -8.336005 33.383147 0.000000
vt -7.294004 35.767657 0.000000
vt -8.336005 38.152168 0.000000
vt -7.294004 39.344423 0.000000
vt -8.336005 42.921189 0.000000
vt -7.294004 42.921189 0.000000
vt -7.294004 46.497955 0.000000
vt -6.252003 42.921189 0.000000
vt -6.252003 46.497955 0.000000
vt -5.418403 42.921189 0.000000
vt -5.418403 46.497955 0.000000
vt -4.584803 42.921189 0.000000
vt -4.584803 46.497955 0.000000
vt -3.751202 42.921189 0.000000
vt -3.751202 46.497955 0.000000
vt -2.842651 46.245052 0.000000
vt -3.751202 50.074720 0.000000
vt -2.842651 50.869557 0.000000
vt -3.751202 53.651486 0.000000
vt -2.842651 55.494062 0.000000
vt -3.751202 57.228252 0.000000
vt -2.842651 60.118568 0.000000
vt -3.751202 60.805018 0.000000
vt -2.842651 64.743073 0.000000
vt -3.751202 64.381783 0.000000
vt -3.751202 67.958549 0.000000
vt -4.584803 67.958549 0.000000
vt -4.584803 71.535315 0.000000
vt -5.418403 71.535315 0.000000
vt -5.418403 75.112081 0.000000
vt -6.252003 75.112081 0.000000
vt -6.252003 78.688846 0.000000
vt -7.294004 78.688846 0.000000
vt -7.294004 82.265612 0.000000
vt -8.336005 81.073357 0.000000
vt -8.336005 85.842378 0.000000
vt -7.294004 85.842378 0.000000
vt -7.294004 89.419143 0.000000
vt -6.252003 85.842378 0.000000
vt -6.252003 89.419143 0.000000
vt -5.418403 85.842378 0.000000
vt -5.418403 89.419143 0.000000
vt -4.584803 85.842378 0.000000
vt -4.584803 89.419143 0.000000
vt -3.751202 85.842378 0.000000
vt -3.751202 89.419143 0.000000
vt -2.842651 87.865599 0.000000
vt -2.842651 92.490104 0.000000
vt -2.842651 18.498021 0.000000
vt -3.751202 21.460594 0.000000
vt -4.584803 25.037360 0.000000
vt -5.418403 28.614126 0.000000
vt -6.252003 32.190892 0.000000
vt -2.842651 23.122526 0.000000
vt -3.751202 25.037360 0.000000
vt -4.584803 28.614126 0.000000
vt -5.418403 32.190892 0.000000
vt -6.252003 35.767657 0.000000
vt -2.842651 27.747031 0.000000
vt -3.751202 28.614126 0.000000
vt -4.584803 32.190892 0.000000
vt -5.418403 35.767657 0.000000
vt -6.252003 39.344423 0.000000
vt -2.842651 32.371536 0.000000
vt -3.751202 32.190892 0.000000
vt -4.584803 35.767657 0.000000
vt -5.418403 39.344423 0.000000
vt -3.751202 35.767657 0.000000
vt -2.842651 36.996042 0.000000
vt -3.751202 39.344423 0.000000
vt -2.842651 41.620547 0.000000
vt -2.842651 69.367578 0.000000
vt -3.751202 71.535315 0.000000
vt -4.584803 75.112081 0.000000
vt -5.418403 78.688846 0.000000
vt -6.252003 82.265612 0.000000
vt -2.842651 73.992083 0.000000
vt -3.751202 75.112081 0.000000
vt -4.584803 78.688846 0.000000
vt -5.418403 82.265612 0.000000
vt -2.842651 78.616588 0.000000
vt -3.751202 78.688846 0.000000
vt -4.584803 82.265612 0.000000
vt -3.751202 82.265612 0.000000
vt -2.842651 83.241094 0.000000
vt -2.842651 97.114609 0.000000
vt -3.751202 96.572675 0.000000
vt -3.751202 92.995909 0.000000
vt -4.584803 92.995909 0.000000
vt -5.418403 92.995909 0.000000
vt -6.252003 92.995909 0.000000
vt -7.294004 92.995909 0.000000
vt -8.336005 90.611399 0.000000
vt -3.751202 100.149441 0.000000
vt -2.842651 101.739114 0.000000
vt -3.751202 103.726206 0.000000
vt -2.842651 106.363620 0.000000
vt -3.751202 107.302972 0.000000
vt -2.842651 110.988125 0.000000
vt -3.751202 110.879738 0.000000
vt -3.751202 114.456504 0.000000
vt -4.584803 114.456504 0.000000
vt -4.584803 118.430688 0.000000
vt -5.418403 118.430688 0.000000
vt -5.418403 122.404872 0.000000
vt -6.252003 122.404872 0.000000
vt -6.252003 126.379056 0.000000
vt -7.294004 126.379056 0.000000
vt -7.294004 130.353240 0.000000
vt -8.336005 128.763567 0.000000
vt -8.336005 133.532588 0.000000
vt -7.294004 134.327424 0.000000
vt -8.336005 138.301609 0.000000
vt -7.294004 138.301609 0.000000
vt -7.294004 142.275793 0.000000
vt -6.252003 138.301609 0.000000
vt -6.252003 142.275793 0.000000
vt -5.418403 138.301609 0.000000
vt -5.418403 142.275793 0.000000
vt -4.584803 138.301609 0.000000
vt -4.584803 142.275793 0.000000
vt -3.751202 138.301609 0.000000
vt -3.751202 142.275793 0.000000
vt -2.842651 138.735156 0.000000
vt -2.842651 143.359661 0.000000
vt -2.842651 115.612630 0.000000
vt -3.751202 118.430688 0.000000
vt -4.584803 122.404872 0.000000
vt -5.418403 126.379056 0.000000
vt -6.252003 130.353240 0.000000
vt -2.842651 120.237135 0.000000
vt -3.751202 122.404872 0.000000
vt -4.584803 126.379056 0.000000
vt -5.418403 130.353240 0.000000
vt -6.252003 134.327424 0.000000
vt -2.842651 124.861640 0.000000
vt -3.751202 126.379056 0.000000
vt -4.584803 130.353240 0.000000
vt -5.418403 134.327424 0.000000
vt -2.842651 129.486146 0.000000
vt -3.751202 130.353240 0.000000
vt -4.584803 134.327424 0.000000
vt -2.842651 134.110651 0.000000
vt -3.751202 134.327424 0.000000
vt -3.751202 146.249977 0.000000
vt -2.842651 147.984166 0.000000
vt -3.751202 150.224161 0.000000
vt -2.842651 152.608672 0.000000
vt -3.751202 154.198345 0.000000
vt -2.842651 157.233177 0.000000
vt -3.751202 158.172529 0.000000
vt -2.842651 161.857682 0.000000
vt -3.751202 162.146714 0.000000
vt -3.751202 166.120898 0.000000
vt -4.584803 166.120898 0.000000
vt -4.584803 170.095082 0.000000
vt -5.418403 170.095082 0.000000
vt -5.418403 174.069266 0.000000
vt -6.252003 174.069266 0.000000
vt -6.252003 178.043450 0.000000
vt -7.294004 178.043450 0.000000
vt -7.294004 182.017634 0.000000
vt -8.336005 181.222797 0.000000
vt -8.336005 185.991818 0.000000
vt -7.294004 185.991818 0.000000
vt -7.294004 189.966003 0.000000
vt -6.252003 185.991818 0.000000
vt -6.252003 189.966003 0.000000
vt -5.418403 185.991818 0.000000
vt -5.418403 189.966003 0.000000
vt -4.584803 185.991818 0.000000
vt -4.584803 189.966003 0.000000
vt -3.751202 185.991818 0.000000
vt -3.751202 189.966003 0.000000
vt -2.842651 189.604713 0.000000
vt -2.842651 194.229218 0.000000
vt -2.842651 166.482187 0.000000
vt -3.751202 170.095082 0.000000
vt -4.584803 174.069266 0.000000
vt -5.418403 178.043450 0.000000
vt -6.252003 182.017634 0.000000
vt -2.842651 171.106692 0.000000
vt -3.751202 174.069266 0.000000
vt -4.584803 178.043450 0.000000
vt -5.418403 182.017634 0.000000
vt -2.842651 175.731198 0.000000
vt -3.751202 178.043450 0.000000
vt -4.584803 182.017634 0.000000
vt -2.842651 180.355703 0.000000
vt -3.751202 182.017634 0.000000
vt -2.842651 184.980208 0.000000
vt -2.842651 198.853724 0.000000
vt -3.751202 197.914371 0.000000
vt -3.751202 193.940187 0.000000
vt -4.584803 193.940187 0.000000
vt -5.418403 193.940187 0.000000
vt -6.252003 193.940187 0.000000
vt -7.294004 193.940187 0.000000
vt -8.336005 190.760839 0.000000
vt -3.751202 201.888555 0.000000
vt -2.842651 203.478229 0.000000
vt -3.751202 205.862739 0.000000
vt -2.842651 208.102734 0.000000
vt -3.751202 209.836923 0.000000
vt -2.842651 212.727239 0.000000
vt -3.751202 213.811108 0.000000
vt -2.842651 217.351744 0.000000
vt -3.751202 217.785292 0.000000
vt -2.842651 221.976250 0.000000
vt -3.751202 221.759476 0.000000
vt -3.751202 225.733660 0.000000
vt -4.584803 225.733660 0.000000
vt -4.584803 229.707844 0.000000
vt -5.418403 229.707844 0.000000
vt -5.418403 233.682028 0.000000
vt -6.252003 233.682028 0.000000
vt -6.252003 237.656212 0.000000
vt -7.294004 237.656212 0.000000
vt -7.294004 241.630397 0.000000
vt -8.336005 238.451049 0.000000
vt -8.336005 243.220070 0.000000
vt -7.294004 245.604581 0.000000
vt -8.336005 247.989091 0.000000
vt -7.294004 249.578765 0.000000
vt -8.336005 252.758112 0.000000
vt -7.294004 253.552949 0.000000
vt -8.336005 257.527133 0.000000
vt -7.294004 257.527133 0.000000
vt -7.294004 261.501317 0.000000
vt -6.252003 257.527133 0.000000
vt -6.252003 261.501317 0.000000
vt -5.418403 257.527133 0.000000
vt -5.418403 261.501317 0.000000
vt -4.584803 257.527133 0.000000
vt -4.584803 261.501317 0.000000
vt -3.751202 257.527133 0.000000
vt -3.751202 261.501317 0.000000
vt -2.842651 258.972291 0.000000
vt -2.842651 263.596796 0.000000
vt -2.842651 226.600755 0.000000
vt -3.751202 229.707844 0.000000
vt -4.584803 233.682028 0.000000
vt -5.418403 237.656212 0.000000
vt -6.252003 241.630397 0.000000
vt -2.842651 231.225260 0.000000
vt -3.751202 233.682028 0.000000
vt -4.584803 237.656212 0.000000
vt -5.418403 241.630397 0.000000
vt -6.252003 245.604581 0.000000
vt -2.842651 235.849765 0.000000
vt -3.751202 237.656212 0.000000
vt -4.584803 241.630397 0.000000
vt -5.418403 245.604581 0.000000
vt -6.252003 249.578765 0.000000
vt -2.842651 240.474270 0.000000
vt -3.751202 241.630397 0.000000
vt -4.584803 245.604581 0.000000
vt -5.418403 249.578765 0.000000
vt -6.252003 253.552949 0.000000
vt -2.842651 245.098776 0.000000
vt -3.751202 245.604581 0.000000
vt -4.584803 249.578765 0.000000
vt -5.418403 253.552949 0.000000
vt -2.842651 249.723281 0.000000
vt -3.751202 249.578765 0.000000
vt -4.584803 253.552949 0.000000
vt -3.751202 253.552949 0.000000
vt -2.842651 254.347786 0.000000
vt -3.751202 265.475502 0.000000
vt -2.842651 268.221302 0.000000
vt -3.751202 269.449686 0.000000
vt -2.842651 272.845807 0.000000
vt -3.751202 273.423870 0.000000
vt -2.842651 277.470312 0.000000
vt -3.751202 277.398054 0.000000
vt -3.751202 281.372238 0.000000
vt -4.584803 281.372238 0.000000
vt -4.584803 285.346422 0.000000
vt -5.418403 285.346422 0.000000
vt -5.418403 289.320606 0.000000
vt -6.252003 289.320606 0.000000
vt -6.252003 293.294791 0.000000
vt -7.294004 293.294791 0.000000
vt -7.294004 297.268975 0.000000
vt -8.336005 295.679301 0.000000
vt -8.336005 300.448322 0.000000
vt -7.294004 301.243159 0.000000
vt -7.649335 305.217343 0.000000
vt -6.962666 305.217343 0.000000
vt -6.252003 301.243159 0.000000
vt -6.275997 305.217343 0.000000
vt -5.589328 305.217343 0.000000
vt -5.418403 301.243159 0.000000
vt -4.902659 305.217343 0.000000
vt -4.584803 301.243159 0.000000
vt -4.215990 305.217343 0.000000
vt -3.751202 301.243159 0.000000
vt -2.842651 305.217343 0.000000
vt -2.842651 300.592838 0.000000
vt -3.751202 297.268975 0.000000
vt -2.842651 295.968333 0.000000
vt -3.751202 293.294791 0.000000
vt -2.842651 291.343828 0.000000
vt -3.751202 289.320606 0.000000
vt -2.842651 286.719322 0.000000
vt -3.751202 285.346422 0.000000
vt -2.842651 282.094817 0.000000
vt -8.336005 305.217343 0.000000
vt -8.336005 290.910280 0.000000
vt -7.294004 289.320606 0.000000
vt -6.252003 285.346422 0.000000
vt -5.418403 281.372238 0.000000
vt -4.584803 277.398054 0.000000
vt -8.336005 286.141259 0.000000
vt -7.294004 285.346422 0.000000
vt -6.252003 281.372238 0.000000
vt -5.418403 277.398054 0.000000
vt -4.584803 273.423870 0.000000
vt -8.336005 281.372238 0.000000
vt -7.294004 281.372238 0.000000
vt -6.252003 277.398054 0.000000
vt -5.418403 273.423870 0.000000
vt -4.584803 269.449686 0.000000
vt -7.294004 277.398054 0.000000
vt -8.336005 276.603217 0.000000
vt -7.294004 273.423870 0.000000
vt -8.336005 271.834196 0.000000
vt -7.294004 269.449686 0.000000
vt -8.336005 267.065175 0.000000
vt -7.294004 265.475502 0.000000
vt -8.336005 262.296154 0.000000
vt -8.336005 233.682028 0.000000
vt -7.294004 233.682028 0.000000
vt -6.252003 229.707844 0.000000
vt -5.418403 225.733660 0.000000
vt -4.584803 221.759476 0.000000
vt -7.294004 229.707844 0.000000
vt -8.336005 228.913007 0.000000
vt -7.294004 225.733660 0.000000
vt -8.336005 224.143986 0.000000
vt -7.294004 221.759476 0.000000
vt -8.336005 219.374965 0.000000
vt -7.294004 217.785292 0.000000
vt -8.336005 214.605944 0.000000
vt -7.294004 213.811108 0.000000
vt -8.336005 209.836923 0.000000
vt -7.294004 209.836923 0.000000
vt -7.294004 205.862739 0.000000
vt -6.252003 205.862739 0.000000
vt -6.252003 201.888555 0.000000
vt -5.418403 201.888555 0.000000
vt -5.418403 197.914371 0.000000
vt -4.584803 197.914371 0.000000
vt -8.336005 205.067902 0.000000
vt -7.294004 201.888555 0.000000
vt -6.252003 197.914371 0.000000
vt -8.336005 200.298881 0.000000
vt -7.294004 197.914371 0.000000
vt -8.336005 195.529860 0.000000
vt -8.336005 176.453776 0.000000
vt -7.294004 174.069266 0.000000
vt -6.252003 170.095082 0.000000
vt -5.418403 166.120898 0.000000
vt -4.584803 162.146714 0.000000
vt -8.336005 171.684756 0.000000
vt -7.294004 170.095082 0.000000
vt -6.252003 166.120898 0.000000
vt -5.418403 162.146714 0.000000
vt -4.584803 158.172529 0.000000
vt -8.336005 166.915735 0.000000
vt -7.294004 166.120898 0.000000
vt -6.252003 162.146714 0.000000
vt -5.418403 158.172529 0.000000
vt -4.584803 154.198345 0.000000
vt -8.336005 162.146714 0.000000
vt -7.294004 162.146714 0.000000
vt -6.252003 158.172529 0.000000
vt -5.418403 154.198345 0.000000
vt -4.584803 150.224161 0.000000
vt -7.294004 158.172529 0.000000
vt -8.336005 157.377693 0.000000
vt -7.294004 154.198345 0.000000
vt -8.336005 152.608672 0.000000
vt -7.294004 150.224161 0.000000
vt -8.336005 147.839651 0.000000
vt -7.294004 146.249977 0.000000
vt -8.336005 143.070630 0.000000
vt -8.336005 123.994546 0.000000
vt -7.294004 122.404872 0.000000
vt -6.252003 118.430688 0.000000
vt -5.418403 114.456504 0.000000
vt -4.584803 110.879738 0.000000
vt -8.336005 119.225525 0.000000
vt -7.294004 118.430688 0.000000
vt -6.252003 114.456504 0.000000
vt -5.418403 110.879738 0.000000
vt -4.584803 107.302972 0.000000
vt -8.336005 114.456504 0.000000
vt -7.294004 114.456504 0.000000
vt -6.252003 110.879738 0.000000
vt -5.418403 107.302972 0.000000
vt -4.584803 103.726206 0.000000
vt -7.294004 110.879738 0.000000
vt -8.336005 109.687483 0.000000
vt -7.294004 107.302972 0.000000
vt -8.336005 104.918462 0.000000
vt -7.294004 103.726206 0.000000
vt -8.336005 100.149441 0.000000
vt -7.294004 100.149441 0.000000
vt -7.294004 96.572675 0.000000
vt -6.252003 96.572675 0.000000
vt -8.336005 95.380420 0.000000
vt -8.336005 76.304336 0.000000
vt -7.294004 75.112081 0.000000
vt -6.252003 71.535315 0.000000
vt -5.418403 67.958549 0.000000
vt -4.584803 64.381783 0.000000
vt -8.336005 71.535315 0.000000
vt -7.294004 71.535315 0.000000
vt -6.252003 67.958549 0.000000
vt -5.418403 64.381783 0.000000
vt -4.584803 60.805018 0.000000
vt -7.294004 67.958549 0.000000
vt -8.336005 66.766294 0.000000
vt -7.294004 64.381783 0.000000
vt -8.336005 61.997273 0.000000
vt -7.294004 60.805018 0.000000
vt -8.336005 57.228252 0.000000
vt -7.294004 57.228252 0.000000
vt -7.294004 53.651486 0.000000
vt -6.252003 53.651486 0.000000
vt -6.252003 50.074720 0.000000
vt -5.418403 50.074720 0.000000
vt -8.336005 52.459231 0.000000
vt -7.294004 50.074720 0.000000
vt -8.336005 47.690210 0.000000
vt -7.294004 25.037360 0.000000
vt -8.336005 23.845105 0.000000
vt -7.294004 21.460594 0.000000
vt -8.336005 19.076084 0.000000
vt -7.294004 17.883829 0.000000
vt -8.336005 14.307063 0.000000
vt -7.294004 14.307063 0.000000
vt -7.294004 10.730297 0.000000
vt -6.252003 10.730297 0.000000
vt -8.336005 9.538042 0.000000
vt -4.584803 10.730297 0.000000
vt -4.584803 14.307063 0.000000
vt -5.418403 10.730297 0.000000
vt -5.418403 14.307063 0.000000
vt -5.418403 17.883829 0.000000
vt -6.252003 14.307063 0.000000
vt -6.252003 17.883829 0.000000
vt -6.252003 21.460594 0.000000
vt -4.584803 39.344423 0.000000
vt -4.584803 50.074720 0.000000
vt -4.584803 53.651486 0.000000
vt -4.584803 57.228252 0.000000
vt -5.418403 53.651486 0.000000
vt -6.252003 57.228252 0.000000
vt -5.418403 57.228252 0.000000
vt -5.418403 60.805018 0.000000
vt -6.252003 60.805018 0.000000
vt -6.252003 64.381783 0.000000
vt -4.584803 96.572675 0.000000
vt -4.584803 100.149441 0.000000
vt -5.418403 96.572675 0.000000
vt -5.418403 100.149441 0.000000
vt -5.418403 103.726206 0.000000
vt -6.252003 100.149441 0.000000
vt -6.252003 103.726206 0.000000
vt -6.252003 107.302972 0.000000
vt -4.584803 146.249977 0.000000
vt -5.418403 146.249977 0.000000
vt -5.418403 150.224161 0.000000
vt -6.252003 146.249977 0.000000
vt -6.252003 150.224161 0.000000
vt -6.252003 154.198345 0.000000
vt -4.584803 201.888555 0.000000
vt -5.418403 205.862739 0.000000
vt -6.252003 209.836923 0.000000
vt -4.584803 205.862739 0.000000
vt -5.418403 209.836923 0.000000
vt -6.252003 213.811108 0.000000
vt -4.584803 209.836923 0.000000
vt -5.418403 213.811108 0.000000
vt -6.252003 217.785292 0.000000
vt -4.584803 213.811108 0.000000
vt -5.418403 217.785292 0.000000
vt -6.252003 221.759476 0.000000
vt -4.584803 217.785292 0.000000
vt -5.418403 221.759476 0.000000
vt -6.252003 225.733660 0.000000
vt -4.584803 265.475502 0.000000
vt -5.418403 265.475502 0.000000
vt -5.418403 269.449686 0.000000
vt -6.252003 265.475502 0.000000
vt -6.252003 269.449686 0.000000
vt -6.252003 273.423870 0.000000
vt -4.584803 289.320606 0.000000
vt -5.418403 293.294791 0.000000
vt -6.252003 297.268975 0.000000
vt -4.584803 293.294791 0.000000
vt -5.418403 297.268975 0.000000
vt -4.584803 297.268975 0.000000
vt 16.520192 4.752320 0.000000
vt 16.520192 0.000000 0.000000
vt 17.200508 3.675622 0.000000
vt 18.382864 0.000000 0.000000
vt 18.723022 3.675622 0.000000
vt 20.245536 0.000000 0.000000
vt 20.245536 4.752320 0.000000
vt 18.723022 7.351245 0.000000
vt 20.245536 9.504640 0.000000
vt 18.723022 11.026867 0.000000
vt 20.245536 14.256960 0.000000
vt 18.723022 14.702490 0.000000
vt 18.723022 18.378112 0.000000
vt 17.200508 18.378112 0.000000
vt 17.200508 22.053734 0.000000
vt 16.520192 19.009279 0.000000
vt 16.520192 23.761599 0.000000
vt 17.200508 25.729357 0.000000
vt 16.520192 28.513919 0.000000
vt 17.200508 29.404979 0.000000
vt 16.520192 33.266239 0.000000
vt 17.200508 33.080601 0.000000
vt 17.200508 36.756224 0.000000
vt 18.723022 33.080601 0.000000
vt 18.723022 36.756224 0.000000
vt 20.245536 33.266239 0.000000
vt 20.245536 38.018559 0.000000
vt 20.245536 19.009279 0.000000
vt 18.723022 22.053734 0.000000
vt 20.245536 23.761599 0.000000
vt 18.723022 25.729357 0.000000
vt 20.245536 28.513919 0.000000
vt 18.723022 29.404979 0.000000
vt 18.723022 40.431846 0.000000
vt 20.245536 42.770879 0.000000
vt 18.723022 44.107469 0.000000
vt 20.245536 47.523199 0.000000
vt 18.723022 47.783091 0.000000
vt 18.723022 51.458713 0.000000
vt 17.200508 51.458713 0.000000
vt 17.200508 55.134336 0.000000
vt 16.520192 52.275518 0.000000
vt 16.520192 57.027838 0.000000
vt 17.200508 58.809958 0.000000
vt 16.520192 61.780158 0.000000
vt 17.200508 62.485581 0.000000
vt 16.520192 66.532478 0.000000
vt 17.200508 66.161203 0.000000
vt 17.200508 69.836825 0.000000
vt 18.723022 66.161203 0.000000
vt 18.723022 69.836825 0.000000
vt 20.245536 66.532478 0.000000
vt 20.245536 71.284798 0.000000
vt 20.245536 52.275518 0.000000
vt 18.723022 55.134336 0.000000
vt 20.245536 57.027838 0.000000
vt 18.723022 58.809958 0.000000
vt 20.245536 61.780158 0.000000
vt 18.723022 62.485581 0.000000
vt 18.723022 73.512448 0.000000
vt 20.245536 76.037118 0.000000
vt 18.723022 77.188070 0.000000
vt 20.245536 80.789437 0.000000
vt 18.723022 80.863692 0.000000
vt 18.723022 84.539315 0.000000
vt 17.200508 84.539315 0.000000
vt 17.200508 88.214937 0.000000
vt 16.520192 85.541757 0.000000
vt 16.520192 90.294077 0.000000
vt 17.200508 91.890560 0.000000
vt 16.520192 95.046397 0.000000
vt 17.200508 95.566182 0.000000
vt 17.200508 99.241804 0.000000
vt 18.723022 95.566182 0.000000
vt 18.723022 99.241804 0.000000
vt 20.245536 95.046397 0.000000
vt 20.245536 99.798717 0.000000
vt 20.245536 85.541757 0.000000
vt 18.723022 88.214937 0.000000
vt 20.245536 90.294077 0.000000
vt 18.723022 91.890560 0.000000
vt 18.723022 102.917427 0.000000
vt 20.245536 104.551037 0.000000
vt 18.723022 106.593049 0.000000
vt 20.245536 109.303357 0.000000
vt 18.723022 110.268672 0.000000
vt 20.245536 114.055676 0.000000
vt 18.723022 113.944294 0.000000
vt 18.723022 117.619916 0.000000
vt 17.200508 117.619916 0.000000
vt 17.200508 121.703941 0.000000
vt 16.520192 118.807996 0.000000
vt 16.520192 123.560316 0.000000
vt 17.200508 125.787966 0.000000
vt 16.520192 128.312636 0.000000
vt 17.200508 129.871991 0.000000
vt 16.520192 133.064956 0.000000
vt 17.200508 133.956016 0.000000
vt 16.520192 137.817276 0.000000
vt 17.200508 138.040041 0.000000
vt 17.200508 142.124066 0.000000
vt 18.723022 138.040041 0.000000
vt 18.723022 142.124066 0.000000
vt 20.245536 137.817276 0.000000
vt 20.245536 142.569596 0.000000
vt 20.245536 118.807996 0.000000
vt 18.723022 121.703941 0.000000
vt 20.245536 123.560316 0.000000
vt 18.723022 125.787966 0.000000
vt 20.245536 128.312636 0.000000
vt 18.723022 129.871991 0.000000
vt 20.245536 133.064956 0.000000
vt 18.723022 133.956016 0.000000
vt 18.723022 146.208090 0.000000
vt 20.245536 147.321915 0.000000
vt 18.723022 150.292115 0.000000
vt 20.245536 152.074235 0.000000
vt 18.723022 154.376140 0.000000
vt 20.245536 156.826555 0.000000
vt 18.723022 158.460165 0.000000
vt 20.245536 161.578875 0.000000
vt 18.723022 162.544190 0.000000
vt 20.245536 166.331195 0.000000
vt 18.723022 166.628215 0.000000
vt 18.723022 170.712240 0.000000
vt 17.200508 170.712240 0.000000
vt 17.200508 174.796265 0.000000
vt 16.520192 171.083515 0.000000
vt 16.520192 175.835835 0.000000
vt 17.200508 178.880289 0.000000
vt 16.520192 180.588154 0.000000
vt 17.200508 182.964314 0.000000
vt 16.520192 185.340474 0.000000
vt 17.200508 187.048339 0.000000
vt 16.520192 190.092794 0.000000
vt 17.200508 191.132364 0.000000
vt 16.520192 194.845114 0.000000
vt 17.200508 195.216389 0.000000
vt 16.520192 199.597434 0.000000
vt 17.200508 199.300414 0.000000
vt 17.200508 203.384439 0.000000
vt 18.723022 199.300414 0.000000
vt 18.723022 203.384439 0.000000
vt 20.245536 199.597434 0.000000
vt 20.245536 204.349754 0.000000
vt 20.245536 171.083515 0.000000
vt 18.723022 174.796265 0.000000
vt 20.245536 175.835835 0.000000
vt 18.723022 178.880289 0.000000
vt 20.245536 180.588154 0.000000
vt 18.723022 182.964314 0.000000
vt 20.245536 185.340474 0.000000
vt 18.723022 187.048339 0.000000
vt 20.245536 190.092794 0.000000
vt 18.723022 191.132364 0.000000
vt 20.245536 194.845114 0.000000
vt 18.723022 195.216389 0.000000
vt 18.723022 207.468464 0.000000
vt 20.245536 209.102073 0.000000
vt 18.723022 211.552488 0.000000
vt 20.245536 213.854393 0.000000
vt 18.723022 215.636513 0.000000
vt 20.245536 218.606713 0.000000
vt 18.723022 219.720538 0.000000
vt 20.245536 223.359033 0.000000
vt 18.723022 223.804563 0.000000
vt 20.245536 228.111353 0.000000
vt 18.723022 227.888588 0.000000
vt 18.723022 231.972613 0.000000
vt 17.200508 231.972613 0.000000
vt 17.200508 236.056638 0.000000
vt 16.520192 232.863673 0.000000
vt 16.520192 237.615993 0.000000
vt 17.200508 240.140662 0.000000
vt 16.520192 242.368312 0.000000
vt 17.200508 244.224687 0.000000
vt 16.520192 247.120632 0.000000
vt 17.200508 248.308712 0.000000
vt 16.520192 251.872952 0.000000
vt 17.200508 252.392737 0.000000
vt 16.520192 256.625272 0.000000
vt 17.200508 256.476762 0.000000
vt 17.200508 260.560787 0.000000
vt 18.723022 256.476762 0.000000
vt 18.723022 260.560787 0.000000
vt 20.245536 256.625272 0.000000
vt 20.245536 261.377592 0.000000
vt 20.245536 232.863673 0.000000
vt 18.723022 236.056638 0.000000
vt 20.245536 237.615993 0.000000
vt 18.723022 240.140662 0.000000
vt 20.245536 242.368312 0.000000
vt 18.723022 244.224687 0.000000
vt 20.245536 247.120632 0.000000
vt 18.723022 248.308712 0.000000
vt 20.245536 251.872952 0.000000
vt 18.723022 252.392737 0.000000
vt 18.723022 264.644812 0.000000
vt 20.245536 266.129912 0.000000
vt 18.723022 268.728837 0.000000
vt 20.245536 270.882232 0.000000
vt 18.723022 272.812861 0.000000
vt 20.245536 275.634551 0.000000
vt 18.723022 276.896886 0.000000
vt 20.245536 280.386871 0.000000
vt 18.723022 280.980911 0.000000
vt 20.245536 285.139191 0.000000
vt 18.723022 285.064936 0.000000
vt 18.723022 289.148961 0.000000
vt 17.200508 289.148961 0.000000
vt 17.200508 293.232986 0.000000
vt 16.520192 289.891511 0.000000
vt 16.520192 294.643831 0.000000
vt 17.200508 297.317011 0.000000
vt 16.520192 299.396151 0.000000
vt 17.200508 301.401036 0.000000
vt 16.520192 304.148470 0.000000
vt 17.200508 305.485060 0.000000
vt 16.520192 308.900790 0.000000
vt 17.200508 309.569085 0.000000
vt 16.520192 313.653110 0.000000
vt 18.382864 313.653110 0.000000
vt 18.723022 309.569085 0.000000
vt 20.245536 313.653110 0.000000
vt 20.245536 308.900790 0.000000
vt 18.723022 305.485060 0.000000
vt 20.245536 304.148470 0.000000
vt 18.723022 301.401036 0.000000
vt 20.245536 299.396151 0.000000
vt 18.723022 297.317011 0.000000
vt 20.245536 294.643831 0.000000
vt 18.723022 293.232986 0.000000
vt 20.245536 289.891511 0.000000
vt 16.520192 285.139191 0.000000
vt 17.200508 285.064936 0.000000
vt 17.200508 280.980911 0.000000
vt 16.520192 280.386871 0.000000
vt 17.200508 276.896886 0.000000
vt 16.520192 275.634551 0.000000
vt 17.200508 272.812861 0.000000
vt 16.520192 270.882232 0.000000
vt 17.200508 268.728837 0.000000
vt 16.520192 266.129912 0.000000
vt 17.200508 264.644812 0.000000
vt 16.520192 261.377592 0.000000
vt 16.520192 228.111353 0.000000
vt 17.200508 227.888588 0.000000
vt 17.200508 223.804563 0.000000
vt 16.520192 223.359033 0.000000
vt 17.200508 219.720538 0.000000
vt 16.520192 218.606713 0.000000
vt 17.200508 215.636513 0.000000
vt 16.520192 213.854393 0.000000
vt 17.200508 211.552488 0.000000
vt 16.520192 209.102073 0.000000
vt 17.200508 207.468464 0.000000
vt 16.520192 204.349754 0.000000
vt 16.520192 166.331195 0.000000
vt 17.200508 166.628215 0.000000
vt 17.200508 162.544190 0.000000
vt 16.520192 161.578875 0.000000
vt 17.200508 158.460165 0.000000
vt 16.520192 156.826555 0.000000
vt 17.200508 154.376140 0.000000
vt 16.520192 152.074235 0.000000
vt 17.200508 150.292115 0.000000
vt 16.520192 147.321915 0.000000
vt 17.200508 146.208090 0.000000
vt 16.520192 142.569596 0.000000
vt 16.520192 114.055676 0.000000
vt 17.200508 113.944294 0.000000
vt 17.200508 110.268672 0.000000
vt 16.520192 109.303357 0.000000
vt 17.200508 106.593049 0.000000
vt 16.520192 104.551037 0.000000
vt 17.200508 102.917427 0.000000
vt 16.520192 99.798717 0.000000
vt 16.520192 80.789437 0.000000
vt 17.200508 80.863692 0.000000
vt 17.200508 77.188070 0.000000
vt 16.520192 76.037118 0.000000
vt 17.200508 73.512448 0.000000
vt 16.520192 71.284798 0.000000
vt 16.520192 47.523199 0.000000
vt 17.200508 47.783091 0.000000
vt 17.200508 44.107469 0.000000
vt 16.520192 42.770879 0.000000
vt 17.200508 40.431846 0.000000
vt 16.520192 38.018559 0.000000
vt 16.520192 14.256960 0.000000
vt 17.200508 14.702490 0.000000
vt 17.200508 11.026867 0.000000
vt 16.520192 9.504640 0.000000
vt 17.200508 7.351245 0.000000
vt -23.724784 -2.293790 0.000000
vt 23.724784 -2.293790 0.000000
vt -23.724784 0.000000 0.000000
vt -23.724784 -6.881370 0.000000
vt 23.724784 -6.881370 0.000000
vt -23.724784 -4.587580 0.000000
vt -23.724784 -11.468949 0.000000
vt 23.724784 -11.468949 0.000000
vt -23.724784 -9.175159 0.000000
vt -23.724784 -16.056529 0.000000
vt 23.724784 -16.056529 0.000000
vt -23.724784 -13.762739 0.000000
vt -23.724784 -20.644109 0.000000
vt 23.724784 -20.644109 0.000000
vt -23.724784 -18.350319 0.000000
vt -23.724784 -25.231688 0.000000
vt 23.724784 -24.467092 0.000000
vt -23.724784 -22.937898 0.000000
vt -23.724784 -27.525478 0.000000
vt 23.724784 -27.525478 0.000000
vt -23.724784 -32.113058 0.000000
vt 23.724784 -32.113058 0.000000
vt -23.724784 -29.819268 0.000000
vt -23.724784 -36.700637 0.000000
vt 23.724784 -36.700637 0.000000
vt -23.724784 -34.406848 0.000000
vt -23.724784 -41.288217 0.000000
vt 23.724784 -41.288217 0.000000
vt -23.724784 -38.994427 0.000000
vt -23.724784 -45.875797 0.000000
vt 23.724784 -45.875797 0.000000
vt -23.724784 -43.582007 0.000000
vt -23.724784 -50.463376 0.000000
vt 23.724784 -50.463376 0.000000
vt -23.724784 -48.169587 0.000000
vt -23.724784 -55.050956 0.000000
vt 23.724784 -55.050956 0.000000
vt -23.724784 -52.757166 0.000000
vt -23.724784 -59.638536 0.000000
vt 23.724784 -59.638536 0.000000
vt -23.724784 -57.344746 0.000000
vt -23.724784 -64.226116 0.000000
vt 23.724784 -64.226116 0.000000
vt -23.724784 -61.932326 0.000000
vt -23.724784 -68.813695 0.000000
vt 23.724784 -68.813695 0.000000
vt -23.724784 -66.519905 0.000000
vt -23.724784 -73.401275 0.000000
vt 23.724784 -73.401275 0.000000
vt -23.724784 -71.107485 0.000000
vt -23.724784 68.813695 0.000000
vt 23.724784 68.813695 0.000000
vt -23.724784 71.107485 0.000000
vt -23.724784 64.226116 0.000000
vt 23.724784 64.226116 0.000000
vt -23.724784 66.519905 0.000000
vt -23.724784 59.638536 0.000000
vt 23.724784 59.638536 0.000000
vt -23.724784 61.932326 0.000000
vt -23.724784 55.050956 0.000000
vt 23.724784 55.050956 0.000000
vt -23.724784 57.344746 0.000000
vt -23.724784 50.463376 0.000000
vt 23.724784 50.463376 0.000000
vt -23.724784 52.757166 0.000000
vt -23.724784 45.875797 0.000000
vt 23.724784 45.875797 0.000000
vt -23.724784 48.169587 0.000000
vt -23.724784 41.288217 0.000000
vt 23.724784 41.288217 0.000000
vt -23.724784 43.582007 0.000000
vt -23.724784 36.700637 0.000000
vt 23.724784 36.700637 0.000000
vt -23.724784 38.994427 0.000000
vt -23.724784 32.113058 0.000000
vt 23.724784 32.113058 0.000000
vt -23.724784 34.406848 0.000000
vt -23.724784 27.525478 0.000000
vt 23.724784 27.525478 0.000000
vt -23.724784 29.819268 0.000000
vt -23.724784 22.937898 0.000000
vt 23.724784 24.467092 0.000000
vt -23.724784 25.231688 0.000000
vt -23.724784 20.644109 0.000000
vt 23.724784 20.644109 0.000000
vt -23.724784 16.056529 0.000000
vt 23.724784 16.056529 0.000000
vt -23.724784 18.350319 0.000000
vt -23.724784 11.468949 0.000000
vt 23.724784 11.468949 0.000000
vt -23.724784 13.762739 0.000000
vt -23.724784 6.881370 0.000000
vt 23.724784 6.881370 0.000000
vt -23.724784 9.175159 0.000000
vt -23.724784 2.293790 0.000000
vt 23.724784 2.293790 0.000000
vt -23.724784 4.587580 0.000000
vt 23.724784 71.107485 0.000000
vt -23.724784 73.401275 0.000000
vt 23.724784 -71.107485 0.000000
vt 23.724784 -66.519905 0.000000
vt 23.724784 -61.932326 0.000000
vt 23.724784 -57.344746 0.000000
vt 23.724784 -52.757166 0.000000
vt 23.724784 -48.169587 0.000000
vt 23.724784 -43.582007 0.000000
vt 23.724784 -38.994427 0.000000
vt 23.724784 -34.406848 0.000000
vt 23.724784 -29.819268 0.000000
vt 23.724784 -22.937898 0.000000
vt 23.724784 -18.350319 0.000000
vt 23.724784 -13.762739 0.000000
vt 23.724784 -9.175159 0.000000
vt 23.724784 -4.587580 0.000000
vt 23.724784 0.000000 0.000000
vt 23.724784 4.587580 0.000000
vt 23.724784 9.175159 0.000000
vt 23.724784 13.762739 0.000000
vt 23.724784 18.350319 0.000000
vt 23.724784 25.231688 0.000000
vt 23.724784 29.819268 0.000000
vt 23.724784 34.406848 0.000000
vt 23.724784 38.994427 0.000000
vt 23.724784 43.582007 0.000000
vt 23.724784 48.169587 0.000000
vt 23.724784 52.757166 0.000000
vt 23.724784 57.344746 0.000000
vt 23.724784 61.932326 0.000000
vt 23.724784 66.519905 0.000000
vt 2.842651 4.624505 0.000000
vt 2.842651 0.000000 0.000000
vt 3.751202 3.576766 0.000000
vt 4.215990 0.000000 0.000000
vt 4.584803 3.576766 0.000000
vt 4.902659 0.000000 0.000000
vt 5.418403 3.576766 0.000000
vt 5.589328 0.000000 0.000000
vt 6.252003 3.576766 0.000000
vt 6.275997 0.000000 0.000000
vt 6.962666 0.000000 0.000000
vt 7.294004 3.576766 0.000000
vt 7.649335 0.000000 0.000000
vt 8.336005 4.769021 0.000000
vt 8.336005 0.000000 0.000000
vt 7.294004 7.153531 0.000000
vt 8.336005 9.538042 0.000000
vt 7.294004 10.730297 0.000000
vt 8.336005 14.307063 0.000000
vt 7.294004 14.307063 0.000000
vt 7.294004 17.883829 0.000000
vt 6.252003 17.883829 0.000000
vt 6.252003 21.460594 0.000000
vt 5.418403 21.460594 0.000000
vt 5.418403 25.037360 0.000000
vt 4.584803 25.037360 0.000000
vt 4.584803 28.614126 0.000000
vt 3.751202 28.614126 0.000000
vt 3.751202 32.190892 0.000000
vt 2.842651 32.371536 0.000000
vt 3.751202 35.767657 0.000000
vt 2.842651 36.996042 0.000000
vt 3.751202 39.344423 0.000000
vt 2.842651 41.620547 0.000000
vt 3.751202 42.921189 0.000000
vt 2.842651 46.245052 0.000000
vt 3.751202 46.497955 0.000000
vt 3.751202 50.074720 0.000000
vt 4.584803 46.497955 0.000000
vt 4.584803 50.074720 0.000000
vt 5.418403 46.497955 0.000000
vt 5.418403 50.074720 0.000000
vt 6.252003 46.497955 0.000000
vt 6.252003 50.074720 0.000000
vt 7.294004 46.497955 0.000000
vt 7.294004 50.074720 0.000000
vt 8.336005 47.690210 0.000000
vt 8.336005 52.459231 0.000000
vt 8.336005 19.076084 0.000000
vt 7.294004 21.460594 0.000000
vt 6.252003 25.037360 0.000000
vt 5.418403 28.614126 0.000000
vt 4.584803 32.190892 0.000000
vt 8.336005 23.845105 0.000000
vt 7.294004 25.037360 0.000000
vt 6.252003 28.614126 0.000000
vt 5.418403 32.190892 0.000000
vt 4.584803 35.767657 0.000000
vt 8.336005 28.614126 0.000000
vt 7.294004 28.614126 0.000000
vt 6.252003 32.190892 0.000000
vt 5.418403 35.767657 0.000000
vt 4.584803 39.344423 0.000000
vt 7.294004 32.190892 0.000000
vt 8.336005 33.383147 0.000000
vt 7.294004 35.767657 0.000000
vt 8.336005 38.152168 0.000000
vt 7.294004 39.344423 0.000000
vt 8.336005 42.921189 0.000000
vt 7.294004 42.921189 0.000000
vt 7.294004 53.651486 0.000000
vt 8.336005 57.228252 0.000000
vt 7.294004 57.228252 0.000000
vt 7.294004 60.805018 0.000000
vt 6.252003 60.805018 0.000000
vt 6.252003 64.381783 0.000000
vt 5.418403 64.381783 0.000000
vt 5.418403 67.958549 0.000000
vt 4.584803 67.958549 0.000000
vt 4.584803 71.535315 0.000000
vt 3.751202 71.535315 0.000000
vt 3.751202 75.112081 0.000000
vt 2.842651 73.992083 0.000000
vt 2.842651 78.616588 0.000000
vt 3.751202 78.688846 0.000000
vt 3.751202 82.265612 0.000000
vt 4.584803 78.688846 0.000000
vt 4.584803 82.265612 0.000000
vt 5.418403 78.688846 0.000000
vt 5.418403 82.265612 0.000000
vt 6.252003 78.688846 0.000000
vt 6.252003 82.265612 0.000000
vt 7.294004 78.688846 0.000000
vt 7.294004 82.265612 0.000000
vt 8.336005 81.073357 0.000000
vt 8.336005 85.842378 0.000000
vt 8.336005 61.997273 0.000000
vt 7.294004 64.381783 0.000000
vt 6.252003 67.958549 0.000000
vt 5.418403 71.535315 0.000000
vt 4.584803 75.112081 0.000000
vt 8.336005 66.766294 0.000000
vt 7.294004 67.958549 0.000000
vt 6.252003 71.535315 0.000000
vt 5.418403 75.112081 0.000000
vt 8.336005 71.535315 0.000000
vt 7.294004 71.535315 0.000000
vt 6.252003 75.112081 0.000000
vt 7.294004 75.112081 0.000000
vt 8.336005 76.304336 0.000000
vt 8.336005 90.611399 0.000000
vt 7.294004 89.419143 0.000000
vt 7.294004 85.842378 0.000000
vt 6.252003 85.842378 0.000000
vt 5.418403 85.842378 0.000000
vt 4.584803 85.842378 0.000000
vt 3.751202 85.842378 0.000000
vt 2.842651 83.241094 0.000000
vt 7.294004 92.995909 0.000000
vt 8.336005 95.380420 0.000000
vt 7.294004 96.572675 0.000000
vt 8.336005 100.149441 0.000000
vt 7.294004 100.149441 0.000000
vt 7.294004 103.726206 0.000000
vt 6.252003 103.726206 0.000000
vt 6.252003 107.302972 0.000000
vt 5.418403 107.302972 0.000000
vt 5.418403 110.879738 0.000000
vt 4.584803 110.879738 0.000000
vt 4.584803 114.456504 0.000000
vt 3.751202 114.456504 0.000000
vt 3.751202 118.430688 0.000000
vt 2.842651 115.612630 0.000000
vt 2.842651 120.237135 0.000000
vt 3.751202 122.404872 0.000000
vt 2.842651 124.861640 0.000000
vt 3.751202 126.379056 0.000000
vt 2.842651 129.486146 0.000000
vt 3.751202 130.353240 0.000000
vt 2.842651 134.110651 0.000000
vt 3.751202 134.327424 0.000000
vt 3.751202 138.301609 0.000000
vt 4.584803 134.327424 0.000000
vt 4.584803 138.301609 0.000000
vt 5.418403 134.327424 0.000000
vt 5.418403 138.301609 0.000000
vt 6.252003 134.327424 0.000000
vt 6.252003 138.301609 0.000000
vt 7.294004 134.327424 0.000000
vt 7.294004 138.301609 0.000000
vt 8.336005 138.301609 0.000000
vt 7.294004 142.275793 0.000000
vt 8.336005 143.070630 0.000000
vt 7.294004 146.249977 0.000000
vt 8.336005 147.839651 0.000000
vt 7.294004 150.224161 0.000000
vt 8.336005 152.608672 0.000000
vt 7.294004 154.198345 0.000000
vt 8.336005 157.377693 0.000000
vt 7.294004 158.172529 0.000000
vt 8.336005 162.146714 0.000000
vt 7.294004 162.146714 0.000000
vt 7.294004 166.120898 0.000000
vt 6.252003 166.120898 0.000000
vt 6.252003 170.095082 0.000000
vt 5.418403 170.095082 0.000000
vt 5.418403 174.069266 0.000000
vt 4.584803 174.069266 0.000000
vt 4.584803 178.043450 0.000000
vt 3.751202 178.043450 0.000000
vt 3.751202 182.017634 0.000000
vt 2.842651 180.355703 0.000000
vt 2.842651 184.980208 0.000000
vt 3.751202 185.991818 0.000000
vt 2.842651 189.604713 0.000000
vt 3.751202 189.966003 0.000000
vt 2.842651 194.229218 0.000000
vt 3.751202 193.940187 0.000000
vt 3.751202 197.914371 0.000000
vt 4.584803 193.940187 0.000000
vt 4.584803 197.914371 0.000000
vt 5.418403 193.940187 0.000000
vt 5.418403 197.914371 0.000000
vt 6.252003 193.940187 0.000000
vt 6.252003 197.914371 0.000000
vt 7.294004 193.940187 0.000000
vt 7.294004 197.914371 0.000000
vt 8.336005 195.529860 0.000000
vt 8.336005 200.298881 0.000000
vt 8.336005 104.918462 0.000000
vt 7.294004 107.302972 0.000000
vt 6.252003 110.879738 0.000000
vt 5.418403 114.456504 0.000000
vt 4.584803 118.430688 0.000000
vt 8.336005 109.687483 0.000000
vt 7.294004 110.879738 0.000000
vt 6.252003 114.456504 0.000000
vt 5.418403 118.430688 0.000000
vt 4.584803 122.404872 0.000000
vt 8.336005 114.456504 0.000000
vt 7.294004 114.456504 0.000000
vt 6.252003 118.430688 0.000000
vt 5.418403 122.404872 0.000000
vt 4.584803 126.379056 0.000000
vt 7.294004 118.430688 0.000000
vt 8.336005 119.225525 0.000000
vt 7.294004 122.404872 0.000000
vt 8.336005 123.994546 0.000000
vt 7.294004 126.379056 0.000000
vt 8.336005 128.763567 0.000000
vt 7.294004 130.353240 0.000000
vt 8.336005 133.532588 0.000000
vt 8.336005 166.915735 0.000000
vt 7.294004 170.095082 0.000000
vt 6.252003 174.069266 0.000000
vt 5.418403 178.043450 0.000000
vt 4.584803 182.017634 0.000000
vt 8.336005 171.684756 0.000000
vt 7.294004 174.069266 0.000000
vt 6.252003 178.043450 0.000000
vt 5.418403 182.017634 0.000000
vt 4.584803 185.991818 0.000000
vt 8.336005 176.453776 0.000000
vt 7.294004 178.043450 0.000000
vt 6.252003 182.017634 0.000000
vt 5.418403 185.991818 0.000000
vt 4.584803 189.966003 0.000000
vt 8.336005 181.222797 0.000000
vt 7.294004 182.017634 0.000000
vt 6.252003 185.991818 0.000000
vt 5.418403 189.966003 0.000000
vt 8.336005 185.991818 0.000000
vt 7.294004 185.991818 0.000000
vt 6.252003 189.966003 0.000000
vt 7.294004 189.966003 0.000000
vt 8.336005 190.760839 0.000000
vt 7.294004 201.888555 0.000000
vt 8.336005 205.067902 0.000000
vt 7.294004 205.862739 0.000000
vt 8.336005 209.836923 0.000000
vt 7.294004 209.836923 0.000000
vt 7.294004 213.811108 0.000000
vt 6.252003 213.811108 0.000000
vt 6.252003 217.785292 0.000000
vt 5.418403 217.785292 0.000000
vt 5.418403 221.759476 0.000000
vt 4.584803 221.759476 0.000000
vt 4.584803 225.733660 0.000000
vt 3.751202 225.733660 0.000000
vt 3.751202 229.707844 0.000000
vt 2.842651 226.600755 0.000000
vt 2.842651 231.225260 0.000000
vt 3.751202 233.682028 0.000000
vt 2.842651 235.849765 0.000000
vt 3.751202 237.656212 0.000000
vt 2.842651 240.474270 0.000000
vt 3.751202 241.630397 0.000000
vt 2.842651 245.098776 0.000000
vt 3.751202 245.604581 0.000000
vt 2.842651 249.723281 0.000000
vt 3.751202 249.578765 0.000000
vt 3.751202 253.552949 0.000000
vt 4.584803 249.578765 0.000000
vt 4.584803 253.552949 0.000000
vt 5.418403 249.578765 0.000000
vt 5.418403 253.552949 0.000000
vt 6.252003 249.578765 0.000000
vt 6.252003 253.552949 0.000000
vt 7.294004 249.578765 0.000000
vt 7.294004 253.552949 0.000000
vt 8.336005 252.758112 0.000000
vt 8.336005 257.527133 0.000000
vt 8.336005 214.605944 0.000000
vt 7.294004 217.785292 0.000000
vt 6.252003 221.759476 0.000000
vt 5.418403 225.733660 0.000000
vt 4.584803 229.707844 0.000000
vt 8.336005 219.374965 0.000000
vt 7.294004 221.759476 0.000000
vt 6.252003 225.733660 0.000000
vt 5.418403 229.707844 0.000000
vt 4.584803 233.682028 0.000000
vt 8.336005 224.143986 0.000000
vt 7.294004 225.733660 0.000000
vt 6.252003 229.707844 0.000000
vt 5.418403 233.682028 0.000000
vt 4.584803 237.656212 0.000000
vt 8.336005 228.913007 0.000000
vt 7.294004 229.707844 0.000000
vt 6.252003 233.682028 0.000000
vt 5.418403 237.656212 0.000000
vt 4.584803 241.630397 0.000000
vt 8.336005 233.682028 0.000000
vt 7.294004 233.682028 0.000000
vt 6.252003 237.656212 0.000000
vt 5.418403 241.630397 0.000000
vt 4.584803 245.604581 0.000000
vt 7.294004 237.656212 0.000000
vt 8.336005 238.451049 0.000000
vt 7.294004 241.630397 0.000000
vt 8.336005 243.220070 0.000000
vt 7.294004 245.604581 0.000000
vt 8.336005 247.989091 0.000000
vt 8.336005 262.296154 0.000000
vt 7.294004 261.501317 0.000000
vt 7.294004 257.527133 0.000000
vt 6.252003 257.527133 0.000000
vt 5.418403 257.527133 0.000000
vt 4.584803 257.527133 0.000000
vt 3.751202 257.527133 0.000000
vt 2.842651 254.347786 0.000000
vt 7.294004 265.475502 0.000000
vt 8.336005 267.065175 0.000000
vt 7.294004 269.449686 0.000000
vt 8.336005 271.834196 0.000000
vt 7.294004 273.423870 0.000000
vt 8.336005 276.603217 0.000000
vt 7.294004 277.398054 0.000000
vt 8.336005 281.372238 0.000000
vt 7.294004 281.372238 0.000000
vt 7.294004 285.346422 0.000000
vt 6.252003 285.346422 0.000000
vt 6.252003 289.320606 0.000000
vt 5.418403 289.320606 0.000000
vt 5.418403 293.294791 0.000000
vt 4.584803 293.294791 0.000000
vt 4.584803 297.268975 0.000000
vt 3.751202 297.268975 0.000000
vt 3.751202 301.243159 0.000000
vt 2.842651 300.592838 0.000000
vt 2.842651 305.217343 0.000000
vt 4.215990 305.217343 0.000000
vt 4.584803 301.243159 0.000000
vt 4.902659 305.217343 0.000000
vt 5.418403 301.243159 0.000000
vt 5.589328 305.217343 0.000000
vt 6.252003 301.243159 0.000000
vt 6.275997 305.217343 0.000000
vt 6.962666 305.217343 0.000000
vt 7.294004 301.243159 0.000000
vt 7.649335 305.217343 0.000000
vt 8.336005 300.448322 0.000000
vt 8.336005 305.217343 0.000000
vt 8.336005 286.141259 0.000000
vt 7.294004 289.320606 0.000000
vt 6.252003 293.294791 0.000000
vt 5.418403 297.268975 0.000000
vt 8.336005 290.910280 0.000000
vt 7.294004 293.294791 0.000000
vt 6.252003 297.268975 0.000000
vt 8.336005 295.679301 0.000000
vt 7.294004 297.268975 0.000000
vt 2.842651 295.968333 0.000000
vt 3.751202 293.294791 0.000000
vt 4.584803 289.320606 0.000000
vt 5.418403 285.346422 0.000000
vt 6.252003 281.372238 0.000000
vt 2.842651 291.343828 0.000000
vt 3.751202 289.320606 0.000000
vt 4.584803 285.346422 0.000000
vt 5.418403 281.372238 0.000000
vt 6.252003 277.398054 0.000000
vt 2.842651 286.719322 0.000000
vt 3.751202 285.346422 0.000000
vt 4.584803 281.372238 0.000000
vt 5.418403 277.398054 0.000000
vt 6.252003 273.423870 0.000000
vt 2.842651 282.094817 0.000000
vt 3.751202 281.372238 0.000000
vt 4.584803 277.398054 0.000000
vt 5.418403 273.423870 0.000000
vt 6.252003 269.449686 0.000000
vt 2.842651 277.470312 0.000000
vt 3.751202 277.398054 0.000000
vt 4.584803 273.423870 0.000000
vt 5.418403 269.449686 0.000000
vt 6.252003 265.475502 0.000000
vt 3.751202 273.423870 0.000000
vt 2.842651 272.845807 0.000000
vt 3.751202 269.449686 0.000000
vt 2.842651 268.221302 0.000000
vt 3.751202 265.475502 0.000000
vt 2.842651 263.596796 0.000000
vt 3.751202 261.501317 0.000000
vt 2.842651 258.972291 0.000000
vt 2.842651 221.976250 0.000000
vt 3.751202 221.759476 0.000000
vt 4.584803 217.785292 0.000000
vt 5.418403 213.811108 0.000000
vt 6.252003 209.836923 0.000000
vt 3.751202 217.785292 0.000000
vt 2.842651 217.351744 0.000000
vt 3.751202 213.811108 0.000000
vt 2.842651 212.727239 0.000000
vt 3.751202 209.836923 0.000000
vt 2.842651 208.102734 0.000000
vt 3.751202 205.862739 0.000000
vt 2.842651 203.478229 0.000000
vt 3.751202 201.888555 0.000000
vt 2.842651 198.853724 0.000000
vt 2.842651 175.731198 0.000000
vt 3.751202 174.069266 0.000000
vt 4.584803 170.095082 0.000000
vt 5.418403 166.120898 0.000000
vt 6.252003 162.146714 0.000000
vt 2.842651 171.106692 0.000000
vt 3.751202 170.095082 0.000000
vt 4.584803 166.120898 0.000000
vt 5.418403 162.146714 0.000000
vt 6.252003 158.172529 0.000000
vt 2.842651 166.482187 0.000000
vt 3.751202 166.120898 0.000000
vt 4.584803 162.146714 0.000000
vt 5.418403 158.172529 0.000000
vt 6.252003 154.198345 0.000000
vt 2.842651 161.857682 0.000000
vt 3.751202 162.146714 0.000000
vt 4.584803 158.172529 0.000000
vt 5.418403 154.198345 0.000000
vt 6.252003 150.224161 0.000000
vt 3.751202 158.172529 0.000000
vt 2.842651 157.233177 0.000000
vt 3.751202 154.198345 0.000000
vt 2.842651 152.608672 0.000000
vt 3.751202 150.224161 0.000000
vt 2.842651 147.984166 0.000000
vt 3.751202 146.249977 0.000000
vt 2.842651 143.359661 0.000000
vt 3.751202 142.275793 0.000000
vt 2.842651 138.735156 0.000000
vt 2.842651 110.988125 0.000000
vt 3.751202 110.879738 0.000000
vt 4.584803 107.302972 0.000000
vt 5.418403 103.726206 0.000000
vt 6.252003 100.149441 0.000000
vt 3.751202 107.302972 0.000000
vt 2.842651 106.363620 0.000000
vt 3.751202 103.726206 0.000000
vt 2.842651 101.739114 0.000000
vt 3.751202 100.149441 0.000000
vt 2.842651 97.114609 0.000000
vt 3.751202 96.572675 0.000000
vt 2.842651 92.490104 0.000000
vt 3.751202 92.995909 0.000000
vt 3.751202 89.419143 0.000000
vt 4.584803 89.419143 0.000000
vt 2.842651 87.865599 0.000000
vt 2.842651 69.367578 0.000000
vt 3.751202 67.958549 0.000000
vt 4.584803 64.381783 0.000000
vt 5.418403 60.805018 0.000000
vt 6.252003 57.228252 0.000000
vt 2.842651 64.743073 0.000000
vt 3.751202 64.381783 0.000000
vt 4.584803 60.805018 0.000000
vt 5.418403 57.228252 0.000000
vt 6.252003 53.651486 0.000000
vt 3.751202 60.805018 0.000000
vt 2.842651 60.118568 0.000000
vt 3.751202 57.228252 0.000000
vt 2.842651 55.494062 0.000000
vt 3.751202 53.651486 0.000000
vt 2.842651 50.869557 0.000000
vt 2.842651 27.747031 0.000000
vt 3.751202 25.037360 0.000000
vt 4.584803 21.460594 0.000000
vt 5.418403 17.883829 0.000000
vt 6.252003 14.307063 0.000000
vt 2.842651 23.122526 0.000000
vt 3.751202 21.460594 0.000000
vt 4.584803 17.883829 0.000000
vt 5.418403 14.307063 0.000000
vt 6.252003 10.730297 0.000000
vt 2.842651 18.498021 0.000000
vt 3.751202 17.883829 0.000000
vt 4.584803 14.307063 0.000000
vt 5.418403 10.730297 0.000000
vt 6.252003 7.153531 0.000000
vt 2.842651 13.873516 0.000000
vt 3.751202 14.307063 0.000000
vt 4.584803 10.730297 0.000000
vt 5.418403 7.153531 0.000000
vt 3.751202 10.730297 0.000000
vt 2.842651 9.249010 0.000000
vt 3.751202 7.153531 0.000000
vt 4.584803 7.153531 0.000000
vt 6.252003 35.767657 0.000000
vt 5.418403 39.344423 0.000000
vt 4.584803 42.921189 0.000000
vt 6.252003 39.344423 0.000000
vt 5.418403 42.921189 0.000000
vt 6.252003 42.921189 0.000000
vt 5.418403 53.651486 0.000000
vt 4.584803 53.651486 0.000000
vt 4.584803 57.228252 0.000000
vt 6.252003 89.419143 0.000000
vt 6.252003 92.995909 0.000000
vt 6.252003 96.572675 0.000000
vt 5.418403 89.419143 0.000000
vt 5.418403 92.995909 0.000000
vt 5.418403 96.572675 0.000000
vt 5.418403 100.149441 0.000000
vt 4.584803 92.995909 0.000000
vt 4.584803 96.572675 0.000000
vt 4.584803 100.149441 0.000000
vt 4.584803 103.726206 0.000000
vt 6.252003 122.404872 0.000000
vt 5.418403 126.379056 0.000000
vt 4.584803 130.353240 0.000000
vt 6.252003 126.379056 0.000000
vt 5.418403 130.353240 0.000000
vt 6.252003 130.353240 0.000000
vt 6.252003 142.275793 0.000000
vt 6.252003 146.249977 0.000000
vt 5.418403 142.275793 0.000000
vt 5.418403 146.249977 0.000000
vt 5.418403 150.224161 0.000000
vt 4.584803 142.275793 0.000000
vt 4.584803 146.249977 0.000000
vt 4.584803 150.224161 0.000000
vt 4.584803 154.198345 0.000000
vt 6.252003 201.888555 0.000000
vt 6.252003 205.862739 0.000000
vt 5.418403 201.888555 0.000000
vt 5.418403 205.862739 0.000000
vt 5.418403 209.836923 0.000000
vt 4.584803 201.888555 0.000000
vt 4.584803 205.862739 0.000000
vt 4.584803 209.836923 0.000000
vt 4.584803 213.811108 0.000000
vt 6.252003 241.630397 0.000000
vt 5.418403 245.604581 0.000000
vt 6.252003 245.604581 0.000000
vt 6.252003 261.501317 0.000000
vt 5.418403 261.501317 0.000000
vt 5.418403 265.475502 0.000000
vt 4.584803 261.501317 0.000000
vt 4.584803 265.475502 0.000000
vt 4.584803 269.449686 0.000000
vt -20.245536 4.752320 0.000000
vt -20.245536 0.000000 0.000000
vt -18.723022 3.675622 0.000000
vt -18.382864 0.000000 0.000000
vt -17.200508 3.675622 0.000000
vt -16.520192 0.000000 0.000000
vt -16.520192 4.752320 0.000000
vt -17.200508 7.351245 0.000000
vt -16.520192 9.504640 0.000000
vt -17.200508 11.026867 0.000000
vt -16.520192 14.256960 0.000000
vt -17.200508 14.702490 0.000000
vt -17.200508 18.378112 0.000000
vt -18.723022 18.378112 0.000000
vt -18.723022 22.053734 0.000000
vt -20.245536 19.009279 0.000000
vt -20.245536 23.761599 0.000000
vt -18.723022 25.729357 0.000000
vt -20.245536 28.513919 0.000000
vt -18.723022 29.404979 0.000000
vt -20.245536 33.266239 0.000000
vt -18.723022 33.080601 0.000000
vt -18.723022 36.756224 0.000000
vt -17.200508 33.080601 0.000000
vt -17.200508 36.756224 0.000000
vt -16.520192 33.266239 0.000000
vt -16.520192 38.018559 0.000000
vt -16.520192 19.009279 0.000000
vt -17.200508 22.053734 0.000000
vt -16.520192 23.761599 0.000000
vt -17.200508 25.729357 0.000000
vt -16.520192 28.513919 0.000000
vt -17.200508 29.404979 0.000000
vt -17.200508 40.431846 0.000000
vt -16.520192 42.770879 0.000000
vt -17.200508 44.107469 0.000000
vt -16.520192 47.523199 0.000000
vt -17.200508 47.783091 0.000000
vt -17.200508 51.458713 0.000000
vt -18.723022 51.458713 0.000000
vt -18.723022 55.134336 0.000000
vt -20.245536 52.275518 0.000000
vt -20.245536 57.027838 0.000000
vt -18.723022 58.809958 0.000000
vt -20.245536 61.780158 0.000000
vt -18.723022 62.485581 0.000000
vt -20.245536 66.532478 0.000000
vt -18.723022 66.161203 0.000000
vt -18.723022 69.836825 0.000000
vt -17.200508 66.161203 0.000000
vt -17.200508 69.836825 0.000000
vt -16.520192 66.532478 0.000000
vt -16.520192 71.284798 0.000000
vt -16.520192 52.275518 0.000000
vt -17.200508 55.134336 0.000000
vt -16.520192 57.027838 0.000000
vt -17.200508 58.809958 0.000000
vt -16.520192 61.780158 0.000000
vt -17.200508 62.485581 0.000000
vt -17.200508 73.512448 0.000000
vt -16.520192 76.037118 0.000000
vt -17.200508 77.188070 0.000000
vt -16.520192 80.789437 0.000000
vt -17.200508 80.863692 0.000000
vt -17.200508 84.539315 0.000000
vt -18.723022 84.539315 0.000000
vt -18.723022 88.214937 0.000000
vt -20.245536 85.541757 0.000000
vt -20.245536 90.294077 0.000000
vt -18.723022 91.890560 0.000000
vt -20.245536 95.046397 0.000000
vt -18.723022 95.566182 0.000000
vt -18.723022 99.241804 0.000000
vt -17.200508 95.566182 0.000000
vt -17.200508 99.241804 0.000000
vt -16.520192 95.046397 0.000000
vt -16.520192 99.798717 0.000000
vt -16.520192 85.541757 0.000000
vt -17.200508 88.214937 0.000000
vt -16.520192 90.294077 0.000000
vt -17.200508 91.890560 0.000000
vt -17.200508 102.917427 0.000000
vt -16.520192 104.551037 0.000000
vt -17.200508 106.593049 0.000000
vt -16.520192 109.303357 0.000000
vt -17.200508 110.268672 0.000000
vt -16.520192 114.055676 0.000000
vt -17.200508 113.944294 0.000000
vt -17.200508 117.619916 0.000000
vt -18.723022 117.619916 0.000000
vt -18.723022 121.703941 0.000000
vt -20.245536 118.807996 0.000000
vt -20.245536 123.560316 0.000000
vt -18.723022 125.787966 0.000000
vt -20.245536 128.312636 0.000000
vt -18.723022 129.871991 0.000000
vt -20.245536 133.064956 0.000000
vt -18.723022 133.956016 0.000000
vt -20.245536 137.817276 0.000000
vt -18.723022 138.040041 0.000000
vt -18.723022 142.124066 0.000000
vt -17.200508 138.040041 0.000000
vt -17.200508 142.124066 0.000000
vt -16.520192 137.817276 0.000000
vt -16.520192 142.569596 0.000000
vt -16.520192 118.807996 0.000000
vt -17.200508 121.703941 0.000000
vt -16.520192 123.560316 0.000000
vt -17.200508 125.787966 0.000000
vt -16.520192 128.312636 0.000000
vt -17.200508 129.871991 0.000000
vt -16.520192 133.064956 0.000000
vt -17.200508 133.956016 0.000000
vt -17.200508 146.208090 0.000000
vt -16.520192 147.321915 0.000000
vt -17.200508 150.292115 0.000000
vt -16.520192 152.074235 0.000000
vt -17.200508 154.376140 0.000000
vt -16.520192 156.826555 0.000000
vt -17.200508 158.460165 0.000000
vt -16.520192 161.578875 0.000000
vt -17.200508 162.544190 0.000000
vt -16.520192 166.331195 0.000000
vt -17.200508 166.628215 0.000000
vt -17.200508 170.712240 0.000000
vt -18.723022 170.712240 0.000000
vt -18.723022 174.796265 0.000000
vt -20.245536 171.083515 0.000000
vt -20.245536 175.835835 0.000000
vt -18.723022 178.880289 0.000000
vt -20.245536 180.588154 0.000000
vt -18.723022 182.964314 0.000000
vt -20.245536 185.340474 0.000000
vt -18.723022 187.048339 0.000000
vt -20.245536 190.092794 0.000000
vt -18.723022 191.132364 0.000000
vt -20.245536 194.845114 0.000000
vt -18.723022 195.216389 0.000000
vt -20.245536 199.597434 0.000000
vt -18.723022 199.300414 0.000000
vt -18.723022 203.384439 0.000000
vt -17.200508 199.300414 0.000000
vt -17.200508 203.384439 0.000000
vt -16.520192 199.597434 0.000000
vt -16.520192 204.349754 0.000000
vt -16.520192 171.083515 0.000000
vt -17.200508 174.796265 0.000000
vt -16.520192 175.835835 0.000000
vt -17.200508 178.880289 0.000000
vt -16.520192 180.588154 0.000000
vt -17.200508 182.964314 0.000000
vt -16.520192 185.340474 0.000000
vt -17.200508 187.048339 0.000000
vt -16.520192 190.092794 0.000000
vt -17.200508 191.132364 0.000000
vt -16.520192 194.845114 0.000000
vt -17.200508 195.216389 0.000000
vt -17.200508 207.468464 0.000000
vt -16.520192 209.102073 0.000000
vt -17.200508 211.552488 0.000000
vt -16.520192 213.854393 0.000000
vt -17.200508 215.636513 0.000000
vt -16.520192 218.606713 0.000000
vt -17.200508 219.720538 0.000000
vt -16.520192 223.359033 0.000000
vt -17.200508 223.804563 0.000000
vt -16.520192 228.111353 0.000000
vt -17.200508 227.888588 0.000000
vt -17.200508 231.972613 0.000000
vt -18.723022 231.972613 0.000000
vt -18.723022 236.056638 0.000000
vt -20.245536 232.863673 0.000000
vt -20.245536 237.615993 0.000000
vt -18.723022 240.140662 0.000000
vt -20.245536 242.368312 0.000000
vt -18.723022 244.224687 0.000000
vt -20.245536 247.120632 0.000000
vt -18.723022 248.308712 0.000000
vt -20.245536 251.872952 0.000000
vt -18.723022 252.392737 0.000000
vt -20.245536 256.625272 0.000000
vt -18.723022 256.476762 0.000000
vt -18.723022 260.560787 0.000000
vt -17.200508 256.476762 0.000000
vt -17.200508 260.560787 0.000000
vt -16.520192 256.625272 0.000000
vt -16.520192 261.377592 0.000000
vt -16.520192 232.863673 0.000000
vt -17.200508 236.056638 0.000000
vt -16.520192 237.615993 0.000000
vt -17.200508 240.140662 0.000000
vt -16.520192 242.368312 0.000000
vt -17.200508 244.224687 0.000000
vt -16.520192 247.120632 0.000000
vt -17.200508 248.308712 0.000000
vt -16.520192 251.872952 0.000000
vt -17.200508 252.392737 0.000000
vt -17.200508 264.644812 0.000000
vt -16.520192 266.129912 0.000000
vt -17.200508 268.728837 0.000000
vt -16.520192 270.882232 0.000000
vt -17.200508 272.812861 0.000000
vt -16.520192 275.634551 0.000000
vt -17.200508 276.896886 0.000000
vt -16.520192 280.386871 0.000000
vt -17.200508 280.980911 0.000000
vt -16.520192 285.139191 0.000000
vt -17.200508 285.064936 0.000000
vt -17.200508 289.148961 0.000000
vt -18.723022 289.148961 0.000000
vt -18.723022 293.232986 0.000000
vt -20.245536 289.891511 0.000000
vt -20.245536 294.643831 0.000000
vt -18.723022 297.317011 0.000000
vt -20.245536 299.396151 0.000000
vt -18.723022 301.401036 0.000000
vt -20.245536 304.148470 0.000000
vt -18.723022 305.485060 0.000000
vt -20.245536 308.900790 0.000000
vt -18.723022 309.569085 0.000000
vt -20.245536 313.653110 0.000000
vt -18.382864 313.653110 0.000000
vt -17.200508 309.569085 0.000000
vt -16.520192 313.653110 0.000000
vt -16.520192 308.900790 0.000000
vt -17.200508 305.485060 0.000000
vt -16.520192 304.148470 0.000000
vt -17.200508 301.401036 0.000000
vt -16.520192 299.396151 0.000000
vt -17.200508 297.317011 0.000000
vt -16.520192 294.643831 0.000000
vt -17.200508 293.232986 0.000000
vt -16.520192 289.891511 0.000000
vt -20.245536 285.139191 0.000000
vt -18.723022 285.064936 0.000000
vt -18.723022 280.980911 0.000000
vt -20.245536 280.386871 0.000000
vt -18.723022 276.896886 0.000000
vt -20.245536 275.634551 0.000000
vt -18.723022 272.812861 0.000000
vt -20.245536 270.882232 0.000000
vt -18.723022 268.728837 0.000000
vt -20.245536 266.129912 0.000000
vt -18.723022 264.644812 0.000000
vt -20.245536 261.377592 0.000000
vt -20.245536 228.111353 0.000000
vt -18.723022 227.888588 0.000000
vt -18.723022 223.804563 0.000000
vt -20.245536 223.359033 0.000000
vt -18.723022 219.720538 0.000000
vt -20.245536 218.606713 0.000000
vt -18.723022 215.636513 0.000000
vt -20.245536 213.854393 0.000000
vt -18.723022 211.552488 0.000000
vt -20.245536 209.102073 0.000000
vt -18.723022 207.468464 0.000000
vt -20.245536 204.349754 0.000000
vt -20.245536 166.331195 0.000000
vt -18.723022 166.628215 0.000000
vt -18.723022 162.544190 0.000000
vt -20.245536 161.578875 0.000000
vt -18.723022 158.460165 0.000000
vt -20.245536 156.826555 0.000000
vt -18.723022 154.376140 0.000000
vt -20.245536 152.074235 0.000000
vt -18.723022 150.292115 0.000000
vt -20.245536 147.321915 0.000000
vt -18.723022 146.208090 0.000000
vt -20.245536 142.569596 0.000000
vt -20.245536 114.055676 0.000000
vt -18.723022 113.944294 0.000000
vt -18.723022 110.268672 0.000000
vt -20.245536 109.303357 0.000000
vt -18.723022 106.593049 0.000000
vt -20.245536 104.551037 0.000000
vt -18.723022 102.917427 0.000000
vt -20.245536 99.798717 0.000000
vt -20.245536 80.789437 0.000000
vt -18.723022 80.863692 0.000000
vt -18.723022 77.188070 0.000000
vt -20.245536 76.037118 0.000000
vt -18.723022 73.512448 0.000000
vt -20.245536 71.284798 0.000000
vt -20.245536 47.523199 0.000000
vt -18.723022 47.783091 0.000000
vt -18.723022 44.107469 0.000000
vt -20.245536 42.770879 0.000000
vt -18.723022 40.431846 0.000000
vt -20.245536 38.018559 0.000000
vt -20.245536 14.256960 0.000000
vt -18.723022 14.702490 0.000000
vt -18.723022 11.026867 0.000000
vt -20.245536 9.504640 0.000000
vt -18.723022 7.351245 0.000000
vn -17.281201 1.702050 -98.480775
vn -17.281201 1.702050 -98.480775
vn -17.364818 0.000000 -98.480775
vn -16.617095 5.040741 -98.480775
vn -16.617095 5.040741 -98.480775
vn -17.031158 3.387708 -98.480775
vn -15.314402 8.185718 -98.480775
vn -15.314402 8.185718 -98.480775
vn -16.043000 6.645228 -98.480775
vn -13.423186 11.016124 -98.480775
vn -13.423186 11.016124 -98.480775
vn -14.438318 9.647376 -98.480775
vn -11.016124 13.423186 -98.480775
vn -11.016124 13.423186 -98.480775
vn -12.278780 12.278780 -98.480775
vn -8.185718 15.314402 -98.480775
vn -8.185718 15.314402 -98.480775
vn -9.647376 14.438318 -98.480775
vn -5.040741 16.617095 -98.480775
vn -5.040741 16.617095 -98.480775
vn -6.645228 16.043000 -98.480775
vn -1.702050 17.281201 -98.480775
vn -1.702050 17.281201 -98.480775
vn -3.387708 17.031158 -98.480775
vn 1.702050 17.281201 -98.480775
vn 1.702050 17.281201 -98.480775
vn -0.000000 17.364818 -98.480775
vn 5.040741 16.617095 -98.480775
vn 5.040741 16.617095 -98.480775
vn 3.387708 17.031158 -98.480775
vn 8.185718 15.314402 -98.480775
vn 8.185718 15.314402 -98.480775
vn 6.645228 16.043000 -98.480775
vn 11.016124 13.423186 -98.480775
vn 11.016124 13.423186 -98.480775
vn 9.647376 14.438318 -98.480775
vn 13.423186 11.016124 -98.480775
vn 13.423186 11.016124 -98.480775
vn 12.278780 12.278780 -98.480775
vn 15.314402 8.185718 -98.480775
vn 15.314402 8.185718 -98.480775
vn 14.438318 9.647376 -98.480775
vn 16.617095 5.040741 -98.480775
vn 16.617095 5.040741 -98.480775
vn 16.043000 6.645228 -98.480775
vn 17.281201 1.702050 -98.480775
vn 17.281201 1.702050 -98.480775
vn 17.031158 3.387708 -98.480775
vn 17.281201 -1.702050 -98.480775
vn 17.281201 -1.702050 -98.480775
vn 17.364818 0.000000 -98.480775
vn 16.617095 -5.040741 -98.480775
vn 16.617095 -5.040741 -98.480775
vn 17.031158 -3.387708 -98.480775
vn 15.314402 -8.185718 -98.480775
vn 15.314402 -8.185718 -98.480775
vn 16.043000 -6.645228 -98.480775
vn 13.423186 -11.016124 -98.480775
vn 13.423186 -11.016124 -98.480775
vn 14.438318 -9.647376 -98.480775
vn 11.016124 -13.423186 -98.480775
vn 11.016124 -13.423186 -98.480775
vn 12.278780 -12.278780 -98.480775
vn 8.185718 -15.314402 -98.480775
vn 8.185718 -15.314402 -98.480775
vn 9.647376 -14.438318 -98.480775
vn 5.040741 -16.617095 -98.480775
vn 5.040741 -16.617095 -98.480775
vn 6.645228 -16.043000 -98.480775
vn 1.702050 -17.281201 -98.480775
vn 1.702050 -17.281201 -98.480775
vn 3.387708 -17.031158 -98.480775
vn -1.702050 -17.281201 -98.480775
vn -1.702050 -17.281201 -98.480775
vn 0.000000 -17.364818 -98.480775
vn -5.040741 -16.617095 -98.480775
vn -5.040741 -16.617095 -98.480775
vn -3.387708 -17.031158 -98.480775
vn -8.185718 -15.314402 -98.480775
vn -8.185718 -15.314402 -98.480775
vn -6.645228 -16.043000 -98.480775
vn -9.647376 -14.438318 -98.480775
vn -9.647376 -14.438318 -98.480775
vn -12.278780 -12.278780 -98.480775
vn -12.278780 -12.278780 -98.480775
vn -11.016124 -13.423186 -98.480775
vn -14.438318 -9.647376 -98.480775
vn -14.438318 -9.647376 -98.480775
vn -13.423186 -11.016124 -98.480775
vn -16.043000 -6.645228 -98.480775
vn -16.043000 -6.645228 -98.480775
vn -15.314402 -8.185718 -98.480775
vn -17.031158 -3.387708 -98.480775
vn -17.031158 -3.387708 -98.480775
vn -16.617095 -5.040741 -98.480775
vn -17.364818 0.000000 -98.480775
vn -17.281201 -1.702050 -98.480775
vn 17.364818 0.000000 -98.480775
vn 17.031158 3.387708 -98.480775
vn 16.043000 6.645228 -98.480775
vn 14.438318 9.647376 -98.480775
vn 12.278780 12.278780 -98.480775
vn 9.647376 14.438318 -98.480775
vn 6.645228 16.043000 -98.480775
vn 3.387708 17.031158 -98.480775
vn -0.000000 17.364818 -98.480775
vn -3.387708 17.031158 -98.480775
vn -6.645228 16.043000 -98.480775
vn -9.647376 14.438318 -98.480775
vn -12.278780 12.278780 -98.480775
vn -14.438318 9.647376 -98.480775
vn -16.043000 6.645228 -98.480775
vn -17.031158 3.387708 -98.480775
vn -17.281201 -1.702050 -98.480775
vn -16.617095 -5.040741 -98.480775
vn -15.314402 -8.185718 -98.480775
vn -13.423186 -11.016124 -98.480775
vn -11.016124 -13.423186 -98.480775
vn -6.645228 -16.043000 -98.480775
vn -3.387708 -17.031158 -98.480775
vn -0.000000 -17.364818 -98.480775
vn 3.387708 -17.031158 -98.480775
vn 6.645228 -16.043000 -98.480775
vn 9.647376 -14.438318 -98.480775
vn 12.278780 -12.278780 -98.480775
vn 14.438318 -9.647376 -98.480775
vn 16.043000 -6.645228 -98.480775
vn 17.031158 -3.387708 -98.480775
vn -15.295037 0.000000 -98.823387
vn 12.326732 0.000000 -99.237350
vn -15.221387 1.499176 -98.823387
vn 29.266881 -2.158855 -95.597014
vn 29.028766 -4.306011 -95.597014
vn 72.587090 -5.354345 -68.574379
vn 71.996522 -10.679675 -68.574379
vn 87.654229 -6.465764 -47.696227
vn 86.941075 -12.896490 -47.696227
vn 93.044688 -6.863389 -35.994164
vn 92.287678 -13.689584 -35.994164
vn 95.766767 -7.064181 -27.907414
vn 94.987609 -14.090081 -27.907414
vn 97.828465 -9.341486 -18.502112
vn 96.497525 -18.598374 -18.502112
vn 45.372094 0.000000 -89.114382
vn 72.092572 0.000000 -69.301235
vn 85.936816 0.000000 -51.135738
vn 91.789151 0.000000 -39.683141
vn 94.639277 0.000000 -32.301814
vn 98.273454 0.000000 -18.502112
vn 93.693705 -21.039625 -27.907414
vn 94.292689 -27.686832 -18.502112
vn 91.892067 -27.875154 -27.907414
vn 89.592458 -34.559625 -27.907414
vn 87.045879 -33.577301 -35.994164
vn 84.339925 -39.889814 -35.994164
vn 79.453768 -37.578833 -47.696227
vn 76.474014 -43.321994 -47.696227
vn 63.328674 -35.875251 -68.574379
vn 60.517935 -40.436791 -68.574379
vn 24.400637 -16.303984 -95.597014
vn 23.135127 -18.054830 -95.597014
vn -12.717359 8.497467 -98.823387
vn -11.823224 9.703069 -98.823387
vn 21.744246 -19.707836 -95.597014
vn -10.815225 10.815225 -98.823387
vn 20.235530 -21.254042 -95.597014
vn -9.703069 11.823224 -98.823387
vn 18.617157 -22.685071 -95.597014
vn 16.897896 -23.993168 -95.597014
vn 46.173872 -56.263026 -68.574379
vn 41.909797 -59.507340 -68.574379
vn 55.758334 -67.941726 -47.696227
vn 50.609151 -71.859473 -47.696227
vn 59.187296 -72.119929 -35.994164
vn 53.721454 -76.278604 -35.994164
vn 60.918856 -74.229841 -27.907414
vn 55.293108 -78.510181 -27.907414
vn 57.004196 -80.051193 -18.502112
vn 49.367722 -82.365067 -27.907414
vn 49.136727 -85.107308 -18.502112
vn 43.174807 -85.773611 -27.907414
vn 40.824268 -89.392678 -18.502112
vn 36.747925 -88.717339 -27.907414
vn 32.142099 -92.868495 -18.502112
vn 30.121903 -91.180301 -27.907414
vn 23.168845 -95.503280 -18.502112
vn 23.332647 -93.149148 -27.907414
vn 16.416950 -94.613213 -27.907414
vn 15.950314 -91.923923 -35.994164
vn 9.144752 -92.848229 -35.994164
vn 8.614959 -87.469151 -47.696227
vn 2.156987 -87.865905 -47.696227
vn 1.786216 -72.762380 -68.574379
vn -3.571356 -72.696630 -68.574379
vn -1.439959 -29.311048 -95.597014
vn -3.592312 -29.125698 -95.597014
vn 1.499176 15.221387 -98.823387
vn 2.983914 15.001147 -98.823387
vn -5.725198 -28.782514 -95.597014
vn -7.827058 -28.283355 -95.597014
vn -14.199513 -71.385772 -68.574379
vn -19.412502 -70.147768 -68.574379
vn -17.146952 -86.203550 -47.696227
vn -23.442018 -84.708569 -47.696227
vn -18.201436 -91.504797 -35.994164
vn -24.883629 -89.917880 -35.994164
vn -18.733930 -94.181825 -27.907414
vn -25.611614 -92.548482 -27.907414
vn -23.168845 -95.503280 -18.502112
vn -32.142099 -92.868495 -18.502112
vn 91.233924 -36.524553 -18.502112
vn 86.807340 -41.056814 -27.907414
vn 81.176925 -45.986160 -35.994164
vn 73.079841 -48.830388 -47.696227
vn 57.379244 -44.779202 -68.574379
vn 87.348930 -45.031503 -18.502112
vn 83.551805 -47.331513 -27.907414
vn 77.574021 -51.833304 -35.994164
vn 69.289641 -54.074167 -47.696227
vn 53.929610 -48.878950 -68.574379
vn 82.672891 -53.130641 -18.502112
vn 79.843496 -53.349718 -27.907414
vn 73.550737 -57.399558 -35.994164
vn 65.123956 -59.024913 -47.696227
vn 50.187727 -52.713818 -68.574379
vn 77.248153 -60.748619 -18.502112
vn 75.702508 -59.078817 -27.907414
vn 69.128874 -62.654760 -35.994164
vn 60.605357 -63.655798 -47.696227
vn 71.151281 -64.487762 -27.907414
vn 71.123844 -67.816448 -18.502112
vn 66.214479 -69.547243 -27.907414
vn 64.355427 -74.270121 -18.502112
vn 13.985771 -97.273172 -18.502112
vn 9.412288 -95.564560 -27.907414
vn 2.289635 -93.269383 -35.994164
vn -4.312675 -87.786507 -47.696227
vn -8.909576 -72.236930 -68.574379
vn 4.676039 -98.162144 -18.502112
vn 2.356619 -95.998034 -27.907414
vn -4.577890 -93.185101 -35.994164
vn -10.758965 -87.231385 -47.696227
vn -4.676039 -98.162144 -18.502112
vn -4.711819 -95.911287 -27.907414
vn -11.420608 -92.595842 -35.994164
vn -11.754725 -95.304788 -27.907414
vn -13.985771 -97.273172 -18.502112
vn -40.824268 -89.392678 -18.502112
vn -38.914090 -87.788780 -27.907414
vn -32.350507 -90.413610 -27.907414
vn -31.430975 -87.843690 -35.994164
vn -29.610050 -82.754546 -47.696227
vn -24.520293 -68.529627 -68.574379
vn -9.886503 -27.630926 -95.597014
vn 4.439915 14.636438 -98.823387
vn -45.266794 -84.688214 -27.907414
vn -49.136727 -85.107308 -18.502112
vn -51.374193 -81.128716 -27.907414
vn -57.004196 -80.051193 -18.502112
vn -57.203191 -77.129574 -27.907414
vn -64.355427 -74.270121 -18.502112
vn -62.722200 -72.712460 -27.907414
vn -67.901312 -67.901312 -27.907414
vn -65.971282 -65.971282 -35.994164
vn -71.141868 -60.359380 -35.994164
vn -67.020328 -56.862514 -47.696227
vn -71.443027 -51.195349 -47.696227
vn -59.162478 -42.395232 -68.574379
vn -62.429178 -37.418609 -68.574379
vn -25.171244 -15.087063 -95.597014
vn -26.319983 -12.979579 -95.597014
vn 13.489019 7.210031 -98.823387
vn 14.130772 5.853157 -98.823387
vn -27.292654 -10.785268 -95.597014
vn 14.636438 4.439915 -98.823387
vn -28.082751 -8.518809 -95.597014
vn -28.684987 -6.195363 -95.597014
vn -69.650234 -21.128168 -68.574379
vn -71.143887 -15.365607 -68.574379
vn -84.107761 -25.513810 -47.696227
vn -85.911456 -18.555096 -47.696227
vn -89.280124 -27.082829 -35.994164
vn -91.194741 -19.696176 -35.994164
vn -91.892067 -27.875154 -27.907414
vn -93.862698 -20.272400 -27.907414
vn -94.292689 -27.686832 -18.502112
vn -96.497525 -18.598374 -18.502112
vn -71.123844 -67.816448 -18.502112
vn -73.223166 -62.125230 -27.907414
vn -75.836549 -54.343702 -35.994164
vn -75.387806 -45.185712 -47.696227
vn -65.278256 -32.191673 -68.574379
vn -77.248153 -60.748619 -18.502112
vn -78.055193 -55.933560 -27.907414
vn -80.023920 -47.964492 -35.994164
vn -78.828277 -38.873804 -47.696227
vn -67.690654 -26.749391 -68.574379
vn -82.672891 -53.130641 -18.502112
vn -82.365067 -49.367722 -27.907414
vn -83.675968 -41.264421 -35.994164
vn -81.741424 -32.301849 -47.696227
vn -87.348930 -45.031503 -18.502112
vn -86.123959 -42.471637 -27.907414
vn -86.768265 -34.288311 -35.994164
vn -91.233924 -36.524553 -18.502112
vn -89.306723 -35.291437 -27.907414
vn -95.205432 -12.534033 -27.907414
vn -97.828465 -9.341486 -18.502112
vn -95.911287 -4.711819 -27.907414
vn -98.273454 -0.000000 -18.502112
vn -95.975542 3.141914 -27.907414
vn -97.828465 9.341486 -18.502112
vn -95.397766 10.974629 -27.907414
vn -96.497525 18.598374 -18.502112
vn -94.181825 18.733930 -27.907414
vn -92.335852 26.367909 -27.907414
vn -89.711295 25.618427 -35.994164
vn -87.317666 32.864043 -35.994164
vn -82.258996 30.960094 -47.696227
vn -79.453768 37.578833 -47.696227
vn -65.796229 31.119299 -68.574379
vn -63.033054 36.392151 -68.574379
vn -25.414725 14.673198 -95.597014
vn -24.130609 16.701039 -95.597014
vn 12.717359 -8.497467 -98.823387
vn 11.823224 -9.703069 -98.823387
vn -22.685071 18.617157 -95.597014
vn -21.087781 20.408735 -95.597014
vn -56.263026 46.173872 -68.574379
vn -52.301461 50.617307 -68.574379
vn -67.941726 55.758334 -47.696227
vn -63.157846 61.124106 -47.696227
vn -72.119929 59.187296 -35.994164
vn -67.041856 64.883047 -35.994164
vn -74.229841 60.918856 -27.907414
vn -69.003205 66.781239 -27.907414
vn -71.123844 67.816448 -18.502112
vn -64.355427 74.270121 -18.502112
vn -94.292689 27.686832 -18.502112
vn -89.872197 33.825500 -27.907414
vn -84.339925 39.889814 -35.994164
vn -76.117031 43.946188 -47.696227
vn -59.848218 41.421557 -68.574379
vn -91.233924 36.524553 -18.502112
vn -86.807340 41.056814 -27.907414
vn -80.797990 46.648741 -35.994164
vn -72.271108 50.019565 -47.696227
vn -87.348930 45.031503 -18.502112
vn -83.161783 48.013478 -27.907414
vn -76.715554 53.095611 -35.994164
vn -82.672891 53.130641 -18.502112
vn -78.959914 54.648955 -27.907414
vn -77.248153 60.748619 -18.502112
vn -57.004196 80.051193 -18.502112
vn -57.203191 77.129574 -27.907414
vn -63.314971 72.196888 -27.907414
vn -61.515304 70.144761 -35.994164
vn -57.951471 66.080988 -47.696227
vn -47.990025 54.722135 -68.574379
vn -19.349424 22.063789 -95.597014
vn 10.815225 -10.815225 -98.823387
vn -50.708748 81.546300 -27.907414
vn -49.136727 85.107308 -18.502112
vn -43.875088 85.417521 -27.907414
vn -40.824268 89.392678 -18.502112
vn -36.747925 88.717339 -27.907414
vn -32.142099 92.868495 -18.502112
vn -29.374936 91.423681 -27.907414
vn -23.168845 95.503280 -18.502112
vn -21.805442 93.518442 -27.907414
vn -13.985771 97.273172 -18.502112
vn -14.090081 94.987609 -27.907414
vn -6.280463 95.821355 -27.907414
vn -6.101947 93.097725 -35.994164
vn 1.526508 93.284993 -35.994164
vn 1.438071 87.880611 -47.696227
vn 8.614959 87.469151 -47.696227
vn 7.134109 72.433825 -68.574379
vn 13.029617 71.608545 -68.574379
vn 5.253500 28.872335 -95.597014
vn 7.595406 28.346443 -95.597014
vn -2.983914 -15.001147 -98.823387
vn -4.439915 -14.636438 -98.823387
vn 9.886503 27.630926 -95.597014
vn -5.853157 -14.130772 -98.823387
vn 12.111464 26.730571 -95.597014
vn -7.210031 -13.489019 -98.823387
vn 14.255405 25.651402 -95.597014
vn -8.497467 -12.717359 -98.823387
vn 16.303984 24.400637 -95.597014
vn 18.243498 22.986644 -95.597014
vn 40.436791 60.517935 -68.574379
vn 45.247131 57.010979 -68.574379
vn 48.830388 73.079841 -47.696227
vn 54.639225 68.844934 -47.696227
vn 51.833304 77.574021 -35.994164
vn 57.999366 73.078681 -35.994164
vn 53.349718 79.843496 -27.907414
vn 59.696172 75.216642 -27.907414
vn 57.004196 80.051193 -18.502112
vn 64.355427 74.270121 -18.502112
vn -4.676039 98.162144 -18.502112
vn 1.571167 96.014101 -27.907414
vn 9.144752 92.848229 -35.994164
vn 15.734217 86.472564 -47.696227
vn 18.837963 70.304237 -68.574379
vn 4.676039 98.162144 -18.502112
vn 9.412288 95.564560 -27.907414
vn 16.701822 91.790355 -35.994164
vn 22.748221 84.897517 -47.696227
vn 24.520293 68.529627 -68.574379
vn 13.985771 97.273172 -18.502112
vn 17.190444 94.475737 -27.907414
vn 24.147165 90.118447 -35.994164
vn 29.610050 82.754546 -47.696227
vn 30.038593 66.296587 -68.574379
vn 23.168845 95.503280 -18.502112
vn 24.853605 92.754917 -27.907414
vn 31.430975 87.843690 -35.994164
vn 36.273802 80.057987 -47.696227
vn 35.355949 63.620055 -68.574379
vn 32.142099 92.868495 -18.502112
vn 32.350507 90.413610 -27.907414
vn 38.504527 84.981301 -35.994164
vn 42.694899 76.825878 -47.696227
vn 40.824268 89.392678 -18.502112
vn 39.631000 87.467480 -27.907414
vn 45.320501 81.550428 -35.994164
vn 46.646380 83.936235 -27.907414
vn 49.136727 85.107308 -18.502112
vn 65.643288 70.086625 -27.907414
vn 71.123844 67.816448 -18.502112
vn 71.151281 64.487762 -27.907414
vn 77.248153 60.748619 -18.502112
vn 76.183306 58.457507 -27.907414
vn 82.672891 53.130641 -18.502112
vn 80.705701 52.036199 -27.907414
vn 84.688214 45.266794 -27.907414
vn 82.281033 43.980129 -35.994164
vn 85.599926 37.108931 -35.994164
vn 80.640772 34.959059 -47.696227
vn 83.227940 28.252079 -47.696227
vn 68.921648 23.395747 -68.574379
vn 70.603047 17.685143 -68.574379
vn 28.466922 7.130593 -95.597014
vn 28.954427 4.780395 -95.597014
vn -15.001147 -2.983914 -98.823387
vn -15.221387 -1.499176 -98.823387
vn 29.248240 2.398219 -95.597014
vn 72.540856 5.948011 -68.574379
vn 87.598398 7.182659 -47.696227
vn 92.985424 7.624370 -35.994164
vn 95.705769 7.847426 -27.907414
vn 97.828465 9.341486 -18.502112
vn 94.744356 15.642356 -27.907414
vn 96.497525 18.598374 -18.502112
vn 93.149148 23.332647 -27.907414
vn 94.292689 27.686832 -18.502112
vn 90.930818 30.866853 -27.907414
vn 91.233924 36.524553 -18.502112
vn 88.104203 38.194575 -27.907414
vn 87.348930 45.031503 -18.502112
vn -14.636438 -4.439915 -98.823387
vn 27.788987 9.433090 -95.597014
vn 66.779196 28.949845 -68.574379
vn 77.514156 41.432180 -47.696227
vn 78.411720 50.557120 -35.994164
vn -14.130772 -5.853157 -98.823387
vn 26.925158 11.672485 -95.597014
vn 64.190023 34.310282 -68.574379
vn 73.869008 47.628139 -47.696227
vn 74.017869 56.795908 -35.994164
vn -13.489019 -7.210031 -98.823387
vn 25.881211 13.833796 -95.597014
vn 61.171450 39.441200 -68.574379
vn 69.729711 53.505489 -47.696227
vn 69.128874 62.654760 -35.994164
vn 24.664132 15.902565 -95.597014
vn -12.717359 -8.497467 -98.823387
vn 23.282062 17.864954 -95.597014
vn -11.823224 -9.703069 -98.823387
vn 21.744246 19.707836 -95.597014
vn -10.815225 -10.815225 -98.823387
vn 20.060971 21.418881 -95.597014
vn -9.703069 -11.823224 -98.823387
vn -1.499176 -15.221387 -98.823387
vn 2.876450 29.205086 -95.597014
vn 1.190877 72.774559 -68.574379
vn -5.748436 87.704193 -47.696227
vn -13.689584 92.287678 -35.994164
vn 0.480158 29.342468 -95.597014
vn 0.000000 -15.295037 -98.823387
vn -1.919346 29.283564 -95.597014
vn 1.499176 -15.221387 -98.823387
vn -4.306011 29.028766 -95.597014
vn 2.983914 -15.001147 -98.823387
vn -6.663870 28.579780 -95.597014
vn 4.439915 -14.636438 -98.823387
vn -8.977151 27.939609 -95.597014
vn 5.853157 -14.130772 -98.823387
vn -11.230380 27.112535 -95.597014
vn -13.408482 26.104092 -95.597014
vn -33.255430 64.742806 -68.574379
vn -38.435050 61.808588 -68.574379
vn -46.413139 74.638398 -47.696227
vn -52.357428 70.595819 -47.696227
vn -55.577245 74.937240 -35.994164
vn 7.210031 -13.489019 -98.823387
vn -15.496889 24.921024 -95.597014
vn -43.357558 58.460899 -68.574379
vn 8.497467 -12.717359 -98.823387
vn -17.481628 23.571247 -95.597014
vn 9.703069 -11.823224 -98.823387
vn 13.489019 -7.210031 -98.823387
vn -26.528828 12.547201 -95.597014
vn -68.119259 25.638274 -68.574379
vn -84.513952 24.134246 -47.696227
vn -91.504797 18.201436 -35.994164
vn 14.130772 -5.853157 -98.823387
vn -27.465467 10.337270 -95.597014
vn -69.986604 19.985741 -68.574379
vn -86.203550 17.146952 -47.696227
vn -92.686176 10.662686 -35.994164
vn 14.636438 -4.439915 -98.823387
vn -28.218374 8.058187 -95.597014
vn -71.385772 14.199513 -68.574379
vn -87.316487 10.044953 -47.696227
vn -93.247529 3.052608 -35.994164
vn 15.001147 -2.983914 -98.823387
vn -28.782514 5.725198 -95.597014
vn -72.307403 8.318297 -68.574379
vn -87.845318 2.875758 -47.696227
vn -93.185101 -4.577890 -35.994164
vn -29.154113 3.353911 -95.597014
vn 15.221387 -1.499176 -98.823387
vn -29.330684 0.960187 -95.597014
vn 15.295037 0.000000 -98.823387
vn -29.311048 -1.439959 -95.597014
vn 15.221387 1.499176 -98.823387
vn -29.095334 -3.830473 -95.597014
vn 15.001147 2.983914 -98.823387
vn 12.717359 8.497467 -98.823387
vn -23.854121 -17.093622 -95.597014
vn -55.500010 -47.088252 -68.574379
vn -62.149296 -62.149296 -47.696227
vn -60.939382 -70.645679 -35.994164
vn 11.823224 9.703069 -98.823387
vn -22.377426 -18.985832 -95.597014
vn -51.466273 -51.466273 -68.574379
vn -57.408914 -66.552885 -47.696227
vn -55.577245 -74.937240 -35.994164
vn 10.815225 10.815225 -98.823387
vn -20.751036 -20.751036 -95.597014
vn -47.540729 -55.112917 -68.574379
vn -52.357428 -70.595819 -47.696227
vn -49.913931 -78.822710 -35.994164
vn -19.168269 -22.221351 -95.597014
vn 9.703069 11.823224 -98.823387
vn -17.481628 -23.571247 -95.597014
vn 8.497467 12.717359 -98.823387
vn -15.700252 -24.793408 -95.597014
vn 7.210031 13.489019 -98.823387
vn -13.833796 -25.881211 -95.597014
vn -11.892372 -26.828762 -95.597014
vn -29.495206 -66.540119 -68.574379
vn 5.853157 14.130772 -98.823387
vn -0.000000 15.295037 -98.823387
vn 0.720197 -29.337558 -95.597014
vn 7.134109 -72.433825 -68.574379
vn 15.026247 -86.598394 -47.696227
vn 22.669439 -90.501473 -35.994164
vn -1.499176 15.221387 -98.823387
vn 2.876450 -29.205086 -95.597014
vn 12.443342 -71.712745 -68.574379
vn 21.356106 -85.258353 -47.696227
vn 29.265717 -88.588588 -35.994164
vn 5.017115 -28.914349 -95.597014
vn -2.983914 15.001147 -98.823387
vn 7.130593 -28.466922 -95.597014
vn -4.439915 14.636438 -98.823387
vn 9.205429 -27.865231 -95.597014
vn -5.853157 14.130772 -98.823387
vn 11.230380 -27.112535 -95.597014
vn 13.194472 -26.212915 -95.597014
vn 32.724647 -65.012707 -68.574379
vn 37.418609 -62.429178 -68.574379
vn 45.185712 -75.387806 -47.696227
vn -7.210031 13.489019 -98.823387
vn 15.087063 -25.171244 -95.597014
vn -8.497467 12.717359 -98.823387
vn 25.533918 -14.464786 -95.597014
vn -13.489019 7.210031 -98.823387
vn 26.528828 -12.547201 -95.597014
vn -14.130772 5.853157 -98.823387
vn 27.379977 -10.561623 -95.597014
vn -14.636438 4.439915 -98.823387
vn 28.082751 -8.518809 -95.597014
vn 28.633342 -6.429832 -95.597014
vn 71.015798 -15.947131 -68.574379
vn -15.001147 2.983914 -98.823387
vn 91.030552 -20.441594 -35.994164
vn 89.280124 -27.082829 -35.994164
vn 85.756779 -19.257329 -47.696227
vn 84.107761 -25.513810 -47.696227
vn 82.002955 -31.632030 -47.696227
vn 69.650234 -21.128168 -68.574379
vn 67.907229 -26.194709 -68.574379
vn 65.796229 -31.119299 -68.574379
vn 64.332397 -67.570429 -35.994164
vn 47.964492 -80.023920 -35.994164
vn 41.947605 -83.335578 -35.994164
vn 35.703401 -86.195634 -35.994164
vn 39.517408 -78.507607 -47.696227
vn 27.853346 -67.243927 -68.574379
vn 33.634956 -81.201968 -47.696227
vn 27.570234 -83.456289 -47.696227
vn 22.831106 -69.110746 -68.574379
vn 17.685143 -70.603047 -68.574379
vn -37.807994 -85.293468 -35.994164
vn -43.980129 -82.281033 -35.994164
vn -35.617622 -80.352068 -47.696227
vn -41.432180 -77.514156 -47.696227
vn -47.022212 -74.256188 -47.696227
vn -34.310282 -64.190023 -68.574379
vn -38.939428 -61.492077 -68.574379
vn -43.357558 -58.460899 -68.574379
vn -92.499309 -12.177765 -35.994164
vn -87.140445 -11.472257 -47.696227
vn -87.786507 -4.312675 -47.696227
vn -72.161622 -9.500258 -68.574379
vn -72.696630 -3.571356 -68.574379
vn -72.745332 2.381436 -68.574379
vn -49.267401 79.228425 -35.994164
vn -40.158368 78.181682 -47.696227
vn -27.853346 67.243927 -68.574379
vn -42.627981 82.989610 -35.994164
vn -33.634956 81.201968 -47.696227
vn -22.264938 69.295217 -68.574379
vn -35.703401 86.195634 -35.994164
vn -26.886544 83.679052 -47.696227
vn -16.527587 70.882956 -68.574379
vn -28.539982 88.825051 -35.994164
vn -19.958272 85.596363 -47.696227
vn -10.679675 71.996522 -68.574379
vn -21.185644 90.860270 -35.994164
vn -12.896490 86.941075 -47.696227
vn -4.760321 72.628465 -68.574379
vn 63.777441 68.094480 -35.994164
vn 60.082552 64.149488 -47.696227
vn 65.123956 59.024913 -47.696227
vn 49.754788 53.122647 -68.574379
vn 53.929610 48.878950 -68.574379
vn 57.743669 44.308276 -68.574379
vn 88.346197 29.989493 -35.994164
vn 85.258353 21.356106 -47.696227
vn 71.812146 11.856233 -68.574379
vn 90.501473 22.669439 -35.994164
vn 86.718428 14.317270 -47.696227
vn 92.051339 15.197738 -35.994164
vn 99.069710 -9.460010 -9.782675
vn 99.520346 0.000000 -9.782675
vn 99.396682 -7.331940 -8.157339
vn 99.833677 0.000000 -5.765156
vn 99.596577 -7.346685 -5.152486
vn 99.964060 0.000000 -2.680815
vn 99.511415 -9.502188 -2.680815
vn 98.786260 -14.653557 -5.152486
vn 98.157579 -18.918323 -2.680815
vn 97.440612 -21.881021 -5.152486
vn 95.914813 -28.163130 -2.680815
vn 95.566924 -28.989910 -5.152486
vn 93.175352 -35.941699 -5.152486
vn 92.988345 -35.869563 -8.157339
vn 90.097660 -42.613020 -8.157339
vn 92.391498 -36.987976 -9.782675
vn 88.457211 -45.602862 -9.782675
vn 86.718729 -49.125553 -8.157339
vn 83.721843 -53.804761 -9.782675
vn 82.869861 -55.371871 -8.157339
vn 78.228276 -61.519396 -9.782675
vn 78.571914 -61.318123 -8.157339
vn 73.848179 -66.932088 -8.157339
vn 78.729928 -61.441439 -5.152486
vn 73.996693 -67.066693 -5.152486
vn 78.577058 -61.793682 -2.680815
vn 72.347393 -68.983099 -2.680815
vn 92.803427 -37.152888 -2.680815
vn 90.278854 -42.698718 -5.152486
vn 88.851600 -45.806183 -2.680815
vn 86.893127 -49.224348 -5.152486
vn 84.095118 -54.044651 -2.680815
vn 83.036518 -55.483228 -5.152486
vn 68.862464 -72.328507 -5.152486
vn 65.462537 -75.547796 -2.680815
vn 63.355063 -77.198367 -5.152486
vn 57.984844 -81.428319 -2.680815
vn 57.504335 -81.649883 -5.152486
vn 51.341987 -85.658930 -5.152486
vn 51.238941 -85.487009 -8.157339
vn 44.811293 -89.024749 -8.157339
vn 49.760173 -86.187148 -9.782675
vn 41.342246 -90.526891 -9.782675
vn 38.140808 -92.080055 -8.157339
vn 32.549917 -94.046808 -9.782675
vn 31.263635 -94.636372 -8.157339
vn 23.462811 -96.715024 -9.782675
vn 24.217041 -96.679847 -8.157339
vn 17.039213 -98.199405 -8.157339
vn 24.265743 -96.874277 -5.152486
vn 17.073480 -98.396891 -5.152486
vn 23.567420 -97.146230 -2.680815
vn 14.226369 -98.946570 -2.680815
vn 49.982030 -86.571415 -2.680815
vn 44.901412 -89.203784 -5.152486
vn 41.526571 -90.930507 -2.680815
vn 38.217512 -92.265235 -5.152486
vn 32.695041 -94.466118 -2.680815
vn 31.326508 -94.826693 -5.152486
vn 9.788695 -99.386283 -5.152486
vn 4.756481 -99.850834 -2.680815
vn 2.450863 -99.837093 -5.152486
vn -4.756481 -99.850834 -2.680815
vn -4.900250 -99.746877 -5.152486
vn -12.224808 -99.116124 -5.152486
vn -12.200272 -98.917194 -8.157339
vn -19.444015 -97.751665 -8.157339
vn -14.163222 -98.507372 -9.782675
vn -23.462811 -96.715024 -9.782675
vn -26.582389 -96.056413 -8.157339
vn -32.549917 -94.046808 -9.782675
vn -33.576711 -93.840622 -8.157339
vn -40.389078 -91.116300 -8.157339
vn -33.644237 -94.029342 -5.152486
vn -40.470304 -91.299542 -5.152486
vn -32.695041 -94.466118 -2.680815
vn -41.526571 -90.930507 -2.680815
vn -14.226369 -98.946570 -2.680815
vn -19.483119 -97.948252 -5.152486
vn -23.567420 -97.146230 -2.680815
vn -26.635849 -96.249589 -5.152486
vn -47.077059 -88.074982 -5.152486
vn -49.982030 -86.571415 -2.680815
vn -53.428699 -84.373136 -5.152486
vn -57.984844 -81.428319 -2.680815
vn -59.490804 -80.214064 -5.152486
vn -65.462537 -75.547796 -2.680815
vn -65.230524 -75.620306 -5.152486
vn -70.616754 -70.616754 -5.152486
vn -70.475023 -70.475023 -8.157339
vn -75.998596 -64.480007 -8.157339
vn -72.026262 -68.676902 -9.782675
vn -78.228276 -61.519396 -9.782675
vn -81.013774 -58.053650 -8.157339
vn -83.721843 -53.804761 -9.782675
vn -85.487009 -51.238941 -8.157339
vn -88.457211 -45.602862 -9.782675
vn -89.388377 -44.081469 -8.157339
vn -92.391498 -36.987976 -9.782675
vn -92.691779 -36.629113 -8.157339
vn -95.375118 -28.931726 -8.157339
vn -92.878189 -36.702777 -5.152486
vn -95.566924 -28.989910 -5.152486
vn -92.803427 -37.152888 -2.680815
vn -95.914813 -28.163130 -2.680815
vn -72.347393 -68.983099 -2.680815
vn -76.151435 -64.609681 -5.152486
vn -78.577058 -61.793682 -2.680815
vn -81.176699 -58.170400 -5.152486
vn -84.095118 -54.044651 -2.680815
vn -85.658930 -51.341987 -5.152486
vn -88.851600 -45.806183 -2.680815
vn -89.568144 -44.170120 -5.152486
vn -97.616362 -21.083114 -5.152486
vn -98.157579 -18.918323 -2.680815
vn -99.012794 -13.035282 -5.152486
vn -99.511415 -9.502188 -2.680815
vn -99.746877 -4.900250 -5.152486
vn -99.964060 -0.000000 -2.680815
vn -99.813701 3.267562 -5.152486
vn -99.511415 9.502188 -2.680815
vn -99.212819 11.413516 -5.152486
vn -98.157579 18.918323 -2.680815
vn -97.948252 19.483119 -5.152486
vn -96.028457 27.422389 -5.152486
vn -95.835724 27.367351 -8.157339
vn -93.278687 35.107612 -8.157339
vn -95.489073 28.038122 -9.782675
vn -92.391498 36.987976 -9.782675
vn -90.097660 42.613020 -8.157339
vn -88.457211 45.602862 -9.782675
vn -86.313923 49.833367 -8.157339
vn -83.721843 53.804761 -9.782675
vn -81.952788 56.720353 -8.157339
vn -78.228276 61.519396 -9.782675
vn -77.043427 63.227907 -8.157339
vn -72.026262 68.676902 -9.782675
vn -71.618683 69.312496 -8.157339
vn -65.171967 75.212459 -9.782675
vn -65.714844 74.933418 -8.157339
vn -59.371404 80.053071 -8.157339
vn -65.847001 75.084115 -5.152486
vn -59.490804 80.214064 -5.152486
vn -65.462537 75.547796 -2.680815
vn -57.984844 81.428319 -2.680815
vn -95.914813 28.163130 -2.680815
vn -93.466277 35.178216 -5.152486
vn -92.803427 37.152888 -2.680815
vn -90.278854 42.698718 -5.152486
vn -88.851600 45.806183 -2.680815
vn -86.487507 49.933586 -5.152486
vn -84.095118 54.044651 -2.680815
vn -82.117601 56.834422 -5.152486
vn -78.577058 61.793682 -2.680815
vn -77.198367 63.355063 -5.152486
vn -72.347393 68.983099 -2.680815
vn -71.762713 69.451889 -5.152486
vn -52.736642 84.807420 -5.152486
vn -49.982030 86.571415 -2.680815
vn -45.629698 88.833454 -5.152486
vn -41.526571 90.930507 -2.680815
vn -38.217512 92.265235 -5.152486
vn -32.695041 94.466118 -2.680815
vn -30.549669 95.079806 -5.152486
vn -23.567420 97.146230 -2.680815
vn -22.677464 97.258339 -5.152486
vn -14.226369 98.946570 -2.680815
vn -14.653557 98.786260 -5.152486
vn -6.531626 99.653348 -5.152486
vn -6.518516 99.453340 -8.157339
vn 1.630720 99.653392 -8.157339
vn -4.735369 99.407623 -9.782675
vn 4.735369 99.407623 -9.782675
vn 9.769048 99.186811 -8.157339
vn 14.163222 98.507372 -9.782675
vn 17.842026 98.056718 -8.157339
vn 23.462811 96.715024 -9.782675
vn 25.795649 96.270672 -8.157339
vn 32.549917 94.046808 -9.782675
vn 33.576711 93.840622 -8.157339
vn 41.342246 90.526891 -9.782675
vn 41.133162 90.782822 -8.157339
vn 48.414451 87.117729 -8.157339
vn 41.215884 90.965394 -5.152486
vn 48.511816 87.292930 -5.152486
vn 41.526571 90.930507 -2.680815
vn 49.982030 86.571415 -2.680815
vn -4.756481 99.850834 -2.680815
vn 1.634000 99.853803 -5.152486
vn 4.756481 99.850834 -2.680815
vn 9.788695 99.386283 -5.152486
vn 14.226369 98.946570 -2.680815
vn 17.877908 98.253918 -5.152486
vn 23.567420 97.146230 -2.680815
vn 25.847526 96.464280 -5.152486
vn 32.695041 94.466118 -2.680815
vn 33.644237 94.029342 -5.152486
vn 55.483228 83.036518 -5.152486
vn 57.984844 81.428319 -2.680815
vn 62.083483 78.224632 -5.152486
vn 65.462537 75.547796 -2.680815
vn 68.268429 72.889460 -5.152486
vn 72.347393 68.983099 -2.680815
vn 73.996693 67.066693 -5.152486
vn 78.577058 61.793682 -2.680815
vn 79.229954 60.795282 -5.152486
vn 84.095118 54.044651 -2.680815
vn 83.933204 54.117179 -5.152486
vn 88.074982 47.077059 -5.152486
vn 87.898212 46.982573 -8.157339
vn 91.443680 39.642291 -8.157339
vn 88.457211 45.602862 -9.782675
vn 92.391498 36.987976 -9.782675
vn 94.377433 32.036822 -8.157339
vn 95.489073 28.038122 -9.782675
vn 96.679847 24.217041 -8.157339
vn 97.721884 18.834349 -9.782675
vn 98.335518 16.235260 -8.157339
vn 99.069710 9.460010 -9.782675
vn 99.333372 8.144873 -8.157339
vn 99.533139 8.161253 -5.152486
vn 99.511415 9.502188 -2.680815
vn 98.533279 16.267910 -5.152486
vn 98.157579 18.918323 -2.680815
vn 96.874277 24.265743 -5.152486
vn 95.914813 28.163130 -2.680815
vn 94.567233 32.101250 -5.152486
vn 92.803427 37.152888 -2.680815
vn 91.627580 39.722015 -5.152486
vn 88.851600 45.806183 -2.680815
vn 83.721843 53.804761 -9.782675
vn 83.764747 54.008564 -8.157339
vn 79.070936 60.673263 -8.157339
vn 78.228276 61.519396 -9.782675
vn 73.848179 66.932088 -8.157339
vn 72.026262 68.676902 -9.782675
vn 68.131412 72.743168 -8.157339
vn 65.171967 75.212459 -9.782675
vn 61.958879 78.067632 -8.157339
vn 57.727464 81.066881 -9.782675
vn 55.371871 82.869861 -8.157339
vn 49.760173 86.187148 -9.782675
vn -14.163222 98.507372 -9.782675
vn -14.624147 98.587992 -8.157339
vn -22.631949 97.063138 -8.157339
vn -23.462811 96.715024 -9.782675
vn -30.488355 94.888977 -8.157339
vn -32.549917 94.046808 -9.782675
vn -38.140808 92.080055 -8.157339
vn -41.342246 90.526891 -9.782675
vn -45.538117 88.655162 -8.157339
vn -49.760173 86.187148 -9.782675
vn -52.630798 84.637208 -8.157339
vn -57.727464 81.066881 -9.782675
vn -97.721884 18.834349 -9.782675
vn -97.751665 19.444015 -8.157339
vn -99.013695 11.390609 -8.157339
vn -99.069710 9.460010 -9.782675
vn -99.613371 3.261004 -8.157339
vn -99.520346 -0.000000 -9.782675
vn -99.546681 -4.890415 -8.157339
vn -99.069710 -9.460010 -9.782675
vn -98.814071 -13.009119 -8.157339
vn -97.721884 -18.834349 -9.782675
vn -97.420442 -21.040799 -8.157339
vn -95.489073 -28.038122 -9.782675
vn -65.171967 -75.212459 -9.782675
vn -65.099604 -75.468533 -8.157339
vn -59.371404 -80.053071 -8.157339
vn -57.727464 -81.066881 -9.782675
vn -53.321465 -84.203795 -8.157339
vn -49.760173 -86.187148 -9.782675
vn -46.982573 -87.898212 -8.157339
vn -41.342246 -90.526891 -9.782675
vn -4.735369 -99.407623 -9.782675
vn -4.890415 -99.546681 -8.157339
vn 2.445944 -99.636716 -8.157339
vn 4.735369 -99.407623 -9.782675
vn 9.769048 -99.186811 -8.157339
vn 14.163222 -98.507372 -9.782675
vn 57.727464 -81.066881 -9.782675
vn 57.388922 -81.486008 -8.157339
vn 63.227907 -77.043427 -8.157339
vn 65.171967 -75.212459 -9.782675
vn 68.724254 -72.183341 -8.157339
vn 72.026262 -68.676902 -9.782675
vn 95.489073 -28.038122 -9.782675
vn 95.375118 -28.931726 -8.157339
vn 97.245044 -21.837105 -8.157339
vn 97.721884 -18.834349 -9.782675
vn 98.587992 -14.624147 -8.157339
vn -17.281201 -1.702050 98.480775
vn -17.281201 -1.702050 98.480775
vn -17.364818 -0.000000 98.480775
vn -16.617095 -5.040741 98.480775
vn -16.617095 -5.040741 98.480775
vn -17.031158 -3.387708 98.480775
vn -15.314402 -8.185718 98.480775
vn -15.314402 -8.185718 98.480775
vn -16.043000 -6.645228 98.480775
vn -13.423186 -11.016124 98.480775
vn -13.423186 -11.016124 98.480775
vn -14.438318 -9.647376 98.480775
vn -11.016124 -13.423186 98.480775
vn -11.016124 -13.423186 98.480775
vn -12.278780 -12.278780 98.480775
vn -8.185718 -15.314402 98.480775
vn -8.682409 -15.038373 98.480775
vn -9.647376 -14.438318 98.480775
vn -6.645228 -16.043000 98.480775
vn -6.645228 -16.043000 98.480775
vn -3.387708 -17.031158 98.480775
vn -3.387708 -17.031158 98.480775
vn -5.040741 -16.617095 98.480775
vn 0.000000 -17.364818 98.480775
vn -0.000000 -17.364818 98.480775
vn -1.702050 -17.281201 98.480775
vn 3.387708 -17.031158 98.480775
vn 3.387708 -17.031158 98.480775
vn 1.702050 -17.281201 98.480775
vn 6.645228 -16.043000 98.480775
vn 6.645228 -16.043000 98.480775
vn 5.040741 -16.617095 98.480775
vn 9.647376 -14.438318 98.480775
vn 9.647376 -14.438318 98.480775
vn 8.185718 -15.314402 98.480775
vn 12.278780 -12.278780 98.480775
vn 12.278780 -12.278780 98.480775
vn 11.016124 -13.423186 98.480775
vn 14.438318 -9.647376 98.480775
vn 14.438318 -9.647376 98.480775
vn 13.423186 -11.016124 98.480775
vn 16.043000 -6.645228 98.480775
vn 16.043000 -6.645228 98.480775
vn 15.314402 -8.185718 98.480775
vn 17.031158 -3.387708 98.480775
vn 17.031158 -3.387708 98.480775
vn 16.617095 -5.040741 98.480775
vn 17.364818 -0.000000 98.480775
vn 17.364818 -0.000000 98.480775
vn 17.281201 -1.702050 98.480775
vn 17.031158 3.387708 98.480775
vn 17.031158 3.387708 98.480775
vn 17.281201 1.702050 98.480775
vn 16.043000 6.645228 98.480775
vn 16.043000 6.645228 98.480775
vn 16.617095 5.040741 98.480775
vn 14.438318 9.647376 98.480775
vn 14.438318 9.647376 98.480775
vn 15.314402 8.185718 98.480775
vn 12.278780 12.278780 98.480775
vn 12.278780 12.278780 98.480775
vn 13.423186 11.016124 98.480775
vn 9.647376 14.438318 98.480775
vn 9.647376 14.438318 98.480775
vn 11.016124 13.423186 98.480775
vn 6.645228 16.043000 98.480775
vn 6.645228 16.043000 98.480775
vn 8.185718 15.314402 98.480775
vn 3.387708 17.031158 98.480775
vn 3.387708 17.031158 98.480775
vn 5.040741 16.617095 98.480775
vn -0.000000 17.364818 98.480775
vn -0.000000 17.364818 98.480775
vn 1.702050 17.281201 98.480775
vn -3.387708 17.031158 98.480775
vn -3.387708 17.031158 98.480775
vn -1.702050 17.281201 98.480775
vn -6.645228 16.043000 98.480775
vn -6.645228 16.043000 98.480775
vn -5.040741 16.617095 98.480775
vn -9.647376 14.438318 98.480775
vn -8.682409 15.038373 98.480775
vn -8.185718 15.314402 98.480775
vn -11.016124 13.423186 98.480775
vn -11.016124 13.423186 98.480775
vn -13.423186 11.016124 98.480775
vn -13.423186 11.016124 98.480775
vn -12.278780 12.278780 98.480775
vn -15.314402 8.185718 98.480775
vn -15.314402 8.185718 98.480775
vn -14.438318 9.647376 98.480775
vn -16.617095 5.040741 98.480775
vn -16.617095 5.040741 98.480775
vn -16.043000 6.645228 98.480775
vn -17.281201 1.702050 98.480775
vn -17.281201 1.702050 98.480775
vn -17.031158 3.387708 98.480775
vn 17.281201 1.702050 98.480775
vn 17.281201 -1.702050 98.480775
vn 16.617095 -5.040741 98.480775
vn 15.314402 -8.185718 98.480775
vn 13.423186 -11.016124 98.480775
vn 11.016124 -13.423186 98.480775
vn 8.185718 -15.314402 98.480775
vn 5.040741 -16.617095 98.480775
vn 1.702050 -17.281201 98.480775
vn -1.702050 -17.281201 98.480775
vn -5.040741 -16.617095 98.480775
vn -9.647376 -14.438318 98.480775
vn -12.278780 -12.278780 98.480775
vn -14.438318 -9.647376 98.480775
vn -16.043000 -6.645228 98.480775
vn -17.031158 -3.387708 98.480775
vn -17.364818 -0.000000 98.480775
vn -17.031158 3.387708 98.480775
vn -16.043000 6.645228 98.480775
vn -14.438318 9.647376 98.480775
vn -12.278780 12.278780 98.480775
vn -8.185718 15.314402 98.480775
vn -5.040741 16.617095 98.480775
vn -1.702050 17.281201 98.480775
vn 1.702050 17.281201 98.480775
vn 5.040741 16.617095 98.480775
vn 8.185718 15.314402 98.480775
vn 11.016124 13.423186 98.480775
vn 13.423186 11.016124 98.480775
vn 15.314402 8.185718 98.480775
vn 16.617095 5.040741 98.480775
vn 97.828465 -9.341486 18.502112
vn 98.273454 -0.000000 18.502112
vn 95.766767 -7.064181 27.907414
vn 94.639277 -0.000000 32.301814
vn 93.044688 -6.863389 35.994164
vn 91.789151 -0.000000 39.683141
vn 87.654229 -6.465764 47.696227
vn 85.936816 -0.000000 51.135738
vn 72.587090 -5.354345 68.574379
vn 72.092572 -0.000000 69.301235
vn 45.372094 -0.000000 89.114382
vn 29.266881 -2.158855 95.597014
vn 12.326732 -0.000000 99.237350
vn -15.221387 1.499176 98.823387
vn -15.295037 -0.000000 98.823387
vn 29.028766 -4.306011 95.597014
vn -15.001147 2.983914 98.823387
vn 28.633342 -6.429832 95.597014
vn -14.636438 4.439915 98.823387
vn 28.082751 -8.518809 95.597014
vn 27.379977 -10.561623 95.597014
vn 67.907229 -26.194709 68.574379
vn 65.796229 -31.119299 68.574379
vn 79.453768 -37.578833 47.696227
vn 76.474014 -43.321994 47.696227
vn 81.176925 -45.986160 35.994164
vn 77.574021 -51.833304 35.994164
vn 79.843496 -53.349718 27.907414
vn 75.702508 -59.078817 27.907414
vn 77.248153 -60.748619 18.502112
vn 71.151281 -64.487762 27.907414
vn 71.123844 -67.816448 18.502112
vn 66.214479 -69.547243 27.907414
vn 64.355427 -74.270121 18.502112
vn 60.918856 -74.229841 27.907414
vn 57.004196 -80.051193 18.502112
vn 55.293108 -78.510181 27.907414
vn 49.367722 -82.365067 27.907414
vn 53.721454 -76.278604 35.994164
vn 47.964492 -80.023920 35.994164
vn 50.609151 -71.859473 47.696227
vn 45.185712 -75.387806 47.696227
vn 41.909797 -59.507340 68.574379
vn 37.418609 -62.429178 68.574379
vn 16.897896 -23.993168 95.597014
vn 15.087063 -25.171244 95.597014
vn -8.497467 12.717359 98.823387
vn -7.210031 13.489019 98.823387
vn -14.130772 5.853157 98.823387
vn 26.528828 -12.547201 95.597014
vn 63.328674 -35.875251 68.574379
vn 73.079841 -48.830388 47.696227
vn 73.550737 -57.399558 35.994164
vn -13.489019 7.210031 98.823387
vn 25.533918 -14.464786 95.597014
vn 60.517935 -40.436791 68.574379
vn 69.289641 -54.074167 47.696227
vn 69.128874 -62.654760 35.994164
vn -12.717359 8.497467 98.823387
vn 24.400637 -16.303984 95.597014
vn 57.379244 -44.779202 68.574379
vn 65.123956 -59.024913 47.696227
vn 64.332397 -67.570429 35.994164
vn 23.135127 -18.054830 95.597014
vn -11.823224 9.703069 98.823387
vn 21.744246 -19.707836 95.597014
vn -10.815225 10.815225 98.823387
vn 20.235530 -21.254042 95.597014
vn -9.703069 11.823224 98.823387
vn 18.617157 -22.685071 95.597014
vn 13.194472 -26.212915 95.597014
vn -5.853157 14.130772 98.823387
vn 11.230380 -27.112535 95.597014
vn 9.205429 -27.865231 95.597014
vn 22.831106 -69.110746 68.574379
vn 17.685143 -70.603047 68.574379
vn 21.356106 -85.258353 47.696227
vn 15.026247 -86.598394 47.696227
vn 15.950314 -91.923923 35.994164
vn 9.144752 -92.848229 35.994164
vn 9.412288 -95.564560 27.907414
vn 2.356619 -95.998034 27.907414
vn 4.676039 -98.162144 18.502112
vn -4.676039 -98.162144 18.502112
vn -4.711819 -95.911287 27.907414
vn -11.754725 -95.304788 27.907414
vn -4.577890 -93.185101 35.994164
vn -11.420608 -92.595842 35.994164
vn -4.312675 -87.786507 47.696227
vn -10.758965 -87.231385 47.696227
vn -3.571356 -72.696630 68.574379
vn -8.909576 -72.236930 68.574379
vn -1.439959 -29.311048 95.597014
vn -3.592312 -29.125698 95.597014
vn 1.499176 15.221387 98.823387
vn 2.983914 15.001147 98.823387
vn -4.439915 14.636438 98.823387
vn 7.130593 -28.466922 95.597014
vn 12.443342 -71.712745 68.574379
vn 8.614959 -87.469151 47.696227
vn 2.289635 -93.269383 35.994164
vn -2.983914 15.001147 98.823387
vn 5.017115 -28.914349 95.597014
vn 7.134109 -72.433825 68.574379
vn 2.156987 -87.865905 47.696227
vn -1.499176 15.221387 98.823387
vn 2.876450 -29.205086 95.597014
vn 1.786216 -72.762380 68.574379
vn 0.720197 -29.337558 95.597014
vn -0.000000 15.295037 98.823387
vn 4.439915 14.636438 98.823387
vn -7.827058 -28.283355 95.597014
vn -5.725198 -28.782514 95.597014
vn -14.199513 -71.385772 68.574379
vn -17.146952 -86.203550 47.696227
vn -18.201436 -91.504797 35.994164
vn -18.733930 -94.181825 27.907414
vn -13.985771 -97.273172 18.502112
vn -9.886503 -27.630926 95.597014
vn 5.853157 14.130772 98.823387
vn -11.892372 -26.828762 95.597014
vn 7.210031 13.489019 98.823387
vn -13.833796 -25.881211 95.597014
vn -15.700252 -24.793408 95.597014
vn -38.939428 -61.492077 68.574379
vn -43.357558 -58.460899 68.574379
vn -52.357428 -70.595819 47.696227
vn -57.408914 -66.552885 47.696227
vn -60.939382 -70.645679 35.994164
vn -65.971282 -65.971282 35.994164
vn -67.901312 -67.901312 27.907414
vn -73.223166 -62.125230 27.907414
vn -71.123844 -67.816448 18.502112
vn -77.248153 -60.748619 18.502112
vn -78.055193 -55.933560 27.907414
vn -82.672891 -53.130641 18.502112
vn -82.365067 -49.367722 27.907414
vn -87.348930 -45.031503 18.502112
vn -86.123959 -42.471637 27.907414
vn -91.233924 -36.524553 18.502112
vn -89.306723 -35.291437 27.907414
vn -91.892067 -27.875154 27.907414
vn -86.768265 -34.288311 35.994164
vn -89.280124 -27.082829 35.994164
vn -81.741424 -32.301849 47.696227
vn -84.107761 -25.513810 47.696227
vn -67.690654 -26.749391 68.574379
vn -69.650234 -21.128168 68.574379
vn -27.292654 -10.785268 95.597014
vn -28.082751 -8.518809 95.597014
vn 14.636438 4.439915 98.823387
vn -28.684987 -6.195363 95.597014
vn 15.001147 2.983914 98.823387
vn -29.095334 -3.830473 95.597014
vn 15.221387 1.499176 98.823387
vn -29.311048 -1.439959 95.597014
vn 15.295037 -0.000000 98.823387
vn -29.330684 0.960187 95.597014
vn 15.221387 -1.499176 98.823387
vn -29.154113 3.353911 95.597014
vn 15.001147 -2.983914 98.823387
vn -28.782514 5.725198 95.597014
vn -28.218374 8.058187 95.597014
vn -69.986604 19.985741 68.574379
vn -68.119259 25.638274 68.574379
vn -82.258996 30.960094 47.696227
vn -79.453768 37.578833 47.696227
vn -84.339925 39.889814 35.994164
vn -80.797990 46.648741 35.994164
vn -83.161783 48.013478 27.907414
vn -78.959914 54.648955 27.907414
vn -82.672891 53.130641 18.502112
vn -77.248153 60.748619 18.502112
vn -74.229841 60.918856 27.907414
vn -71.123844 67.816448 18.502112
vn -69.003205 66.781239 27.907414
vn -64.355427 74.270121 18.502112
vn -63.314971 72.196888 27.907414
vn -57.203191 77.129574 27.907414
vn -61.515304 70.144761 35.994164
vn -55.577245 74.937240 35.994164
vn -57.951471 66.080988 47.696227
vn -52.357428 70.595819 47.696227
vn -47.990025 54.722135 68.574379
vn -43.357558 58.460899 68.574379
vn -19.349424 22.063789 95.597014
vn -17.481628 23.571247 95.597014
vn 9.703069 -11.823224 98.823387
vn 8.497467 -12.717359 98.823387
vn 8.497467 12.717359 98.823387
vn -17.481628 -23.571247 95.597014
vn -47.540729 -55.112917 68.574379
vn -62.149296 -62.149296 47.696227
vn -71.141868 -60.359380 35.994164
vn 9.703069 11.823224 98.823387
vn -19.168269 -22.221351 95.597014
vn -51.466273 -51.466273 68.574379
vn -67.020328 -56.862514 47.696227
vn -75.836549 -54.343702 35.994164
vn 10.815225 10.815225 98.823387
vn -20.751036 -20.751036 95.597014
vn -55.500010 -47.088252 68.574379
vn -71.443027 -51.195349 47.696227
vn -80.023920 -47.964492 35.994164
vn -22.377426 -18.985832 95.597014
vn 11.823224 9.703069 98.823387
vn -23.854121 -17.093622 95.597014
vn 12.717359 8.497467 98.823387
vn -25.171244 -15.087063 95.597014
vn 13.489019 7.210031 98.823387
vn -26.319983 -12.979579 95.597014
vn 14.130772 5.853157 98.823387
vn 14.636438 -4.439915 98.823387
vn -27.465467 10.337270 95.597014
vn -65.796229 31.119299 68.574379
vn -76.117031 43.946188 47.696227
vn -76.715554 53.095611 35.994164
vn 14.130772 -5.853157 98.823387
vn -26.528828 12.547201 95.597014
vn -63.033054 36.392151 68.574379
vn -72.271108 50.019565 47.696227
vn -72.119929 59.187296 35.994164
vn 13.489019 -7.210031 98.823387
vn -25.414725 14.673198 95.597014
vn -59.848218 41.421557 68.574379
vn -67.941726 55.758334 47.696227
vn -67.041856 64.883047 35.994164
vn 12.717359 -8.497467 98.823387
vn -24.130609 16.701039 95.597014
vn -56.263026 46.173872 68.574379
vn -63.157846 61.124106 47.696227
vn 11.823224 -9.703069 98.823387
vn -22.685071 18.617157 95.597014
vn -52.301461 50.617307 68.574379
vn -21.087781 20.408735 95.597014
vn 10.815225 -10.815225 98.823387
vn -15.496889 24.921024 95.597014
vn 7.210031 -13.489019 98.823387
vn -13.408482 26.104092 95.597014
vn 5.853157 -14.130772 98.823387
vn -11.230380 27.112535 95.597014
vn -8.977151 27.939609 95.597014
vn -22.264938 69.295217 68.574379
vn -16.527587 70.882956 68.574379
vn -19.958272 85.596363 47.696227
vn -12.896490 86.941075 47.696227
vn -13.689584 92.287678 35.994164
vn -6.101947 93.097725 35.994164
vn -6.280463 95.821355 27.907414
vn 1.571167 96.014101 27.907414
vn -4.676039 98.162144 18.502112
vn 4.676039 98.162144 18.502112
vn 9.412288 95.564560 27.907414
vn 13.985771 97.273172 18.502112
vn 17.190444 94.475737 27.907414
vn 23.168845 95.503280 18.502112
vn 24.853605 92.754917 27.907414
vn 32.142099 92.868495 18.502112
vn 32.350507 90.413610 27.907414
vn 40.824268 89.392678 18.502112
vn 39.631000 87.467480 27.907414
vn 46.646380 83.936235 27.907414
vn 38.504527 84.981301 35.994164
vn 45.320501 81.550428 35.994164
vn 36.273802 80.057987 47.696227
vn 42.694899 76.825878 47.696227
vn 30.038593 66.296587 68.574379
vn 35.355949 63.620055 68.574379
vn 12.111464 26.730571 95.597014
vn 14.255405 25.651402 95.597014
vn -7.210031 -13.489019 98.823387
vn -8.497467 -12.717359 98.823387
vn 4.439915 -14.636438 98.823387
vn -6.663870 28.579780 95.597014
vn -10.679675 71.996522 68.574379
vn -5.748436 87.704193 47.696227
vn 1.526508 93.284993 35.994164
vn 2.983914 -15.001147 98.823387
vn -4.306011 29.028766 95.597014
vn -4.760321 72.628465 68.574379
vn 1.438071 87.880611 47.696227
vn 9.144752 92.848229 35.994164
vn 1.499176 -15.221387 98.823387
vn -1.919346 29.283564 95.597014
vn 1.190877 72.774559 68.574379
vn 8.614959 87.469151 47.696227
vn 16.701822 91.790355 35.994164
vn 0.000000 -15.295037 98.823387
vn 0.480158 29.342468 95.597014
vn 7.134109 72.433825 68.574379
vn 15.734217 86.472564 47.696227
vn 24.147165 90.118447 35.994164
vn -1.499176 -15.221387 98.823387
vn 2.876450 29.205086 95.597014
vn 13.029617 71.608545 68.574379
vn 22.748221 84.897517 47.696227
vn 31.430975 87.843690 35.994164
vn 5.253500 28.872335 95.597014
vn -2.983914 -15.001147 98.823387
vn 7.595406 28.346443 95.597014
vn -4.439915 -14.636438 98.823387
vn 9.886503 27.630926 95.597014
vn -5.853157 -14.130772 98.823387
vn -9.703069 -11.823224 98.823387
vn 18.243498 22.986644 95.597014
vn 16.303984 24.400637 95.597014
vn 40.436791 60.517935 68.574379
vn 48.830388 73.079841 47.696227
vn 51.833304 77.574021 35.994164
vn 53.349718 79.843496 27.907414
vn 49.136727 85.107308 18.502112
vn 20.060971 21.418881 95.597014
vn -10.815225 -10.815225 98.823387
vn 21.744246 19.707836 95.597014
vn -11.823224 -9.703069 98.823387
vn 23.282062 17.864954 95.597014
vn -12.717359 -8.497467 98.823387
vn 24.664132 15.902565 95.597014
vn -13.489019 -7.210031 98.823387
vn 25.881211 13.833796 95.597014
vn 26.925158 11.672485 95.597014
vn 66.779196 28.949845 68.574379
vn 68.921648 23.395747 68.574379
vn 83.227940 28.252079 47.696227
vn 85.258353 21.356106 47.696227
vn 90.501473 22.669439 35.994164
vn 92.051339 15.197738 35.994164
vn 94.744356 15.642356 27.907414
vn 95.705769 7.847426 27.907414
vn 97.828465 9.341486 18.502112
vn 92.985424 7.624370 35.994164
vn 87.598398 7.182659 47.696227
vn 72.540856 5.948011 68.574379
vn 29.248240 2.398219 95.597014
vn -15.221387 -1.499176 98.823387
vn -14.130772 -5.853157 98.823387
vn 27.788987 9.433090 95.597014
vn 70.603047 17.685143 68.574379
vn 86.718428 14.317270 47.696227
vn -14.636438 -4.439915 98.823387
vn 28.466922 7.130593 95.597014
vn 71.812146 11.856233 68.574379
vn -15.001147 -2.983914 98.823387
vn 28.954427 4.780395 95.597014
vn 96.497525 18.598374 18.502112
vn 93.149148 23.332647 27.907414
vn 88.346197 29.989493 35.994164
vn 80.640772 34.959059 47.696227
vn 64.190023 34.310282 68.574379
vn 94.292689 27.686832 18.502112
vn 90.930818 30.866853 27.907414
vn 85.599926 37.108931 35.994164
vn 77.514156 41.432180 47.696227
vn 61.171450 39.441200 68.574379
vn 91.233924 36.524553 18.502112
vn 88.104203 38.194575 27.907414
vn 82.281033 43.980129 35.994164
vn 73.869008 47.628139 47.696227
vn 57.743669 44.308276 68.574379
vn 87.348930 45.031503 18.502112
vn 84.688214 45.266794 27.907414
vn 78.411720 50.557120 35.994164
vn 69.729711 53.505489 47.696227
vn 53.929610 48.878950 68.574379
vn 82.672891 53.130641 18.502112
vn 80.705701 52.036199 27.907414
vn 74.017869 56.795908 35.994164
vn 65.123956 59.024913 47.696227
vn 49.754788 53.122647 68.574379
vn 76.183306 58.457507 27.907414
vn 77.248153 60.748619 18.502112
vn 71.151281 64.487762 27.907414
vn 71.123844 67.816448 18.502112
vn 65.643288 70.086625 27.907414
vn 64.355427 74.270121 18.502112
vn 59.696172 75.216642 27.907414
vn 57.004196 80.051193 18.502112
vn -13.985771 97.273172 18.502112
vn -14.090081 94.987609 27.907414
vn -21.185644 90.860270 35.994164
vn -26.886544 83.679052 47.696227
vn -27.853346 67.243927 68.574379
vn -21.805442 93.518442 27.907414
vn -23.168845 95.503280 18.502112
vn -29.374936 91.423681 27.907414
vn -32.142099 92.868495 18.502112
vn -36.747925 88.717339 27.907414
vn -40.824268 89.392678 18.502112
vn -43.875088 85.417521 27.907414
vn -49.136727 85.107308 18.502112
vn -50.708748 81.546300 27.907414
vn -57.004196 80.051193 18.502112
vn -87.348930 45.031503 18.502112
vn -86.807340 41.056814 27.907414
vn -87.317666 32.864043 35.994164
vn -84.513952 24.134246 47.696227
vn -71.385772 14.199513 68.574379
vn -91.233924 36.524553 18.502112
vn -89.872197 33.825500 27.907414
vn -89.711295 25.618427 35.994164
vn -86.203550 17.146952 47.696227
vn -72.307403 8.318297 68.574379
vn -94.292689 27.686832 18.502112
vn -92.335852 26.367909 27.907414
vn -91.504797 18.201436 35.994164
vn -87.316487 10.044953 47.696227
vn -72.745332 2.381436 68.574379
vn -96.497525 18.598374 18.502112
vn -94.181825 18.733930 27.907414
vn -92.686176 10.662686 35.994164
vn -87.845318 2.875758 47.696227
vn -72.696630 -3.571356 68.574379
vn -95.397766 10.974629 27.907414
vn -97.828465 9.341486 18.502112
vn -95.975542 3.141914 27.907414
vn -98.273454 -0.000000 18.502112
vn -95.911287 -4.711819 27.907414
vn -97.828465 -9.341486 18.502112
vn -95.205432 -12.534033 27.907414
vn -96.497525 -18.598374 18.502112
vn -93.862698 -20.272400 27.907414
vn -94.292689 -27.686832 18.502112
vn -64.355427 -74.270121 18.502112
vn -62.722200 -72.712460 27.907414
vn -55.577245 -74.937240 35.994164
vn -47.022212 -74.256188 47.696227
vn -34.310282 -64.190023 68.574379
vn -57.203191 -77.129574 27.907414
vn -57.004196 -80.051193 18.502112
vn -51.374193 -81.128716 27.907414
vn -49.136727 -85.107308 18.502112
vn -45.266794 -84.688214 27.907414
vn -40.824268 -89.392678 18.502112
vn -38.914090 -87.788780 27.907414
vn -32.142099 -92.868495 18.502112
vn -32.350507 -90.413610 27.907414
vn -25.611614 -92.548482 27.907414
vn -24.883629 -89.917880 35.994164
vn -23.168845 -95.503280 18.502112
vn 13.985771 -97.273172 18.502112
vn 16.416950 -94.613213 27.907414
vn 22.669439 -90.501473 35.994164
vn 27.570234 -83.456289 47.696227
vn 27.853346 -67.243927 68.574379
vn 23.168845 -95.503280 18.502112
vn 23.332647 -93.149148 27.907414
vn 29.265717 -88.588588 35.994164
vn 33.634956 -81.201968 47.696227
vn 32.724647 -65.012707 68.574379
vn 30.121903 -91.180301 27.907414
vn 32.142099 -92.868495 18.502112
vn 36.747925 -88.717339 27.907414
vn 40.824268 -89.392678 18.502112
vn 43.174807 -85.773611 27.907414
vn 49.136727 -85.107308 18.502112
vn 82.672891 -53.130641 18.502112
vn 83.551805 -47.331513 27.907414
vn 84.339925 -39.889814 35.994164
vn 82.002955 -31.632030 47.696227
vn 69.650234 -21.128168 68.574379
vn 87.348930 -45.031503 18.502112
vn 86.807340 -41.056814 27.907414
vn 87.045879 -33.577301 35.994164
vn 84.107761 -25.513810 47.696227
vn 71.015798 -15.947131 68.574379
vn 91.233924 -36.524553 18.502112
vn 89.592458 -34.559625 27.907414
vn 89.280124 -27.082829 35.994164
vn 85.756779 -19.257329 47.696227
vn 71.996522 -10.679675 68.574379
vn 94.292689 -27.686832 18.502112
vn 91.892067 -27.875154 27.907414
vn 91.030552 -20.441594 35.994164
vn 86.941075 -12.896490 47.696227
vn 93.693705 -21.039625 27.907414
vn 96.497525 -18.598374 18.502112
vn 94.987609 -14.090081 27.907414
vn 92.287678 -13.689584 35.994164
vn 53.929610 -48.878950 68.574379
vn 60.605357 -63.655798 47.696227
vn 59.187296 -72.119929 35.994164
vn 50.187727 -52.713818 68.574379
vn 55.758334 -67.941726 47.696227
vn 46.173872 -56.263026 68.574379
vn 39.517408 -78.507607 47.696227
vn 41.947605 -83.335578 35.994164
vn 35.703401 -86.195634 35.994164
vn -19.412502 -70.147768 68.574379
vn -24.520293 -68.529627 68.574379
vn -29.495206 -66.540119 68.574379
vn -23.442018 -84.708569 47.696227
vn -29.610050 -82.754546 47.696227
vn -35.617622 -80.352068 47.696227
vn -41.432180 -77.514156 47.696227
vn -31.430975 -87.843690 35.994164
vn -37.807994 -85.293468 35.994164
vn -43.980129 -82.281033 35.994164
vn -49.913931 -78.822710 35.994164
vn -59.162478 -42.395232 68.574379
vn -75.387806 -45.185712 47.696227
vn -83.675968 -41.264421 35.994164
vn -62.429178 -37.418609 68.574379
vn -78.828277 -38.873804 47.696227
vn -65.278256 -32.191673 68.574379
vn -71.143887 -15.365607 68.574379
vn -72.161622 -9.500258 68.574379
vn -85.911456 -18.555096 47.696227
vn -87.140445 -11.472257 47.696227
vn -87.786507 -4.312675 47.696227
vn -91.194741 -19.696176 35.994164
vn -92.499309 -12.177765 35.994164
vn -93.185101 -4.577890 35.994164
vn -93.247529 3.052608 35.994164
vn -38.435050 61.808588 68.574379
vn -33.255430 64.742806 68.574379
vn -46.413139 74.638398 47.696227
vn -40.158368 78.181682 47.696227
vn -33.634956 81.201968 47.696227
vn -49.267401 79.228425 35.994164
vn -42.627981 82.989610 35.994164
vn -35.703401 86.195634 35.994164
vn -28.539982 88.825051 35.994164
vn 18.837963 70.304237 68.574379
vn 29.610050 82.754546 47.696227
vn 24.520293 68.529627 68.574379
vn 45.247131 57.010979 68.574379
vn 54.639225 68.844934 47.696227
vn 60.082552 64.149488 47.696227
vn 57.999366 73.078681 35.994164
vn 63.777441 68.094480 35.994164
vn 69.128874 62.654760 35.994164
vn 99.511415 -9.502188 2.680815
vn 99.964060 -0.000000 2.680815
vn 99.596577 -7.346685 5.152486
vn 99.833677 -0.000000 5.765156
vn 99.396682 -7.331940 8.157339
vn 99.520346 -0.000000 9.782675
vn 99.069710 -9.460010 9.782675
vn 98.587992 -14.624147 8.157339
vn 97.721884 -18.834349 9.782675
vn 97.245044 -21.837105 8.157339
vn 95.489073 -28.038122 9.782675
vn 95.375118 -28.931726 8.157339
vn 92.988345 -35.869563 8.157339
vn 93.175352 -35.941699 5.152486
vn 90.278854 -42.698718 5.152486
vn 92.803427 -37.152888 2.680815
vn 88.851600 -45.806183 2.680815
vn 86.893127 -49.224348 5.152486
vn 84.095118 -54.044651 2.680815
vn 83.036518 -55.483228 5.152486
vn 78.577058 -61.793682 2.680815
vn 78.729928 -61.441439 5.152486
vn 73.996693 -67.066693 5.152486
vn 78.571914 -61.318123 8.157339
vn 73.848179 -66.932088 8.157339
vn 78.228276 -61.519396 9.782675
vn 72.026262 -68.676902 9.782675
vn 92.391498 -36.987976 9.782675
vn 90.097660 -42.613020 8.157339
vn 88.457211 -45.602862 9.782675
vn 86.718729 -49.125553 8.157339
vn 83.721843 -53.804761 9.782675
vn 82.869861 -55.371871 8.157339
vn 68.724254 -72.183341 8.157339
vn 65.171967 -75.212459 9.782675
vn 63.227907 -77.043427 8.157339
vn 57.727464 -81.066881 9.782675
vn 57.388922 -81.486008 8.157339
vn 51.238941 -85.487009 8.157339
vn 51.341987 -85.658930 5.152486
vn 44.901412 -89.203784 5.152486
vn 49.982030 -86.571415 2.680815
vn 41.526571 -90.930507 2.680815
vn 38.217512 -92.265235 5.152486
vn 32.695041 -94.466118 2.680815
vn 31.326508 -94.826693 5.152486
vn 23.567420 -97.146230 2.680815
vn 24.265743 -96.874277 5.152486
vn 17.073480 -98.396891 5.152486
vn 24.217041 -96.679847 8.157339
vn 17.039213 -98.199405 8.157339
vn 23.462811 -96.715024 9.782675
vn 14.163222 -98.507372 9.782675
vn 49.760173 -86.187148 9.782675
vn 44.811293 -89.024749 8.157339
vn 41.342246 -90.526891 9.782675
vn 38.140808 -92.080055 8.157339
vn 32.549917 -94.046808 9.782675
vn 31.263635 -94.636372 8.157339
vn 9.769048 -99.186811 8.157339
vn 4.735369 -99.407623 9.782675
vn 2.445944 -99.636716 8.157339
vn -4.735369 -99.407623 9.782675
vn -4.890415 -99.546681 8.157339
vn -12.200272 -98.917194 8.157339
vn -12.224808 -99.116124 5.152486
vn -19.483119 -97.948252 5.152486
vn -14.226369 -98.946570 2.680815
vn -23.567420 -97.146230 2.680815
vn -26.635849 -96.249589 5.152486
vn -32.695041 -94.466118 2.680815
vn -33.644237 -94.029342 5.152486
vn -40.470304 -91.299542 5.152486
vn -33.576711 -93.840622 8.157339
vn -40.389078 -91.116300 8.157339
vn -32.549917 -94.046808 9.782675
vn -41.342246 -90.526891 9.782675
vn -14.163222 -98.507372 9.782675
vn -19.444015 -97.751665 8.157339
vn -23.462811 -96.715024 9.782675
vn -26.582389 -96.056413 8.157339
vn -46.982573 -87.898212 8.157339
vn -49.760173 -86.187148 9.782675
vn -53.321465 -84.203795 8.157339
vn -57.727464 -81.066881 9.782675
vn -59.371404 -80.053071 8.157339
vn -65.171967 -75.212459 9.782675
vn -65.099604 -75.468533 8.157339
vn -70.475023 -70.475023 8.157339
vn -70.616754 -70.616754 5.152486
vn -76.151435 -64.609681 5.152486
vn -72.347393 -68.983099 2.680815
vn -78.577058 -61.793682 2.680815
vn -81.176699 -58.170400 5.152486
vn -84.095118 -54.044651 2.680815
vn -85.658930 -51.341987 5.152486
vn -88.851600 -45.806183 2.680815
vn -89.568144 -44.170120 5.152486
vn -92.803427 -37.152888 2.680815
vn -92.878189 -36.702777 5.152486
vn -95.566924 -28.989910 5.152486
vn -92.691779 -36.629113 8.157339
vn -95.375118 -28.931726 8.157339
vn -92.391498 -36.987976 9.782675
vn -95.489073 -28.038122 9.782675
vn -72.026262 -68.676902 9.782675
vn -75.998596 -64.480007 8.157339
vn -78.228276 -61.519396 9.782675
vn -81.013774 -58.053650 8.157339
vn -83.721843 -53.804761 9.782675
vn -85.487009 -51.238941 8.157339
vn -88.457211 -45.602862 9.782675
vn -89.388377 -44.081469 8.157339
vn -97.420442 -21.040799 8.157339
vn -97.721884 -18.834349 9.782675
vn -98.814071 -13.009119 8.157339
vn -99.069710 -9.460010 9.782675
vn -99.546681 -4.890415 8.157339
vn -99.520346 -0.000000 9.782675
vn -99.613371 3.261004 8.157339
vn -99.069710 9.460010 9.782675
vn -99.013695 11.390609 8.157339
vn -97.721884 18.834349 9.782675
vn -97.751665 19.444015 8.157339
vn -95.835724 27.367351 8.157339
vn -96.028457 27.422389 5.152486
vn -93.466277 35.178216 5.152486
vn -95.914813 28.163130 2.680815
vn -92.803427 37.152888 2.680815
vn -90.278854 42.698718 5.152486
vn -88.851600 45.806183 2.680815
vn -86.487507 49.933586 5.152486
vn -84.095118 54.044651 2.680815
vn -82.117601 56.834422 5.152486
vn -78.577058 61.793682 2.680815
vn -77.198367 63.355063 5.152486
vn -72.347393 68.983099 2.680815
vn -71.762713 69.451889 5.152486
vn -65.462537 75.547796 2.680815
vn -65.847001 75.084115 5.152486
vn -59.490804 80.214064 5.152486
vn -65.714844 74.933418 8.157339
vn -59.371404 80.053071 8.157339
vn -65.171967 75.212459 9.782675
vn -57.727464 81.066881 9.782675
vn -95.489073 28.038122 9.782675
vn -93.278687 35.107612 8.157339
vn -92.391498 36.987976 9.782675
vn -90.097660 42.613020 8.157339
vn -88.457211 45.602862 9.782675
vn -86.313923 49.833367 8.157339
vn -83.721843 53.804761 9.782675
vn -81.952788 56.720353 8.157339
vn -78.228276 61.519396 9.782675
vn -77.043427 63.227907 8.157339
vn -72.026262 68.676902 9.782675
vn -71.618683 69.312496 8.157339
vn -52.630798 84.637208 8.157339
vn -49.760173 86.187148 9.782675
vn -45.538117 88.655162 8.157339
vn -41.342246 90.526891 9.782675
vn -38.140808 92.080055 8.157339
vn -32.549917 94.046808 9.782675
vn -30.488355 94.888977 8.157339
vn -23.462811 96.715024 9.782675
vn -22.631949 97.063138 8.157339
vn -14.163222 98.507372 9.782675
vn -14.624147 98.587992 8.157339
vn -6.518516 99.453340 8.157339
vn -6.531626 99.653348 5.152486
vn 1.634000 99.853803 5.152486
vn -4.756481 99.850834 2.680815
vn 4.756481 99.850834 2.680815
vn 9.788695 99.386283 5.152486
vn 14.226369 98.946570 2.680815
vn 17.877908 98.253918 5.152486
vn 23.567420 97.146230 2.680815
vn 25.847526 96.464280 5.152486
vn 32.695041 94.466118 2.680815
vn 33.644237 94.029342 5.152486
vn 41.526571 90.930507 2.680815
vn 41.215884 90.965394 5.152486
vn 48.511816 87.292930 5.152486
vn 41.133162 90.782822 8.157339
vn 48.414451 87.117729 8.157339
vn 41.342246 90.526891 9.782675
vn 49.760173 86.187148 9.782675
vn -4.735369 99.407623 9.782675
vn 1.630720 99.653392 8.157339
vn 4.735369 99.407623 9.782675
vn 9.769048 99.186811 8.157339
vn 14.163222 98.507372 9.782675
vn 17.842026 98.056718 8.157339
vn 23.462811 96.715024 9.782675
vn 25.795649 96.270672 8.157339
vn 32.549917 94.046808 9.782675
vn 33.576711 93.840622 8.157339
vn 55.371871 82.869861 8.157339
vn 57.727464 81.066881 9.782675
vn 61.958879 78.067632 8.157339
vn 65.171967 75.212459 9.782675
vn 68.131412 72.743168 8.157339
vn 72.026262 68.676902 9.782675
vn 73.848179 66.932088 8.157339
vn 78.228276 61.519396 9.782675
vn 79.070936 60.673263 8.157339
vn 83.721843 53.804761 9.782675
vn 83.764747 54.008564 8.157339
vn 87.898212 46.982573 8.157339
vn 88.074982 47.077059 5.152486
vn 91.627580 39.722015 5.152486
vn 88.851600 45.806183 2.680815
vn 92.803427 37.152888 2.680815
vn 94.567233 32.101250 5.152486
vn 95.914813 28.163130 2.680815
vn 96.874277 24.265743 5.152486
vn 98.157579 18.918323 2.680815
vn 98.533279 16.267910 5.152486
vn 99.511415 9.502188 2.680815
vn 99.533139 8.161253 5.152486
vn 99.333372 8.144873 8.157339
vn 99.069710 9.460010 9.782675
vn 98.335518 16.235260 8.157339
vn 97.721884 18.834349 9.782675
vn 96.679847 24.217041 8.157339
vn 95.489073 28.038122 9.782675
vn 94.377433 32.036822 8.157339
vn 92.391498 36.987976 9.782675
vn 91.443680 39.642291 8.157339
vn 88.457211 45.602862 9.782675
vn 84.095118 54.044651 2.680815
vn 83.933204 54.117179 5.152486
vn 79.229954 60.795282 5.152486
vn 78.577058 61.793682 2.680815
vn 73.996693 67.066693 5.152486
vn 72.347393 68.983099 2.680815
vn 68.268429 72.889460 5.152486
vn 65.462537 75.547796 2.680815
vn 62.083483 78.224632 5.152486
vn 57.984844 81.428319 2.680815
vn 55.483228 83.036518 5.152486
vn 49.982030 86.571415 2.680815
vn -14.226369 98.946570 2.680815
vn -14.653557 98.786260 5.152486
vn -22.677464 97.258339 5.152486
vn -23.567420 97.146230 2.680815
vn -30.549669 95.079806 5.152486
vn -32.695041 94.466118 2.680815
vn -38.217512 92.265235 5.152486
vn -41.526571 90.930507 2.680815
vn -45.629698 88.833454 5.152486
vn -49.982030 86.571415 2.680815
vn -52.736642 84.807420 5.152486
vn -57.984844 81.428319 2.680815
vn -98.157579 18.918323 2.680815
vn -97.948252 19.483119 5.152486
vn -99.212819 11.413516 5.152486
vn -99.511415 9.502188 2.680815
vn -99.813701 3.267562 5.152486
vn -99.964060 -0.000000 2.680815
vn -99.746877 -4.900250 5.152486
vn -99.511415 -9.502188 2.680815
vn -99.012794 -13.035282 5.152486
vn -98.157579 -18.918323 2.680815
vn -97.616362 -21.083114 5.152486
vn -95.914813 -28.163130 2.680815
vn -65.462537 -75.547796 2.680815
vn -65.230524 -75.620306 5.152486
vn -59.490804 -80.214064 5.152486
vn -57.984844 -81.428319 2.680815
vn -53.428699 -84.373136 5.152486
vn -49.982030 -86.571415 2.680815
vn -47.077059 -88.074982 5.152486
vn -41.526571 -90.930507 2.680815
vn -4.756481 -99.850834 2.680815
vn -4.900250 -99.746877 5.152486
vn 2.450863 -99.837093 5.152486
vn 4.756481 -99.850834 2.680815
vn 9.788695 -99.386283 5.152486
vn 14.226369 -98.946570 2.680815
vn 57.984844 -81.428319 2.680815
vn 57.504335 -81.649883 5.152486
vn 63.355063 -77.198367 5.152486
vn 65.462537 -75.547796 2.680815
vn 68.862464 -72.328507 5.152486
vn 72.347393 -68.983099 2.680815
vn 95.914813 -28.163130 2.680815
vn 95.566924 -28.989910 5.152486
vn 97.440612 -21.881021 5.152486
vn 98.157579 -18.918323 2.680815
vn 98.786260 -14.653557 5.152486

f 2/1/1 65/2/2 1/3/3
f 4/4/4 65/5/5 3/6/6
f 6/7/7 65/8/8 5/9/9
f 8/10/10 65/11/11 7/12/12
f 10/13/13 65/14/14 9/15/15
f 12/16/16 65/17/17 11/18/18
f 14/19/19 65/20/20 13/21/21
f 16/22/22 65/23/23 15/24/24
f 18/25/25 65/26/26 17/27/27
f 20/28/28 65/29/29 19/30/30
f 22/31/31 65/32/32 21/33/33
f 24/34/34 65/35/35 23/36/36
f 26/37/37 65/38/38 25/39/39
f 28/40/40 65/41/41 27/42/42
f 30/43/43 65/44/44 29/45/45
f 32/46/46 65/47/47 31/48/48
f 34/49/49 65/50/50 33/51/51
f 36/52/52 65/53/53 35/54/54
f 38/55/55 65/56/56 37/57/57
f 40/58/58 65/59/59 39/60/60
f 42/61/61 65/62/62 41/63/63
f 44/64/64 65/65/65 43/66/66
f 46/67/67 65/68/68 45/69/69
f 48/70/70 65/71/71 47/72/72
f 50/73/73 65/74/74 49/75/75
f 52/76/76 65/77/77 51/78/78
f 54/79/79 65/80/80 53/81/81
f 55/82/82 65/83/83 54/79/79
f 57/84/84 65/85/85 56/86/86
f 59/87/87 65/88/88 58/89/89
f 61/90/90 65/91/91 60/92/92
f 63/93/93 65/94/94 62/95/95
f 1/3/3 65/96/96 64/97/97
f 33/98/51 65/99/98 32/46/46
f 31/48/48 65/100/99 30/43/43
f 29/45/45 65/101/100 28/40/40
f 27/42/42 65/102/101 26/37/37
f 25/39/39 65/103/102 24/34/34
f 23/36/36 65/104/103 22/31/31
f 21/33/33 65/105/104 20/28/28
f 19/30/30 65/106/105 18/25/25
f 17/27/27 65/107/106 16/22/22
f 15/24/24 65/108/107 14/19/19
f 13/21/21 65/109/108 12/16/16
f 11/18/18 65/110/109 10/13/13
f 9/15/15 65/111/110 8/10/10
f 7/12/12 65/112/111 6/7/7
f 5/9/9 65/113/112 4/4/4
f 3/6/6 65/114/113 2/1/1
f 64/97/97 65/115/114 63/93/93
f 62/95/95 65/116/115 61/90/90
f 60/92/92 65/117/116 59/87/87
f 58/89/89 65/118/117 57/84/84
f 56/86/86 65/119/118 55/82/82
f 53/81/81 65/120/119 52/76/76
f 51/78/78 65/121/120 50/73/73
f 49/75/75 65/122/121 48/70/70
f 47/72/72 65/123/122 46/67/67
f 45/69/69 65/124/123 44/64/64
f 43/66/66 65/125/124 42/61/61
f 41/63/63 65/126/125 40/58/58
f 39/60/60 65/127/126 38/55/55
f 37/57/57 65/128/127 36/52/52
f 35/54/54 65/129/128 34/49/49
f 1/130/129 66/131/130 2/132/131
f 2/132/131 66/131/130 155/133/132
f 2/132/131 155/133/132 160/134/133
f 160/134/133 155/133/132 154/135/134
f 160/134/133 154/135/134 159/136/135
f 159/136/135 154/135/134 153/137/136
f 159/136/135 153/137/136 158/138/137
f 158/138/137 153/137/136 152/139/138
f 158/138/137 152/139/138 157/140/139
f 157/140/139 152/139/138 151/141/140
f 157/140/139 151/141/140 156/142/141
f 156/142/141 151/141/140 73/143/142
f 156/142/141 73/143/142 74/144/143
f 66/131/130 67/145/144 155/133/132
f 155/133/132 67/145/144 154/135/134
f 67/145/144 68/146/145 154/135/134
f 154/135/134 68/146/145 69/147/146
f 154/135/134 69/147/146 153/137/136
f 153/137/136 69/147/146 70/148/147
f 153/137/136 70/148/147 152/139/138
f 152/139/138 70/148/147 71/149/148
f 152/139/138 71/149/148 151/141/140
f 151/141/140 71/149/148 72/150/149
f 151/141/140 72/150/149 73/143/142
f 156/142/141 74/144/143 161/151/150
f 161/151/150 74/144/143 75/152/151
f 161/151/150 75/152/151 166/153/152
f 166/153/152 75/152/151 138/154/153
f 166/153/152 138/154/153 179/155/154
f 179/155/154 138/154/153 172/156/155
f 179/155/154 172/156/155 173/157/156
f 173/157/156 172/156/155 182/158/157
f 173/157/156 182/158/157 183/159/158
f 183/159/158 182/158/157 187/160/159
f 183/159/158 187/160/159 188/161/160
f 188/161/160 187/160/159 194/162/161
f 188/161/160 194/162/161 7/163/162
f 7/163/162 194/162/161 8/164/163
f 8/164/163 194/162/161 193/165/164
f 8/164/163 193/165/164 9/166/165
f 9/166/165 193/165/164 203/167/166
f 9/166/165 203/167/166 10/168/167
f 10/168/167 203/167/166 208/169/168
f 10/168/167 208/169/168 213/170/169
f 213/170/169 208/169/168 207/171/170
f 213/170/169 207/171/170 212/172/171
f 212/172/171 207/171/170 206/173/172
f 212/172/171 206/173/172 211/174/173
f 211/174/173 206/173/172 205/175/174
f 211/174/173 205/175/174 210/176/175
f 210/176/175 205/175/174 204/177/176
f 210/176/175 204/177/176 209/178/177
f 209/178/177 204/177/176 82/179/178
f 209/178/177 82/179/178 140/180/179
f 140/180/179 82/179/178 83/181/180
f 140/180/179 83/181/180 214/182/181
f 214/182/181 83/181/180 84/183/182
f 214/182/181 84/183/182 223/184/183
f 223/184/183 84/183/182 85/185/184
f 223/184/183 85/185/184 141/186/185
f 141/186/185 85/185/184 86/187/186
f 141/186/185 86/187/186 241/188/187
f 241/188/187 86/187/186 232/189/188
f 241/188/187 232/189/188 233/190/189
f 233/190/189 232/189/188 243/191/190
f 233/190/189 243/191/190 244/192/191
f 244/192/191 243/191/190 249/193/192
f 244/192/191 249/193/192 250/194/193
f 250/194/193 249/193/192 255/195/194
f 250/194/193 255/195/194 256/196/195
f 256/196/195 255/195/194 262/197/196
f 256/196/195 262/197/196 18/198/197
f 18/198/197 262/197/196 19/199/198
f 19/199/198 262/197/196 261/200/199
f 19/199/198 261/200/199 270/201/200
f 270/201/200 261/200/199 260/202/201
f 270/201/200 260/202/201 269/203/202
f 269/203/202 260/202/201 259/204/203
f 269/203/202 259/204/203 268/205/204
f 268/205/204 259/204/203 258/206/205
f 268/205/204 258/206/205 267/207/206
f 267/207/206 258/206/205 257/208/207
f 267/207/206 257/208/207 266/209/208
f 266/209/208 257/208/207 91/210/209
f 266/209/208 91/210/209 92/211/210
f 75/152/151 76/212/211 138/154/153
f 138/154/153 76/212/211 171/213/212
f 138/154/153 171/213/212 172/156/155
f 172/156/155 171/213/212 181/214/213
f 172/156/155 181/214/213 182/158/157
f 182/158/157 181/214/213 186/215/214
f 182/158/157 186/215/214 187/160/159
f 187/160/159 186/215/214 195/216/215
f 187/160/159 195/216/215 194/162/161
f 194/162/161 195/216/215 193/165/164
f 76/212/211 77/217/216 171/213/212
f 171/213/212 77/217/216 180/218/217
f 171/213/212 180/218/217 181/214/213
f 181/214/213 180/218/217 185/219/218
f 181/214/213 185/219/218 186/215/214
f 186/215/214 185/219/218 196/220/219
f 186/215/214 196/220/219 195/216/215
f 195/216/215 196/220/219 192/221/220
f 195/216/215 192/221/220 193/165/164
f 193/165/164 192/221/220 203/167/166
f 77/217/216 78/222/221 180/218/217
f 180/218/217 78/222/221 139/223/222
f 180/218/217 139/223/222 185/219/218
f 185/219/218 139/223/222 197/224/223
f 185/219/218 197/224/223 196/220/219
f 196/220/219 197/224/223 191/225/224
f 196/220/219 191/225/224 192/221/220
f 192/221/220 191/225/224 202/226/225
f 192/221/220 202/226/225 203/167/166
f 203/167/166 202/226/225 208/169/168
f 78/222/221 79/227/226 139/223/222
f 139/223/222 79/227/226 198/228/227
f 139/223/222 198/228/227 197/224/223
f 197/224/223 198/228/227 190/229/228
f 197/224/223 190/229/228 191/225/224
f 191/225/224 190/229/228 201/230/229
f 191/225/224 201/230/229 202/226/225
f 202/226/225 201/230/229 207/171/170
f 202/226/225 207/171/170 208/169/168
f 198/228/227 79/227/226 189/231/230
f 189/231/230 79/227/226 80/232/231
f 189/231/230 80/232/231 199/233/232
f 199/233/232 80/232/231 81/234/233
f 199/233/232 81/234/233 204/177/176
f 204/177/176 81/234/233 82/179/178
f 86/187/186 87/235/234 232/189/188
f 232/189/188 87/235/234 242/236/235
f 232/189/188 242/236/235 243/191/190
f 243/191/190 242/236/235 248/237/236
f 243/191/190 248/237/236 249/193/192
f 249/193/192 248/237/236 254/238/237
f 249/193/192 254/238/237 255/195/194
f 255/195/194 254/238/237 263/239/238
f 255/195/194 263/239/238 262/197/196
f 262/197/196 263/239/238 261/200/199
f 87/235/234 88/240/239 242/236/235
f 242/236/235 88/240/239 247/241/240
f 242/236/235 247/241/240 248/237/236
f 248/237/236 247/241/240 253/242/241
f 248/237/236 253/242/241 254/238/237
f 254/238/237 253/242/241 264/243/242
f 254/238/237 264/243/242 263/239/238
f 263/239/238 264/243/242 260/202/201
f 263/239/238 260/202/201 261/200/199
f 88/240/239 89/244/243 247/241/240
f 247/241/240 89/244/243 252/245/244
f 247/241/240 252/245/244 253/242/241
f 253/242/241 252/245/244 265/246/245
f 253/242/241 265/246/245 264/243/242
f 264/243/242 265/246/245 259/204/203
f 264/243/242 259/204/203 260/202/201
f 252/245/244 89/244/243 142/247/246
f 142/247/246 89/244/243 90/248/247
f 142/247/246 90/248/247 257/208/207
f 257/208/207 90/248/247 91/210/209
f 93/249/248 143/250/249 92/211/210
f 92/211/210 143/250/249 271/251/250
f 92/211/210 271/251/250 266/209/208
f 266/209/208 271/251/250 272/252/251
f 266/209/208 272/252/251 267/207/206
f 267/207/206 272/252/251 273/253/252
f 267/207/206 273/253/252 268/205/204
f 268/205/204 273/253/252 274/254/253
f 268/205/204 274/254/253 269/203/202
f 269/203/202 274/254/253 275/255/254
f 269/203/202 275/255/254 270/201/200
f 270/201/200 275/255/254 20/256/255
f 270/201/200 20/256/255 19/199/198
f 143/250/249 93/249/248 276/257/256
f 276/257/256 93/249/248 94/258/257
f 276/257/256 94/258/257 285/259/258
f 285/259/258 94/258/257 95/260/259
f 285/259/258 95/260/259 144/261/260
f 144/261/260 95/260/259 96/262/261
f 144/261/260 96/262/261 303/263/262
f 303/263/262 96/262/261 294/264/263
f 303/263/262 294/264/263 295/265/264
f 295/265/264 294/264/263 305/266/265
f 295/265/264 305/266/265 306/267/266
f 306/267/266 305/266/265 311/268/267
f 306/267/266 311/268/267 312/269/268
f 312/269/268 311/268/267 317/270/269
f 312/269/268 317/270/269 318/271/270
f 318/271/270 317/270/269 323/272/271
f 318/271/270 323/272/271 28/273/272
f 28/273/272 323/272/271 29/274/273
f 29/274/273 323/272/271 328/275/274
f 29/274/273 328/275/274 30/276/275
f 30/276/275 328/275/274 334/277/276
f 30/276/275 334/277/276 333/278/277
f 333/278/277 334/277/276 335/279/278
f 333/278/277 335/279/278 332/280/279
f 332/280/279 335/279/278 336/281/280
f 332/280/279 336/281/280 331/282/281
f 331/282/281 336/281/280 337/283/282
f 331/282/281 337/283/282 330/284/283
f 330/284/283 337/283/282 145/285/284
f 330/284/283 145/285/284 329/286/285
f 329/286/285 145/285/284 102/287/286
f 329/286/285 102/287/286 103/288/287
f 96/262/261 97/289/288 294/264/263
f 294/264/263 97/289/288 304/290/289
f 294/264/263 304/290/289 305/266/265
f 305/266/265 304/290/289 310/291/290
f 305/266/265 310/291/290 311/268/267
f 311/268/267 310/291/290 316/292/291
f 311/268/267 316/292/291 317/270/269
f 317/270/269 316/292/291 322/293/292
f 317/270/269 322/293/292 323/272/271
f 323/272/271 322/293/292 328/275/274
f 97/289/288 98/294/293 304/290/289
f 304/290/289 98/294/293 309/295/294
f 304/290/289 309/295/294 310/291/290
f 310/291/290 309/295/294 315/296/295
f 310/291/290 315/296/295 316/292/291
f 316/292/291 315/296/295 321/297/296
f 316/292/291 321/297/296 322/293/292
f 322/293/292 321/297/296 327/298/297
f 322/293/292 327/298/297 328/275/274
f 328/275/274 327/298/297 334/277/276
f 98/294/293 99/299/298 309/295/294
f 309/295/294 99/299/298 314/300/299
f 309/295/294 314/300/299 315/296/295
f 315/296/295 314/300/299 320/301/300
f 315/296/295 320/301/300 321/297/296
f 321/297/296 320/301/300 326/302/301
f 321/297/296 326/302/301 327/298/297
f 327/298/297 326/302/301 335/279/278
f 327/298/297 335/279/278 334/277/276
f 99/299/298 100/303/302 314/300/299
f 314/300/299 100/303/302 319/304/303
f 314/300/299 319/304/303 320/301/300
f 320/301/300 319/304/303 325/305/304
f 320/301/300 325/305/304 326/302/301
f 326/302/301 325/305/304 336/281/280
f 326/302/301 336/281/280 335/279/278
f 100/303/302 101/306/305 319/304/303
f 319/304/303 101/306/305 324/307/306
f 319/304/303 324/307/306 325/305/304
f 325/305/304 324/307/306 337/283/282
f 325/305/304 337/283/282 336/281/280
f 324/307/306 101/306/305 145/285/284
f 145/285/284 101/306/305 102/287/286
f 329/286/285 103/288/287 338/308/307
f 338/308/307 103/288/287 104/309/308
f 338/308/307 104/309/308 343/310/309
f 343/310/309 104/309/308 105/311/310
f 343/310/309 105/311/310 348/312/311
f 348/312/311 105/311/310 106/313/312
f 348/312/311 106/313/312 353/314/313
f 353/314/313 106/313/312 107/315/314
f 353/314/313 107/315/314 358/316/315
f 358/316/315 107/315/314 146/317/316
f 358/316/315 146/317/316 371/318/317
f 371/318/317 146/317/316 364/319/318
f 371/318/317 364/319/318 365/320/319
f 365/320/319 364/319/318 374/321/320
f 365/320/319 374/321/320 375/322/321
f 375/322/321 374/321/320 380/323/322
f 375/322/321 380/323/322 381/324/323
f 381/324/323 380/323/322 386/325/324
f 381/324/323 386/325/324 39/326/325
f 39/326/325 386/325/324 40/327/326
f 40/327/326 386/325/324 391/328/327
f 40/327/326 391/328/327 395/329/328
f 395/329/328 391/328/327 390/330/329
f 395/329/328 390/330/329 394/331/330
f 394/331/330 390/330/329 389/332/331
f 394/331/330 389/332/331 393/333/332
f 393/333/332 389/332/331 388/334/333
f 393/333/332 388/334/333 392/335/334
f 392/335/334 388/334/333 387/336/335
f 392/335/334 387/336/335 147/337/336
f 147/337/336 387/336/335 113/338/337
f 147/337/336 113/338/337 114/339/338
f 107/315/314 108/340/339 146/317/316
f 146/317/316 108/340/339 363/341/340
f 146/317/316 363/341/340 364/319/318
f 364/319/318 363/341/340 373/342/341
f 364/319/318 373/342/341 374/321/320
f 374/321/320 373/342/341 379/343/342
f 374/321/320 379/343/342 380/323/322
f 380/323/322 379/343/342 385/344/343
f 380/323/322 385/344/343 386/325/324
f 386/325/324 385/344/343 391/328/327
f 108/340/339 109/345/344 363/341/340
f 363/341/340 109/345/344 372/346/345
f 363/341/340 372/346/345 373/342/341
f 373/342/341 372/346/345 378/347/346
f 373/342/341 378/347/346 379/343/342
f 379/343/342 378/347/346 384/348/347
f 379/343/342 384/348/347 385/344/343
f 385/344/343 384/348/347 390/330/329
f 385/344/343 390/330/329 391/328/327
f 109/345/344 110/349/348 372/346/345
f 372/346/345 110/349/348 377/350/349
f 372/346/345 377/350/349 378/347/346
f 378/347/346 377/350/349 383/351/350
f 378/347/346 383/351/350 384/348/347
f 384/348/347 383/351/350 389/332/331
f 384/348/347 389/332/331 390/330/329
f 110/349/348 111/352/351 377/350/349
f 377/350/349 111/352/351 382/353/352
f 377/350/349 382/353/352 383/351/350
f 383/351/350 382/353/352 388/334/333
f 383/351/350 388/334/333 389/332/331
f 111/352/351 112/354/353 382/353/352
f 382/353/352 112/354/353 387/336/335
f 382/353/352 387/336/335 388/334/333
f 112/354/353 113/338/337 387/336/335
f 115/355/354 396/356/355 114/339/338
f 114/339/338 396/356/355 405/357/356
f 114/339/338 405/357/356 147/337/336
f 147/337/336 405/357/356 404/358/357
f 147/337/336 404/358/357 392/335/334
f 392/335/334 404/358/357 403/359/358
f 392/335/334 403/359/358 393/333/332
f 393/333/332 403/359/358 402/360/359
f 393/333/332 402/360/359 394/331/330
f 394/331/330 402/360/359 401/361/360
f 394/331/330 401/361/360 395/329/328
f 395/329/328 401/361/360 41/362/361
f 395/329/328 41/362/361 40/327/326
f 396/356/355 115/355/354 406/363/362
f 406/363/362 115/355/354 116/364/363
f 406/363/362 116/364/363 411/365/364
f 411/365/364 116/364/363 117/366/365
f 411/365/364 117/366/365 416/367/366
f 416/367/366 117/366/365 118/368/367
f 416/367/366 118/368/367 421/369/368
f 421/369/368 118/368/367 119/370/369
f 421/369/368 119/370/369 148/371/370
f 148/371/370 119/370/369 120/372/371
f 148/371/370 120/372/371 439/373/372
f 439/373/372 120/372/371 430/374/373
f 439/373/372 430/374/373 431/375/374
f 431/375/374 430/374/373 441/376/375
f 431/375/374 441/376/375 442/377/376
f 442/377/376 441/376/375 447/378/377
f 442/377/376 447/378/377 448/379/378
f 448/379/378 447/378/377 453/380/379
f 448/379/378 453/380/379 454/381/380
f 454/381/380 453/380/379 459/382/381
f 454/381/380 459/382/381 51/383/382
f 51/383/382 459/382/381 52/384/383
f 52/384/383 459/382/381 463/385/384
f 52/384/383 463/385/384 53/386/385
f 53/386/385 463/385/384 469/387/386
f 53/386/385 469/387/386 54/388/387
f 54/388/387 469/387/386 468/389/388
f 54/388/387 468/389/388 55/390/389
f 55/390/389 468/389/388 478/391/390
f 55/390/389 478/391/390 483/392/391
f 483/392/391 478/391/390 477/393/392
f 483/392/391 477/393/392 482/394/393
f 482/394/393 477/393/392 476/395/394
f 482/394/393 476/395/394 481/396/395
f 481/396/395 476/395/394 475/397/396
f 481/396/395 475/397/396 480/398/397
f 480/398/397 475/397/396 474/399/398
f 480/398/397 474/399/398 479/400/399
f 479/400/399 474/399/398 128/401/400
f 479/400/399 128/401/400 129/402/401
f 120/372/371 121/403/402 430/374/373
f 430/374/373 121/403/402 440/404/403
f 430/374/373 440/404/403 441/376/375
f 441/376/375 440/404/403 446/405/404
f 441/376/375 446/405/404 447/378/377
f 447/378/377 446/405/404 452/406/405
f 447/378/377 452/406/405 453/380/379
f 453/380/379 452/406/405 458/407/406
f 453/380/379 458/407/406 459/382/381
f 459/382/381 458/407/406 463/385/384
f 121/403/402 122/408/407 440/404/403
f 440/404/403 122/408/407 445/409/408
f 440/404/403 445/409/408 446/405/404
f 446/405/404 445/409/408 451/410/409
f 446/405/404 451/410/409 452/406/405
f 452/406/405 451/410/409 457/411/410
f 452/406/405 457/411/410 458/407/406
f 458/407/406 457/411/410 462/412/411
f 458/407/406 462/412/411 463/385/384
f 463/385/384 462/412/411 469/387/386
f 122/408/407 123/413/412 445/409/408
f 445/409/408 123/413/412 450/414/413
f 445/409/408 450/414/413 451/410/409
f 451/410/409 450/414/413 456/415/414
f 451/410/409 456/415/414 457/411/410
f 457/411/410 456/415/414 461/416/415
f 457/411/410 461/416/415 462/412/411
f 462/412/411 461/416/415 470/417/416
f 462/412/411 470/417/416 469/387/386
f 469/387/386 470/417/416 468/389/388
f 123/413/412 124/418/417 450/414/413
f 450/414/413 124/418/417 455/419/418
f 450/414/413 455/419/418 456/415/414
f 456/415/414 455/419/418 460/420/419
f 456/415/414 460/420/419 461/416/415
f 461/416/415 460/420/419 471/421/420
f 461/416/415 471/421/420 470/417/416
f 470/417/416 471/421/420 467/422/421
f 470/417/416 467/422/421 468/389/388
f 468/389/388 467/422/421 478/391/390
f 124/418/417 125/423/422 455/419/418
f 455/419/418 125/423/422 149/424/423
f 455/419/418 149/424/423 460/420/419
f 460/420/419 149/424/423 472/425/424
f 460/420/419 472/425/424 471/421/420
f 471/421/420 472/425/424 466/426/425
f 471/421/420 466/426/425 467/422/421
f 467/422/421 466/426/425 477/393/392
f 467/422/421 477/393/392 478/391/390
f 125/423/422 126/427/426 149/424/423
f 149/424/423 126/427/426 473/428/427
f 149/424/423 473/428/427 472/425/424
f 472/425/424 473/428/427 465/429/428
f 472/425/424 465/429/428 466/426/425
f 466/426/425 465/429/428 476/395/394
f 466/426/425 476/395/394 477/393/392
f 473/428/427 126/427/426 464/430/429
f 464/430/429 126/427/426 127/431/430
f 464/430/429 127/431/430 474/399/398
f 474/399/398 127/431/430 128/401/400
f 479/400/399 129/402/401 484/432/431
f 484/432/431 129/402/401 130/433/432
f 484/432/431 130/433/432 489/434/433
f 489/434/433 130/433/432 131/435/434
f 489/434/433 131/435/434 150/436/435
f 150/436/435 131/435/434 132/437/436
f 150/436/435 132/437/436 507/438/437
f 507/438/437 132/437/436 498/439/438
f 507/438/437 498/439/438 499/440/439
f 499/440/439 498/439/438 509/441/440
f 499/440/439 509/441/440 510/442/441
f 510/442/441 509/441/440 515/443/442
f 510/442/441 515/443/442 516/444/443
f 516/444/443 515/443/442 521/445/444
f 516/444/443 521/445/444 522/446/445
f 522/446/445 521/445/444 527/447/446
f 522/446/445 527/447/446 63/448/447
f 63/448/447 527/447/446 64/449/448
f 64/449/448 527/447/446 532/450/449
f 64/449/448 532/450/449 66/451/130
f 66/451/130 532/450/449 67/452/144
f 67/452/144 532/450/449 531/453/450
f 67/452/144 531/453/450 68/454/145
f 68/454/145 531/453/450 69/455/146
f 69/455/146 531/453/450 530/456/451
f 69/455/146 530/456/451 70/457/147
f 70/457/147 530/456/451 529/458/452
f 70/457/147 529/458/452 71/459/148
f 71/459/148 529/458/452 528/460/453
f 71/459/148 528/460/453 72/461/149
f 72/461/149 528/460/453 137/462/454
f 137/462/454 528/460/453 523/463/455
f 137/462/454 523/463/455 136/464/456
f 136/464/456 523/463/455 518/465/457
f 136/464/456 518/465/457 135/466/458
f 135/466/458 518/465/457 513/467/459
f 135/466/458 513/467/459 134/468/460
f 134/468/460 513/467/459 508/469/461
f 134/468/460 508/469/461 133/470/462
f 133/470/462 508/469/461 498/439/438
f 133/470/462 498/439/438 132/437/436
f 66/451/130 1/471/129 64/449/448
f 63/448/447 62/472/463 522/446/445
f 522/446/445 62/472/463 517/473/464
f 522/446/445 517/473/464 516/444/443
f 516/444/443 517/473/464 511/474/465
f 516/444/443 511/474/465 510/442/441
f 510/442/441 511/474/465 500/475/466
f 510/442/441 500/475/466 499/440/439
f 499/440/439 500/475/466 506/476/467
f 499/440/439 506/476/467 507/438/437
f 507/438/437 506/476/467 150/436/435
f 62/472/463 61/477/468 517/473/464
f 517/473/464 61/477/468 512/478/469
f 517/473/464 512/478/469 511/474/465
f 511/474/465 512/478/469 501/479/470
f 511/474/465 501/479/470 500/475/466
f 500/475/466 501/479/470 505/480/471
f 500/475/466 505/480/471 506/476/467
f 506/476/467 505/480/471 494/481/472
f 506/476/467 494/481/472 150/436/435
f 150/436/435 494/481/472 489/434/433
f 61/477/468 60/482/473 512/478/469
f 512/478/469 60/482/473 502/483/474
f 512/478/469 502/483/474 501/479/470
f 501/479/470 502/483/474 504/484/475
f 501/479/470 504/484/475 505/480/471
f 505/480/471 504/484/475 495/485/476
f 505/480/471 495/485/476 494/481/472
f 494/481/472 495/485/476 490/486/477
f 494/481/472 490/486/477 489/434/433
f 489/434/433 490/486/477 484/432/431
f 502/483/474 60/482/473 503/487/478
f 503/487/478 60/482/473 59/488/479
f 503/487/478 59/488/479 497/489/480
f 497/489/480 59/488/479 58/490/481
f 497/489/480 58/490/481 493/491/482
f 493/491/482 58/490/481 57/492/483
f 493/491/482 57/492/483 488/493/484
f 488/493/484 57/492/483 56/494/485
f 488/493/484 56/494/485 483/392/391
f 483/392/391 56/494/485 55/390/389
f 51/383/382 50/495/486 454/381/380
f 454/381/380 50/495/486 449/496/487
f 454/381/380 449/496/487 448/379/378
f 448/379/378 449/496/487 443/497/488
f 448/379/378 443/497/488 442/377/376
f 442/377/376 443/497/488 432/498/489
f 442/377/376 432/498/489 431/375/374
f 431/375/374 432/498/489 438/499/490
f 431/375/374 438/499/490 439/373/372
f 439/373/372 438/499/490 148/371/370
f 449/496/487 50/495/486 444/500/491
f 444/500/491 50/495/486 49/501/492
f 444/500/491 49/501/492 434/502/493
f 434/502/493 49/501/492 48/503/494
f 434/502/493 48/503/494 435/504/495
f 435/504/495 48/503/494 47/505/496
f 435/504/495 47/505/496 429/506/497
f 429/506/497 47/505/496 46/507/498
f 429/506/497 46/507/498 425/508/499
f 425/508/499 46/507/498 45/509/500
f 425/508/499 45/509/500 420/510/501
f 420/510/501 45/509/500 415/511/502
f 420/510/501 415/511/502 414/512/503
f 414/512/503 415/511/502 409/513/504
f 414/512/503 409/513/504 408/514/505
f 408/514/505 409/513/504 398/515/506
f 408/514/505 398/515/506 397/516/507
f 397/516/507 398/515/506 404/358/357
f 397/516/507 404/358/357 405/357/356
f 45/509/500 44/517/508 415/511/502
f 415/511/502 44/517/508 410/518/509
f 415/511/502 410/518/509 409/513/504
f 409/513/504 410/518/509 399/519/510
f 409/513/504 399/519/510 398/515/506
f 398/515/506 399/519/510 403/359/358
f 398/515/506 403/359/358 404/358/357
f 44/517/508 43/520/511 410/518/509
f 410/518/509 43/520/511 400/521/512
f 410/518/509 400/521/512 399/519/510
f 399/519/510 400/521/512 402/360/359
f 399/519/510 402/360/359 403/359/358
f 43/520/511 42/522/513 400/521/512
f 400/521/512 42/522/513 401/361/360
f 400/521/512 401/361/360 402/360/359
f 42/522/513 41/362/361 401/361/360
f 39/326/325 38/523/514 381/324/323
f 381/324/323 38/523/514 376/524/515
f 381/324/323 376/524/515 375/322/321
f 375/322/321 376/524/515 366/525/516
f 375/322/321 366/525/516 365/320/319
f 365/320/319 366/525/516 370/526/517
f 365/320/319 370/526/517 371/318/317
f 371/318/317 370/526/517 359/527/518
f 371/318/317 359/527/518 358/316/315
f 358/316/315 359/527/518 353/314/313
f 38/523/514 37/528/519 376/524/515
f 376/524/515 37/528/519 367/529/520
f 376/524/515 367/529/520 366/525/516
f 366/525/516 367/529/520 369/530/521
f 366/525/516 369/530/521 370/526/517
f 370/526/517 369/530/521 360/531/522
f 370/526/517 360/531/522 359/527/518
f 359/527/518 360/531/522 354/532/523
f 359/527/518 354/532/523 353/314/313
f 353/314/313 354/532/523 348/312/311
f 37/528/519 36/533/524 367/529/520
f 367/529/520 36/533/524 368/534/525
f 367/529/520 368/534/525 369/530/521
f 369/530/521 368/534/525 361/535/526
f 369/530/521 361/535/526 360/531/522
f 360/531/522 361/535/526 355/536/527
f 360/531/522 355/536/527 354/532/523
f 354/532/523 355/536/527 349/537/528
f 354/532/523 349/537/528 348/312/311
f 348/312/311 349/537/528 343/310/309
f 36/533/524 35/538/529 368/534/525
f 368/534/525 35/538/529 362/539/530
f 368/534/525 362/539/530 361/535/526
f 361/535/526 362/539/530 356/540/531
f 361/535/526 356/540/531 355/536/527
f 355/536/527 356/540/531 350/541/532
f 355/536/527 350/541/532 349/537/528
f 349/537/528 350/541/532 344/542/533
f 349/537/528 344/542/533 343/310/309
f 343/310/309 344/542/533 338/308/307
f 362/539/530 35/538/529 357/543/534
f 357/543/534 35/538/529 34/544/535
f 357/543/534 34/544/535 352/545/536
f 352/545/536 34/544/535 33/546/537
f 352/545/536 33/546/537 347/547/538
f 347/547/538 33/546/537 32/548/539
f 347/547/538 32/548/539 342/549/540
f 342/549/540 32/548/539 31/550/541
f 342/549/540 31/550/541 333/278/277
f 333/278/277 31/550/541 30/276/275
f 28/273/272 27/551/542 318/271/270
f 318/271/270 27/551/542 313/552/543
f 318/271/270 313/552/543 312/269/268
f 312/269/268 313/552/543 307/553/544
f 312/269/268 307/553/544 306/267/266
f 306/267/266 307/553/544 296/554/545
f 306/267/266 296/554/545 295/265/264
f 295/265/264 296/554/545 302/555/546
f 295/265/264 302/555/546 303/263/262
f 303/263/262 302/555/546 144/261/260
f 27/551/542 26/556/547 313/552/543
f 313/552/543 26/556/547 308/557/548
f 313/552/543 308/557/548 307/553/544
f 307/553/544 308/557/548 297/558/549
f 307/553/544 297/558/549 296/554/545
f 296/554/545 297/558/549 301/559/550
f 296/554/545 301/559/550 302/555/546
f 302/555/546 301/559/550 290/560/551
f 302/555/546 290/560/551 144/261/260
f 144/261/260 290/560/551 285/259/258
f 26/556/547 25/561/552 308/557/548
f 308/557/548 25/561/552 298/562/553
f 308/557/548 298/562/553 297/558/549
f 297/558/549 298/562/553 300/563/554
f 297/558/549 300/563/554 301/559/550
f 301/559/550 300/563/554 291/564/555
f 301/559/550 291/564/555 290/560/551
f 290/560/551 291/564/555 286/565/556
f 290/560/551 286/565/556 285/259/258
f 285/259/258 286/565/556 276/257/256
f 298/562/553 25/561/552 299/566/557
f 299/566/557 25/561/552 24/567/558
f 299/566/557 24/567/558 293/568/559
f 293/568/559 24/567/558 23/569/560
f 293/568/559 23/569/560 289/570/561
f 289/570/561 23/569/560 22/571/562
f 289/570/561 22/571/562 280/572/563
f 280/572/563 22/571/562 281/573/564
f 280/572/563 281/573/564 282/574/565
f 282/574/565 281/573/564 274/254/253
f 282/574/565 274/254/253 273/253/252
f 22/571/562 21/575/566 281/573/564
f 281/573/564 21/575/566 275/255/254
f 281/573/564 275/255/254 274/254/253
f 21/575/566 20/256/255 275/255/254
f 18/198/197 17/576/567 256/196/195
f 256/196/195 17/576/567 251/577/568
f 256/196/195 251/577/568 250/194/193
f 250/194/193 251/577/568 245/578/569
f 250/194/193 245/578/569 244/192/191
f 244/192/191 245/578/569 234/579/570
f 244/192/191 234/579/570 233/190/189
f 233/190/189 234/579/570 240/580/571
f 233/190/189 240/580/571 241/188/187
f 241/188/187 240/580/571 141/186/185
f 17/576/567 16/581/572 251/577/568
f 251/577/568 16/581/572 246/582/573
f 251/577/568 246/582/573 245/578/569
f 245/578/569 246/582/573 235/583/574
f 245/578/569 235/583/574 234/579/570
f 234/579/570 235/583/574 239/584/575
f 234/579/570 239/584/575 240/580/571
f 240/580/571 239/584/575 228/585/576
f 240/580/571 228/585/576 141/186/185
f 141/186/185 228/585/576 223/184/183
f 246/582/573 16/581/572 236/586/577
f 236/586/577 16/581/572 15/587/578
f 236/586/577 15/587/578 237/588/579
f 237/588/579 15/587/578 14/589/580
f 237/588/579 14/589/580 231/590/581
f 231/590/581 14/589/580 13/591/582
f 231/590/581 13/591/582 227/592/583
f 227/592/583 13/591/582 218/593/584
f 227/592/583 218/593/584 217/594/585
f 217/594/585 218/593/584 220/595/586
f 217/594/585 220/595/586 221/596/587
f 221/596/587 220/595/586 211/174/173
f 221/596/587 211/174/173 210/176/175
f 13/591/582 12/597/588 218/593/584
f 218/593/584 12/597/588 219/598/589
f 218/593/584 219/598/589 220/595/586
f 220/595/586 219/598/589 212/172/171
f 220/595/586 212/172/171 211/174/173
f 12/597/588 11/599/590 219/598/589
f 219/598/589 11/599/590 213/170/169
f 219/598/589 213/170/169 212/172/171
f 11/599/590 10/168/167 213/170/169
f 188/161/160 7/163/162 184/600/591
f 184/600/591 7/163/162 6/601/592
f 184/600/591 6/601/592 175/602/593
f 175/602/593 6/601/592 5/603/594
f 175/602/593 5/603/594 176/604/595
f 176/604/595 5/603/594 4/605/596
f 176/604/595 4/605/596 170/606/597
f 170/606/597 4/605/596 165/607/598
f 170/606/597 165/607/598 164/608/599
f 164/608/599 165/607/598 159/136/135
f 164/608/599 159/136/135 158/138/137
f 4/605/596 3/609/600 165/607/598
f 165/607/598 3/609/600 160/134/133
f 165/607/598 160/134/133 159/136/135
f 3/609/600 2/132/131 160/134/133
f 157/140/139 156/142/141 162/610/601
f 162/610/601 156/142/141 161/151/150
f 162/610/601 161/151/150 167/611/602
f 167/611/602 161/151/150 166/153/152
f 167/611/602 166/153/152 179/155/154
f 158/138/137 157/140/139 163/612/603
f 163/612/603 157/140/139 162/610/601
f 163/612/603 162/610/601 168/613/604
f 168/613/604 162/610/601 167/611/602
f 168/613/604 167/611/602 178/614/605
f 178/614/605 167/611/602 179/155/154
f 178/614/605 179/155/154 173/157/156
f 158/138/137 163/612/603 164/608/599
f 164/608/599 163/612/603 169/615/606
f 164/608/599 169/615/606 170/606/597
f 170/606/597 169/615/606 176/604/595
f 169/615/606 163/612/603 168/613/604
f 169/615/606 168/613/604 177/616/607
f 177/616/607 168/613/604 178/614/605
f 177/616/607 178/614/605 174/617/608
f 174/617/608 178/614/605 173/157/156
f 174/617/608 173/157/156 183/159/158
f 174/617/608 175/602/593 177/616/607
f 177/616/607 175/602/593 176/604/595
f 177/616/607 176/604/595 169/615/606
f 175/602/593 174/617/608 184/600/591
f 184/600/591 174/617/608 183/159/158
f 184/600/591 183/159/158 188/161/160
f 198/228/227 189/231/230 190/229/228
f 190/229/228 189/231/230 200/618/609
f 190/229/228 200/618/609 201/230/229
f 201/230/229 200/618/609 206/173/172
f 201/230/229 206/173/172 207/171/170
f 189/231/230 199/233/232 200/618/609
f 200/618/609 199/233/232 205/175/174
f 200/618/609 205/175/174 206/173/172
f 204/177/176 205/175/174 199/233/232
f 210/176/175 209/178/177 222/619/610
f 222/619/610 209/178/177 140/180/179
f 222/619/610 140/180/179 215/620/611
f 215/620/611 140/180/179 214/182/181
f 215/620/611 214/182/181 224/621/612
f 224/621/612 214/182/181 223/184/183
f 224/621/612 223/184/183 228/585/576
f 215/620/611 216/622/613 222/619/610
f 222/619/610 216/622/613 221/596/587
f 222/619/610 221/596/587 210/176/175
f 221/596/587 216/622/613 217/594/585
f 217/594/585 216/622/613 226/623/614
f 217/594/585 226/623/614 227/592/583
f 227/592/583 226/623/614 231/590/581
f 216/622/613 215/620/611 225/624/615
f 225/624/615 215/620/611 224/621/612
f 225/624/615 224/621/612 229/625/616
f 229/625/616 224/621/612 228/585/576
f 229/625/616 228/585/576 239/584/575
f 216/622/613 225/624/615 226/623/614
f 226/623/614 225/624/615 230/626/617
f 226/623/614 230/626/617 231/590/581
f 231/590/581 230/626/617 237/588/579
f 230/626/617 225/624/615 229/625/616
f 230/626/617 229/625/616 238/627/618
f 238/627/618 229/625/616 239/584/575
f 238/627/618 239/584/575 235/583/574
f 235/583/574 236/586/577 238/627/618
f 238/627/618 236/586/577 237/588/579
f 238/627/618 237/588/579 230/626/617
f 236/586/577 235/583/574 246/582/573
f 257/208/207 258/206/205 142/247/246
f 142/247/246 258/206/205 265/246/245
f 142/247/246 265/246/245 252/245/244
f 258/206/205 259/204/203 265/246/245
f 272/252/251 271/251/250 284/628/619
f 284/628/619 271/251/250 143/250/249
f 284/628/619 143/250/249 277/629/620
f 277/629/620 143/250/249 276/257/256
f 277/629/620 276/257/256 286/565/556
f 273/253/252 272/252/251 283/630/621
f 283/630/621 272/252/251 284/628/619
f 283/630/621 284/628/619 278/631/622
f 278/631/622 284/628/619 277/629/620
f 278/631/622 277/629/620 287/632/623
f 287/632/623 277/629/620 286/565/556
f 287/632/623 286/565/556 291/564/555
f 278/631/622 279/633/624 283/630/621
f 283/630/621 279/633/624 282/574/565
f 283/630/621 282/574/565 273/253/252
f 289/570/561 280/572/563 279/633/624
f 279/633/624 280/572/563 282/574/565
f 279/633/624 278/631/622 288/634/625
f 288/634/625 278/631/622 287/632/623
f 288/634/625 287/632/623 292/635/626
f 292/635/626 287/632/623 291/564/555
f 292/635/626 291/564/555 300/563/554
f 293/568/559 289/570/561 288/634/625
f 288/634/625 289/570/561 279/633/624
f 293/568/559 288/634/625 292/635/626
f 299/566/557 293/568/559 292/635/626
f 299/566/557 292/635/626 300/563/554
f 299/566/557 300/563/554 298/562/553
f 145/285/284 337/283/282 324/307/306
f 330/284/283 329/286/285 339/636/627
f 339/636/627 329/286/285 338/308/307
f 339/636/627 338/308/307 344/542/533
f 331/282/281 330/284/283 340/637/628
f 340/637/628 330/284/283 339/636/627
f 340/637/628 339/636/627 345/638/629
f 345/638/629 339/636/627 344/542/533
f 345/638/629 344/542/533 350/541/532
f 342/549/540 333/278/277 332/280/279
f 332/280/279 331/282/281 341/639/630
f 341/639/630 331/282/281 340/637/628
f 341/639/630 340/637/628 346/640/631
f 346/640/631 340/637/628 345/638/629
f 346/640/631 345/638/629 351/641/632
f 351/641/632 345/638/629 350/541/532
f 351/641/632 350/541/532 356/540/531
f 347/547/538 342/549/540 341/639/630
f 341/639/630 342/549/540 332/280/279
f 347/547/538 341/639/630 346/640/631
f 352/545/536 347/547/538 346/640/631
f 352/545/536 346/640/631 351/641/632
f 357/543/534 352/545/536 351/641/632
f 357/543/534 351/641/632 356/540/531
f 362/539/530 357/543/534 356/540/531
f 405/357/356 396/356/355 397/516/507
f 397/516/507 396/356/355 407/642/633
f 397/516/507 407/642/633 408/514/505
f 408/514/505 407/642/633 413/643/634
f 408/514/505 413/643/634 414/512/503
f 414/512/503 413/643/634 419/644/635
f 414/512/503 419/644/635 420/510/501
f 420/510/501 419/644/635 425/508/499
f 396/356/355 406/363/362 407/642/633
f 407/642/633 406/363/362 412/645/636
f 407/642/633 412/645/636 413/643/634
f 413/643/634 412/645/636 418/646/637
f 413/643/634 418/646/637 419/644/635
f 419/644/635 418/646/637 424/647/638
f 419/644/635 424/647/638 425/508/499
f 425/508/499 424/647/638 429/506/497
f 406/363/362 411/365/364 412/645/636
f 412/645/636 411/365/364 417/648/639
f 412/645/636 417/648/639 418/646/637
f 418/646/637 417/648/639 423/649/640
f 418/646/637 423/649/640 424/647/638
f 424/647/638 423/649/640 428/650/641
f 424/647/638 428/650/641 429/506/497
f 429/506/497 428/650/641 435/504/495
f 411/365/364 416/367/366 417/648/639
f 417/648/639 416/367/366 422/651/642
f 417/648/639 422/651/642 423/649/640
f 423/649/640 422/651/642 427/652/643
f 423/649/640 427/652/643 428/650/641
f 428/650/641 427/652/643 436/653/644
f 428/650/641 436/653/644 435/504/495
f 435/504/495 436/653/644 434/502/493
f 416/367/366 421/369/368 422/651/642
f 422/651/642 421/369/368 426/654/645
f 422/651/642 426/654/645 427/652/643
f 427/652/643 426/654/645 437/655/646
f 427/652/643 437/655/646 436/653/644
f 436/653/644 437/655/646 433/656/647
f 436/653/644 433/656/647 434/502/493
f 434/502/493 433/656/647 444/500/491
f 421/369/368 148/371/370 426/654/645
f 426/654/645 148/371/370 438/499/490
f 426/654/645 438/499/490 437/655/646
f 437/655/646 438/499/490 432/498/489
f 437/655/646 432/498/489 433/656/647
f 433/656/647 432/498/489 443/497/488
f 433/656/647 443/497/488 444/500/491
f 444/500/491 443/497/488 449/496/487
f 473/428/427 464/430/429 465/429/428
f 465/429/428 464/430/429 475/397/396
f 465/429/428 475/397/396 476/395/394
f 474/399/398 475/397/396 464/430/429
f 480/398/397 479/400/399 485/657/648
f 485/657/648 479/400/399 484/432/431
f 485/657/648 484/432/431 490/486/477
f 481/396/395 480/398/397 486/658/649
f 486/658/649 480/398/397 485/657/648
f 486/658/649 485/657/648 491/659/650
f 491/659/650 485/657/648 490/486/477
f 491/659/650 490/486/477 495/485/476
f 488/493/484 483/392/391 482/394/393
f 482/394/393 481/396/395 487/660/651
f 487/660/651 481/396/395 486/658/649
f 487/660/651 486/658/649 492/661/652
f 492/661/652 486/658/649 491/659/650
f 492/661/652 491/659/650 496/662/653
f 496/662/653 491/659/650 495/485/476
f 496/662/653 495/485/476 504/484/475
f 493/491/482 488/493/484 487/660/651
f 487/660/651 488/493/484 482/394/393
f 493/491/482 487/660/651 492/661/652
f 497/489/480 493/491/482 492/661/652
f 497/489/480 492/661/652 496/662/653
f 503/487/478 497/489/480 496/662/653
f 503/487/478 496/662/653 504/484/475
f 503/487/478 504/484/475 502/483/474
f 498/439/438 508/469/461 509/441/440
f 509/441/440 508/469/461 514/663/654
f 509/441/440 514/663/654 515/443/442
f 515/443/442 514/663/654 520/664/655
f 515/443/442 520/664/655 521/445/444
f 521/445/444 520/664/655 526/665/656
f 521/445/444 526/665/656 527/447/446
f 527/447/446 526/665/656 532/450/449
f 508/469/461 513/467/459 514/663/654
f 514/663/654 513/467/459 519/666/657
f 514/663/654 519/666/657 520/664/655
f 520/664/655 519/666/657 525/667/658
f 520/664/655 525/667/658 526/665/656
f 526/665/656 525/667/658 531/453/450
f 526/665/656 531/453/450 532/450/449
f 513/467/459 518/465/457 519/666/657
f 519/666/657 518/465/457 524/668/659
f 519/666/657 524/668/659 525/667/658
f 525/667/658 524/668/659 530/456/451
f 525/667/658 530/456/451 531/453/450
f 518/465/457 523/463/455 524/668/659
f 524/668/659 523/463/455 529/458/452
f 524/668/659 529/458/452 530/456/451
f 528/460/453 529/458/452 523/463/455
f 73/669/660 72/670/661 627/671/662
f 627/671/662 72/670/661 533/672/663
f 627/671/662 533/672/663 626/673/664
f 626/673/664 533/672/663 534/674/665
f 626/673/664 534/674/665 535/675/666
f 626/673/664 535/675/666 628/676/667
f 628/676/667 535/675/666 536/677/668
f 628/676/667 536/677/668 630/678/669
f 630/678/669 536/677/668 537/679/670
f 630/678/669 537/679/670 632/680/671
f 632/680/671 537/679/670 601/681/672
f 632/680/671 601/681/672 600/682/673
f 600/682/673 601/681/672 635/683/674
f 600/682/673 635/683/674 76/684/675
f 76/684/675 635/683/674 77/685/676
f 77/685/676 635/683/674 637/686/677
f 77/685/676 637/686/677 78/687/678
f 78/687/678 637/686/677 602/688/679
f 78/687/678 602/688/679 79/689/680
f 79/689/680 602/688/679 640/690/681
f 79/689/680 640/690/681 639/691/682
f 639/691/682 640/690/681 641/692/683
f 639/691/682 641/692/683 638/693/684
f 638/693/684 641/692/683 541/694/685
f 638/693/684 541/694/685 542/695/686
f 537/679/670 538/696/687 601/681/672
f 601/681/672 538/696/687 634/697/688
f 601/681/672 634/697/688 635/683/674
f 635/683/674 634/697/688 637/686/677
f 538/696/687 539/698/689 634/697/688
f 634/697/688 539/698/689 636/699/690
f 634/697/688 636/699/690 637/686/677
f 637/686/677 636/699/690 602/688/679
f 539/698/689 540/700/691 636/699/690
f 636/699/690 540/700/691 603/701/692
f 636/699/690 603/701/692 602/688/679
f 602/688/679 603/701/692 640/690/681
f 540/700/691 541/694/685 603/701/692
f 603/701/692 541/694/685 641/692/683
f 603/701/692 641/692/683 640/690/681
f 638/693/684 542/695/686 642/702/693
f 642/702/693 542/695/686 543/703/694
f 642/702/693 543/703/694 644/704/695
f 644/704/695 543/703/694 544/705/696
f 644/704/695 544/705/696 646/706/697
f 646/706/697 544/705/696 605/707/698
f 646/706/697 605/707/698 604/708/699
f 604/708/699 605/707/698 649/709/700
f 604/708/699 649/709/700 83/710/701
f 83/710/701 649/709/700 84/711/702
f 84/711/702 649/709/700 651/712/703
f 84/711/702 651/712/703 85/713/704
f 85/713/704 651/712/703 606/714/705
f 85/713/704 606/714/705 86/715/706
f 86/715/706 606/714/705 654/716/707
f 86/715/706 654/716/707 653/717/708
f 653/717/708 654/716/707 655/718/709
f 653/717/708 655/718/709 652/719/710
f 652/719/710 655/718/709 548/720/711
f 652/719/710 548/720/711 549/721/712
f 544/705/696 545/722/713 605/707/698
f 605/707/698 545/722/713 648/723/714
f 605/707/698 648/723/714 649/709/700
f 649/709/700 648/723/714 651/712/703
f 545/722/713 546/724/715 648/723/714
f 648/723/714 546/724/715 650/725/716
f 648/723/714 650/725/716 651/712/703
f 651/712/703 650/725/716 606/714/705
f 546/724/715 547/726/717 650/725/716
f 650/725/716 547/726/717 607/727/718
f 650/725/716 607/727/718 606/714/705
f 606/714/705 607/727/718 654/716/707
f 547/726/717 548/720/711 607/727/718
f 607/727/718 548/720/711 655/718/709
f 607/727/718 655/718/709 654/716/707
f 652/719/710 549/721/712 656/728/719
f 656/728/719 549/721/712 550/729/720
f 656/728/719 550/729/720 658/730/721
f 658/730/721 550/729/720 551/731/722
f 658/730/721 551/731/722 660/732/723
f 660/732/723 551/731/722 609/733/724
f 660/732/723 609/733/724 608/734/725
f 608/734/725 609/733/724 663/735/726
f 608/734/725 663/735/726 90/736/727
f 90/736/727 663/735/726 91/737/728
f 91/737/728 663/735/726 665/738/729
f 91/737/728 665/738/729 92/739/730
f 92/739/730 665/738/729 667/740/731
f 92/739/730 667/740/731 610/741/732
f 610/741/732 667/740/731 666/742/733
f 610/741/732 666/742/733 611/743/734
f 611/743/734 666/742/733 554/744/735
f 611/743/734 554/744/735 555/745/736
f 551/731/722 552/746/737 609/733/724
f 609/733/724 552/746/737 662/747/738
f 609/733/724 662/747/738 663/735/726
f 663/735/726 662/747/738 665/738/729
f 552/746/737 553/748/739 662/747/738
f 662/747/738 553/748/739 664/749/740
f 662/747/738 664/749/740 665/738/729
f 665/738/729 664/749/740 667/740/731
f 553/748/739 554/744/735 664/749/740
f 664/749/740 554/744/735 666/742/733
f 664/749/740 666/742/733 667/740/731
f 611/743/734 555/745/736 668/750/741
f 668/750/741 555/745/736 556/751/742
f 668/750/741 556/751/742 670/752/743
f 670/752/743 556/751/742 557/753/744
f 670/752/743 557/753/744 613/754/745
f 613/754/745 557/753/744 558/755/746
f 613/754/745 558/755/746 675/756/747
f 675/756/747 558/755/746 672/757/748
f 675/756/747 672/757/748 673/758/749
f 673/758/749 672/757/748 677/759/750
f 673/758/749 677/759/750 97/760/751
f 97/760/751 677/759/750 98/761/752
f 98/761/752 677/759/750 679/762/753
f 98/761/752 679/762/753 99/763/754
f 99/763/754 679/762/753 681/764/755
f 99/763/754 681/764/755 100/765/756
f 100/765/756 681/764/755 683/766/757
f 100/765/756 683/766/757 101/767/758
f 101/767/758 683/766/757 685/768/759
f 101/767/758 685/768/759 614/769/760
f 614/769/760 685/768/759 684/770/761
f 614/769/760 684/770/761 615/771/762
f 615/771/762 684/770/761 563/772/763
f 615/771/762 563/772/763 564/773/764
f 558/755/746 559/774/765 672/757/748
f 672/757/748 559/774/765 676/775/766
f 672/757/748 676/775/766 677/759/750
f 677/759/750 676/775/766 679/762/753
f 559/774/765 560/776/767 676/775/766
f 676/775/766 560/776/767 678/777/768
f 676/775/766 678/777/768 679/762/753
f 679/762/753 678/777/768 681/764/755
f 560/776/767 561/778/769 678/777/768
f 678/777/768 561/778/769 680/779/770
f 678/777/768 680/779/770 681/764/755
f 681/764/755 680/779/770 683/766/757
f 561/778/769 562/780/771 680/779/770
f 680/779/770 562/780/771 682/781/772
f 680/779/770 682/781/772 683/766/757
f 683/766/757 682/781/772 685/768/759
f 562/780/771 563/772/763 682/781/772
f 682/781/772 563/772/763 684/770/761
f 682/781/772 684/770/761 685/768/759
f 615/771/762 564/773/764 686/782/773
f 686/782/773 564/773/764 565/783/774
f 686/782/773 565/783/774 688/784/775
f 688/784/775 565/783/774 566/785/776
f 688/784/775 566/785/776 690/786/777
f 690/786/777 566/785/776 567/787/778
f 690/786/777 567/787/778 692/788/779
f 692/788/779 567/787/778 568/789/780
f 692/788/779 568/789/780 694/790/781
f 694/790/781 568/789/780 569/791/782
f 694/790/781 569/791/782 696/792/783
f 696/792/783 569/791/782 617/793/784
f 696/792/783 617/793/784 616/794/785
f 616/794/785 617/793/784 699/795/786
f 616/794/785 699/795/786 108/796/787
f 108/796/787 699/795/786 109/797/788
f 109/797/788 699/795/786 701/798/789
f 109/797/788 701/798/789 110/799/790
f 110/799/790 701/798/789 703/800/791
f 110/799/790 703/800/791 111/801/792
f 111/801/792 703/800/791 705/802/793
f 111/801/792 705/802/793 112/803/794
f 112/803/794 705/802/793 707/804/795
f 112/803/794 707/804/795 113/805/796
f 113/805/796 707/804/795 618/806/797
f 113/805/796 618/806/797 114/807/798
f 114/807/798 618/806/797 710/808/799
f 114/807/798 710/808/799 709/809/800
f 709/809/800 710/808/799 711/810/801
f 709/809/800 711/810/801 708/811/802
f 708/811/802 711/810/801 576/812/803
f 708/811/802 576/812/803 577/813/804
f 569/791/782 570/814/805 617/793/784
f 617/793/784 570/814/805 698/815/806
f 617/793/784 698/815/806 699/795/786
f 699/795/786 698/815/806 701/798/789
f 570/814/805 571/816/807 698/815/806
f 698/815/806 571/816/807 700/817/808
f 698/815/806 700/817/808 701/798/789
f 701/798/789 700/817/808 703/800/791
f 571/816/807 572/818/809 700/817/808
f 700/817/808 572/818/809 702/819/810
f 700/817/808 702/819/810 703/800/791
f 703/800/791 702/819/810 705/802/793
f 572/818/809 573/820/811 702/819/810
f 702/819/810 573/820/811 704/821/812
f 702/819/810 704/821/812 705/802/793
f 705/802/793 704/821/812 707/804/795
f 573/820/811 574/822/813 704/821/812
f 704/821/812 574/822/813 706/823/814
f 704/821/812 706/823/814 707/804/795
f 707/804/795 706/823/814 618/806/797
f 574/822/813 575/824/815 706/823/814
f 706/823/814 575/824/815 619/825/816
f 706/823/814 619/825/816 618/806/797
f 618/806/797 619/825/816 710/808/799
f 575/824/815 576/812/803 619/825/816
f 619/825/816 576/812/803 711/810/801
f 619/825/816 711/810/801 710/808/799
f 708/811/802 577/813/804 712/826/817
f 712/826/817 577/813/804 578/827/818
f 712/826/817 578/827/818 714/828/819
f 714/828/819 578/827/818 579/829/820
f 714/828/819 579/829/820 716/830/821
f 716/830/821 579/829/820 580/831/822
f 716/830/821 580/831/822 718/832/823
f 718/832/823 580/831/822 581/833/824
f 718/832/823 581/833/824 621/834/825
f 621/834/825 581/833/824 582/835/826
f 621/834/825 582/835/826 723/836/827
f 723/836/827 582/835/826 720/837/828
f 723/836/827 720/837/828 721/838/829
f 721/838/829 720/837/828 725/839/830
f 721/838/829 725/839/830 121/840/831
f 121/840/831 725/839/830 122/841/832
f 122/841/832 725/839/830 727/842/833
f 122/841/832 727/842/833 123/843/834
f 123/843/834 727/842/833 729/844/835
f 123/843/834 729/844/835 124/845/836
f 124/845/836 729/844/835 731/846/837
f 124/845/836 731/846/837 125/847/838
f 125/847/838 731/846/837 622/848/839
f 125/847/838 622/848/839 126/849/840
f 126/849/840 622/848/839 734/850/841
f 126/849/840 734/850/841 733/851/842
f 733/851/842 734/850/841 735/852/843
f 733/851/842 735/852/843 732/853/844
f 732/853/844 735/852/843 588/854/845
f 732/853/844 588/854/845 589/855/846
f 582/835/826 583/856/847 720/837/828
f 720/837/828 583/856/847 724/857/848
f 720/837/828 724/857/848 725/839/830
f 725/839/830 724/857/848 727/842/833
f 583/856/847 584/858/849 724/857/848
f 724/857/848 584/858/849 726/859/850
f 724/857/848 726/859/850 727/842/833
f 727/842/833 726/859/850 729/844/835
f 584/858/849 585/860/851 726/859/850
f 726/859/850 585/860/851 728/861/852
f 726/859/850 728/861/852 729/844/835
f 729/844/835 728/861/852 731/846/837
f 585/860/851 586/862/853 728/861/852
f 728/861/852 586/862/853 730/863/854
f 728/861/852 730/863/854 731/846/837
f 731/846/837 730/863/854 622/848/839
f 586/862/853 587/864/855 730/863/854
f 730/863/854 587/864/855 623/865/856
f 730/863/854 623/865/856 622/848/839
f 622/848/839 623/865/856 734/850/841
f 587/864/855 588/854/845 623/865/856
f 623/865/856 588/854/845 735/852/843
f 623/865/856 735/852/843 734/850/841
f 732/853/844 589/855/846 736/866/857
f 736/866/857 589/855/846 590/867/858
f 736/866/857 590/867/858 738/868/859
f 738/868/859 590/867/858 591/869/860
f 738/868/859 591/869/860 740/870/861
f 740/870/861 591/869/860 592/871/862
f 740/870/861 592/871/862 742/872/863
f 742/872/863 592/871/862 593/873/864
f 742/872/863 593/873/864 625/874/865
f 625/874/865 593/873/864 594/875/866
f 625/874/865 594/875/866 747/876/867
f 747/876/867 594/875/866 744/877/868
f 747/876/867 744/877/868 745/878/869
f 745/878/869 744/877/868 749/879/870
f 745/878/869 749/879/870 133/880/871
f 133/880/871 749/879/870 134/881/872
f 134/881/872 749/879/870 751/882/873
f 134/881/872 751/882/873 135/883/874
f 135/883/874 751/882/873 753/884/875
f 135/883/874 753/884/875 136/885/876
f 136/885/876 753/884/875 755/886/877
f 136/885/876 755/886/877 137/887/878
f 137/887/878 755/886/877 757/888/879
f 137/887/878 757/888/879 72/889/661
f 72/889/661 757/888/879 533/890/663
f 533/890/663 757/888/879 756/891/880
f 533/890/663 756/891/880 534/892/665
f 534/892/665 756/891/880 599/893/881
f 599/893/881 756/891/880 754/894/882
f 599/893/881 754/894/882 598/895/883
f 598/895/883 754/894/882 752/896/884
f 598/895/883 752/896/884 597/897/885
f 597/897/885 752/896/884 750/898/886
f 597/897/885 750/898/886 596/899/887
f 596/899/887 750/898/886 748/900/888
f 596/899/887 748/900/888 595/901/889
f 595/901/889 748/900/888 744/877/868
f 595/901/889 744/877/868 594/875/866
f 133/880/871 132/902/890 745/878/869
f 745/878/869 132/902/890 746/903/891
f 745/878/869 746/903/891 747/876/867
f 747/876/867 746/903/891 625/874/865
f 746/903/891 132/902/890 624/904/892
f 624/904/892 132/902/890 131/905/893
f 624/904/892 131/905/893 743/906/894
f 743/906/894 131/905/893 130/907/895
f 743/906/894 130/907/895 741/908/896
f 741/908/896 130/907/895 129/909/897
f 741/908/896 129/909/897 739/910/898
f 739/910/898 129/909/897 128/911/899
f 739/910/898 128/911/899 737/912/900
f 737/912/900 128/911/899 127/913/901
f 737/912/900 127/913/901 733/851/842
f 733/851/842 127/913/901 126/849/840
f 121/840/831 120/914/902 721/838/829
f 721/838/829 120/914/902 722/915/903
f 721/838/829 722/915/903 723/836/827
f 723/836/827 722/915/903 621/834/825
f 722/915/903 120/914/902 620/916/904
f 620/916/904 120/914/902 119/917/905
f 620/916/904 119/917/905 719/918/906
f 719/918/906 119/917/905 118/919/907
f 719/918/906 118/919/907 717/920/908
f 717/920/908 118/919/907 117/921/909
f 717/920/908 117/921/909 715/922/910
f 715/922/910 117/921/909 116/923/911
f 715/922/910 116/923/911 713/924/912
f 713/924/912 116/923/911 115/925/913
f 713/924/912 115/925/913 709/809/800
f 709/809/800 115/925/913 114/807/798
f 108/796/787 107/926/914 616/794/785
f 616/794/785 107/926/914 697/927/915
f 616/794/785 697/927/915 696/792/783
f 696/792/783 697/927/915 694/790/781
f 697/927/915 107/926/914 695/928/916
f 695/928/916 107/926/914 106/929/917
f 695/928/916 106/929/917 693/930/918
f 693/930/918 106/929/917 105/931/919
f 693/930/918 105/931/919 691/932/920
f 691/932/920 105/931/919 104/933/921
f 691/932/920 104/933/921 689/934/922
f 689/934/922 104/933/921 103/935/923
f 689/934/922 103/935/923 687/936/924
f 687/936/924 103/935/923 102/937/925
f 687/936/924 102/937/925 614/769/760
f 614/769/760 102/937/925 101/767/758
f 97/760/751 96/938/926 673/758/749
f 673/758/749 96/938/926 674/939/927
f 673/758/749 674/939/927 675/756/747
f 675/756/747 674/939/927 613/754/745
f 674/939/927 96/938/926 612/940/928
f 612/940/928 96/938/926 95/941/929
f 612/940/928 95/941/929 671/942/930
f 671/942/930 95/941/929 94/943/931
f 671/942/930 94/943/931 669/944/932
f 669/944/932 94/943/931 93/945/933
f 669/944/932 93/945/933 610/741/732
f 610/741/732 93/945/933 92/739/730
f 90/736/727 89/946/934 608/734/725
f 608/734/725 89/946/934 661/947/935
f 608/734/725 661/947/935 660/732/723
f 660/732/723 661/947/935 658/730/721
f 661/947/935 89/946/934 659/948/936
f 659/948/936 89/946/934 88/949/937
f 659/948/936 88/949/937 657/950/938
f 657/950/938 88/949/937 87/951/939
f 657/950/938 87/951/939 653/717/708
f 653/717/708 87/951/939 86/715/706
f 83/710/701 82/952/940 604/708/699
f 604/708/699 82/952/940 647/953/941
f 604/708/699 647/953/941 646/706/697
f 646/706/697 647/953/941 644/704/695
f 647/953/941 82/952/940 645/954/942
f 645/954/942 82/952/940 81/955/943
f 645/954/942 81/955/943 643/956/944
f 643/956/944 81/955/943 80/957/945
f 643/956/944 80/957/945 639/691/682
f 639/691/682 80/957/945 79/689/680
f 76/684/675 75/958/946 600/682/673
f 600/682/673 75/958/946 633/959/947
f 600/682/673 633/959/947 632/680/671
f 632/680/671 633/959/947 630/678/669
f 633/959/947 75/958/946 631/960/948
f 631/960/948 75/958/946 74/961/949
f 631/960/948 74/961/949 629/962/950
f 629/962/950 74/961/949 73/669/660
f 629/962/950 73/669/660 627/671/662
f 629/962/950 627/671/662 626/673/664
f 631/960/948 629/962/950 628/676/667
f 628/676/667 629/962/950 626/673/664
f 633/959/947 631/960/948 630/678/669
f 630/678/669 631/960/948 628/676/667
f 643/956/944 639/691/682 638/693/684
f 645/954/942 643/956/944 642/702/693
f 642/702/693 643/956/944 638/693/684
f 647/953/941 645/954/942 644/704/695
f 644/704/695 645/954/942 642/702/693
f 657/950/938 653/717/708 652/719/710
f 659/948/936 657/950/938 656/728/719
f 656/728/719 657/950/938 652/719/710
f 661/947/935 659/948/936 658/730/721
f 658/730/721 659/948/936 656/728/719
f 610/741/732 611/743/734 669/944/932
f 669/944/932 611/743/734 668/750/741
f 669/944/932 668/750/741 671/942/930
f 671/942/930 668/750/741 670/752/743
f 671/942/930 670/752/743 612/940/928
f 612/940/928 670/752/743 613/754/745
f 612/940/928 613/754/745 674/939/927
f 614/769/760 615/771/762 687/936/924
f 687/936/924 615/771/762 686/782/773
f 687/936/924 686/782/773 689/934/922
f 689/934/922 686/782/773 688/784/775
f 689/934/922 688/784/775 691/932/920
f 691/932/920 688/784/775 690/786/777
f 691/932/920 690/786/777 693/930/918
f 693/930/918 690/786/777 692/788/779
f 693/930/918 692/788/779 695/928/916
f 695/928/916 692/788/779 694/790/781
f 695/928/916 694/790/781 697/927/915
f 713/924/912 709/809/800 708/811/802
f 715/922/910 713/924/912 712/826/817
f 712/826/817 713/924/912 708/811/802
f 717/920/908 715/922/910 714/828/819
f 714/828/819 715/922/910 712/826/817
f 719/918/906 717/920/908 716/830/821
f 716/830/821 717/920/908 714/828/819
f 620/916/904 719/918/906 718/832/823
f 718/832/823 719/918/906 716/830/821
f 722/915/903 620/916/904 621/834/825
f 621/834/825 620/916/904 718/832/823
f 737/912/900 733/851/842 732/853/844
f 739/910/898 737/912/900 736/866/857
f 736/866/857 737/912/900 732/853/844
f 741/908/896 739/910/898 738/868/859
f 738/868/859 739/910/898 736/866/857
f 743/906/894 741/908/896 740/870/861
f 740/870/861 741/908/896 738/868/859
f 624/904/892 743/906/894 742/872/863
f 742/872/863 743/906/894 740/870/861
f 746/903/891 624/904/892 625/874/865
f 625/874/865 624/904/892 742/872/863
f 751/882/873 749/879/870 748/900/888
f 748/900/888 749/879/870 744/877/868
f 753/884/875 751/882/873 750/898/886
f 750/898/886 751/882/873 748/900/888
f 755/886/877 753/884/875 752/896/884
f 752/896/884 753/884/875 750/898/886
f 757/888/879 755/886/877 754/894/882
f 754/894/882 755/886/877 752/896/884
f 756/891/880 757/888/879 754/894/882
f 759/963/951 822/964/952 758/965/953
f 761/966/954 822/967/955 760/968/956
f 763/969/957 822/970/958 762/971/959
f 765/972/960 822/973/961 764/974/962
f 767/975/963 822/976/964 766/977/965
f 769/978/966 822/979/967 768/980/968
f 770/981/969 822/982/970 769/978/966
f 772/983/971 822/984/972 771/985/973
f 774/986/974 822/987/975 773/988/976
f 776/989/977 822/990/978 775/991/979
f 778/992/980 822/993/981 777/994/982
f 780/995/983 822/996/984 779/997/985
f 782/998/986 822/999/987 781/1000/988
f 784/1001/989 822/1002/990 783/1003/991
f 786/1004/992 822/1005/993 785/1006/994
f 788/1007/995 822/1008/996 787/1009/997
f 790/1010/998 822/1011/999 789/1012/1000
f 792/1013/1001 822/1014/1002 791/1015/1003
f 794/1016/1004 822/1017/1005 793/1018/1006
f 796/1019/1007 822/1020/1008 795/1021/1009
f 798/1022/1010 822/1023/1011 797/1024/1012
f 800/1025/1013 822/1026/1014 799/1027/1015
f 802/1028/1016 822/1029/1017 801/1030/1018
f 804/1031/1019 822/1032/1020 803/1033/1021
f 806/1034/1022 822/1035/1023 805/1036/1024
f 808/1037/1025 822/1038/1026 807/1039/1027
f 810/1040/1028 822/1041/1029 809/1042/1030
f 812/1043/1031 822/1044/1032 811/1045/1033
f 813/1046/1034 822/1047/1035 812/1043/1031
f 815/1048/1036 822/1049/1037 814/1050/1038
f 817/1051/1039 822/1052/1040 816/1053/1041
f 819/1054/1042 822/1055/1043 818/1056/1044
f 821/1057/1045 822/1058/1046 820/1059/1047
f 791/1015/1003 822/1060/1048 790/1061/998
f 789/1012/1000 822/1062/1049 788/1007/995
f 787/1009/997 822/1063/1050 786/1004/992
f 785/1006/994 822/1064/1051 784/1001/989
f 783/1003/991 822/1065/1052 782/998/986
f 781/1000/988 822/1066/1053 780/995/983
f 779/997/985 822/1067/1054 778/992/980
f 777/994/982 822/1068/1055 776/989/977
f 775/991/979 822/1069/1056 774/986/974
f 773/988/976 822/1070/1057 772/983/971
f 771/985/973 822/1071/1058 770/981/969
f 768/980/968 822/1072/1059 767/975/963
f 766/977/965 822/1073/1060 765/972/960
f 764/974/962 822/1074/1061 763/969/957
f 762/971/959 822/1075/1062 761/966/954
f 760/968/956 822/1076/1063 759/963/951
f 758/965/953 822/1077/1064 821/1057/1045
f 820/1059/1047 822/1078/1065 819/1054/1042
f 818/1056/1044 822/1079/1066 817/1051/1039
f 816/1053/1041 822/1080/1067 815/1048/1036
f 814/1050/1038 822/1081/1068 813/1046/1034
f 811/1045/1033 822/1082/1069 810/1040/1028
f 809/1042/1030 822/1083/1070 808/1037/1025
f 807/1039/1027 822/1084/1071 806/1034/1022
f 805/1036/1024 822/1085/1072 804/1031/1019
f 803/1033/1021 822/1086/1073 802/1028/1016
f 801/1030/1018 822/1087/1074 800/1025/1013
f 799/1027/1015 822/1088/1075 798/1022/1010
f 797/1024/1012 822/1089/1076 796/1019/1007
f 795/1021/1009 822/1090/1077 794/1016/1004
f 793/1018/1006 822/1091/1078 792/1013/1001
f 894/1092/1079 823/1093/1080 912/1094/1081
f 912/1094/1081 823/1093/1080 824/1095/1082
f 912/1094/1081 824/1095/1082 911/1096/1083
f 911/1096/1083 824/1095/1082 825/1097/1084
f 911/1096/1083 825/1097/1084 910/1098/1085
f 910/1098/1085 825/1097/1084 826/1099/1086
f 910/1098/1085 826/1099/1086 909/1100/1087
f 909/1100/1087 826/1099/1086 827/1101/1088
f 909/1100/1087 827/1101/1088 828/1102/1089
f 909/1100/1087 828/1102/1089 908/1103/1090
f 908/1103/1090 828/1102/1089 829/1104/1091
f 908/1103/1090 829/1104/1091 821/1105/1092
f 821/1105/1092 829/1104/1091 758/1106/1093
f 908/1103/1090 821/1105/1092 913/1107/1094
f 913/1107/1094 821/1105/1092 820/1108/1095
f 913/1107/1094 820/1108/1095 918/1109/1096
f 918/1109/1096 820/1108/1095 819/1110/1097
f 918/1109/1096 819/1110/1097 931/1111/1098
f 931/1111/1098 819/1110/1097 923/1112/1099
f 931/1111/1098 923/1112/1099 924/1113/1100
f 924/1113/1100 923/1112/1099 933/1114/1101
f 924/1113/1100 933/1114/1101 934/1115/1102
f 934/1115/1102 933/1114/1101 939/1116/1103
f 934/1115/1102 939/1116/1103 940/1117/1104
f 940/1117/1104 939/1116/1103 947/1118/1105
f 940/1117/1104 947/1118/1105 896/1119/1106
f 896/1119/1106 947/1118/1105 946/1120/1107
f 896/1119/1106 946/1120/1107 888/1121/1108
f 888/1121/1108 946/1120/1107 955/1122/1109
f 888/1121/1108 955/1122/1109 887/1123/1110
f 887/1123/1110 955/1122/1109 960/1124/1111
f 887/1123/1110 960/1124/1111 886/1125/1112
f 886/1125/1112 960/1124/1111 966/1126/1113
f 886/1125/1112 966/1126/1113 885/1127/1114
f 885/1127/1114 966/1126/1113 965/1128/1115
f 885/1127/1114 965/1128/1115 897/1129/1116
f 897/1129/1116 965/1128/1115 964/1130/1117
f 897/1129/1116 964/1130/1117 974/1131/1118
f 974/1131/1118 964/1130/1117 963/1132/1119
f 974/1131/1118 963/1132/1119 973/1133/1120
f 973/1133/1120 963/1132/1119 962/1134/1121
f 973/1133/1120 962/1134/1121 972/1135/1122
f 972/1135/1122 962/1134/1121 961/1136/1123
f 972/1135/1122 961/1136/1123 971/1137/1124
f 971/1137/1124 961/1136/1123 812/1138/1125
f 971/1137/1124 812/1138/1125 811/1139/1126
f 819/1110/1097 818/1140/1127 923/1112/1099
f 923/1112/1099 818/1140/1127 932/1141/1128
f 923/1112/1099 932/1141/1128 933/1114/1101
f 933/1114/1101 932/1141/1128 938/1142/1129
f 933/1114/1101 938/1142/1129 939/1116/1103
f 939/1116/1103 938/1142/1129 948/1143/1130
f 939/1116/1103 948/1143/1130 947/1118/1105
f 947/1118/1105 948/1143/1130 945/1144/1131
f 947/1118/1105 945/1144/1131 946/1120/1107
f 946/1120/1107 945/1144/1131 955/1122/1109
f 818/1140/1127 817/1145/1132 932/1141/1128
f 932/1141/1128 817/1145/1132 937/1146/1133
f 932/1141/1128 937/1146/1133 938/1142/1129
f 938/1142/1129 937/1146/1133 949/1147/1134
f 938/1142/1129 949/1147/1134 948/1143/1130
f 948/1143/1130 949/1147/1134 944/1148/1135
f 948/1143/1130 944/1148/1135 945/1144/1131
f 945/1144/1131 944/1148/1135 954/1149/1136
f 945/1144/1131 954/1149/1136 955/1122/1109
f 955/1122/1109 954/1149/1136 960/1124/1111
f 817/1145/1132 816/1150/1137 937/1146/1133
f 937/1146/1133 816/1150/1137 950/1151/1138
f 937/1146/1133 950/1151/1138 949/1147/1134
f 949/1147/1134 950/1151/1138 943/1152/1139
f 949/1147/1134 943/1152/1139 944/1148/1135
f 944/1148/1135 943/1152/1139 953/1153/1140
f 944/1148/1135 953/1153/1140 954/1149/1136
f 954/1149/1136 953/1153/1140 959/1154/1141
f 954/1149/1136 959/1154/1141 960/1124/1111
f 960/1124/1111 959/1154/1141 966/1126/1113
f 950/1151/1138 816/1150/1137 942/1155/1142
f 942/1155/1142 816/1150/1137 815/1156/1143
f 942/1155/1142 815/1156/1143 951/1157/1144
f 951/1157/1144 815/1156/1143 814/1158/1145
f 951/1157/1144 814/1158/1145 956/1159/1146
f 956/1159/1146 814/1158/1145 813/1160/1147
f 956/1159/1146 813/1160/1147 970/1161/1148
f 970/1161/1148 813/1160/1147 961/1136/1123
f 970/1161/1148 961/1136/1123 962/1134/1121
f 813/1160/1147 812/1138/1125 961/1136/1123
f 971/1137/1124 811/1139/1126 975/1162/1149
f 975/1162/1149 811/1139/1126 810/1163/1150
f 975/1162/1149 810/1163/1150 988/1164/1151
f 988/1164/1151 810/1163/1150 980/1165/1152
f 988/1164/1151 980/1165/1152 981/1166/1153
f 981/1166/1153 980/1165/1152 990/1167/1154
f 981/1166/1153 990/1167/1154 991/1168/1155
f 991/1168/1155 990/1167/1154 996/1169/1156
f 991/1168/1155 996/1169/1156 997/1170/1157
f 997/1170/1157 996/1169/1156 1005/1171/1158
f 997/1170/1157 1005/1171/1158 1004/1172/1159
f 1004/1172/1159 1005/1171/1158 1003/1173/1160
f 1004/1172/1159 1003/1173/1160 879/1174/1161
f 879/1174/1161 1003/1173/1160 878/1175/1162
f 878/1175/1162 1003/1173/1160 1013/1176/1163
f 878/1175/1162 1013/1176/1163 899/1177/1164
f 899/1177/1164 1013/1176/1163 1012/1178/1165
f 899/1177/1164 1012/1178/1165 1017/1179/1166
f 1017/1179/1166 1012/1178/1165 1011/1180/1167
f 1017/1179/1166 1011/1180/1167 1016/1181/1168
f 1016/1181/1168 1011/1180/1167 1010/1182/1169
f 1016/1181/1168 1010/1182/1169 1015/1183/1170
f 1015/1183/1170 1010/1182/1169 1009/1184/1171
f 1015/1183/1170 1009/1184/1171 1014/1185/1172
f 1014/1185/1172 1009/1184/1171 805/1186/1173
f 1014/1185/1172 805/1186/1173 804/1187/1174
f 810/1163/1150 809/1188/1175 980/1165/1152
f 980/1165/1152 809/1188/1175 989/1189/1176
f 980/1165/1152 989/1189/1176 990/1167/1154
f 990/1167/1154 989/1189/1176 995/1190/1177
f 990/1167/1154 995/1190/1177 996/1169/1156
f 996/1169/1156 995/1190/1177 1006/1191/1178
f 996/1169/1156 1006/1191/1178 1005/1171/1158
f 1005/1171/1158 1006/1191/1178 1002/1192/1179
f 1005/1171/1158 1002/1192/1179 1003/1173/1160
f 1003/1173/1160 1002/1192/1179 1013/1176/1163
f 809/1188/1175 808/1193/1180 989/1189/1176
f 989/1189/1176 808/1193/1180 994/1194/1181
f 989/1189/1176 994/1194/1181 995/1190/1177
f 995/1190/1177 994/1194/1181 1007/1195/1182
f 995/1190/1177 1007/1195/1182 1006/1191/1178
f 1006/1191/1178 1007/1195/1182 1001/1196/1183
f 1006/1191/1178 1001/1196/1183 1002/1192/1179
f 1002/1192/1179 1001/1196/1183 1012/1178/1165
f 1002/1192/1179 1012/1178/1165 1013/1176/1163
f 808/1193/1180 807/1197/1184 994/1194/1181
f 994/1194/1181 807/1197/1184 1008/1198/1185
f 994/1194/1181 1008/1198/1185 1007/1195/1182
f 1007/1195/1182 1008/1198/1185 1000/1199/1186
f 1007/1195/1182 1000/1199/1186 1001/1196/1183
f 1001/1196/1183 1000/1199/1186 1011/1180/1167
f 1001/1196/1183 1011/1180/1167 1012/1178/1165
f 1008/1198/1185 807/1197/1184 999/1200/1187
f 999/1200/1187 807/1197/1184 806/1201/1188
f 999/1200/1187 806/1201/1188 1009/1184/1171
f 1009/1184/1171 806/1201/1188 805/1186/1173
f 803/1202/1189 1018/1203/1190 804/1187/1174
f 804/1187/1174 1018/1203/1190 1027/1204/1191
f 804/1187/1174 1027/1204/1191 1014/1185/1172
f 1014/1185/1172 1027/1204/1191 1026/1205/1192
f 1014/1185/1172 1026/1205/1192 1015/1183/1170
f 1015/1183/1170 1026/1205/1192 1025/1206/1193
f 1015/1183/1170 1025/1206/1193 1016/1181/1168
f 1016/1181/1168 1025/1206/1193 1024/1207/1194
f 1016/1181/1168 1024/1207/1194 1017/1179/1166
f 1017/1179/1166 1024/1207/1194 1023/1208/1195
f 1017/1179/1166 1023/1208/1195 899/1177/1164
f 899/1177/1164 1023/1208/1195 877/1209/1196
f 899/1177/1164 877/1209/1196 878/1175/1162
f 1018/1203/1190 803/1202/1189 1028/1210/1197
f 1028/1210/1197 803/1202/1189 802/1211/1198
f 1028/1210/1197 802/1211/1198 1033/1212/1199
f 1033/1212/1199 802/1211/1198 801/1213/1200
f 1033/1212/1199 801/1213/1200 1046/1214/1201
f 1046/1214/1201 801/1213/1200 1037/1215/1202
f 1046/1214/1201 1037/1215/1202 1038/1216/1203
f 1038/1216/1203 1037/1215/1202 1048/1217/1204
f 1038/1216/1203 1048/1217/1204 1049/1218/1205
f 1049/1218/1205 1048/1217/1204 1053/1219/1206
f 1049/1218/1205 1053/1219/1206 1054/1220/1207
f 1054/1220/1207 1053/1219/1206 1062/1221/1208
f 1054/1220/1207 1062/1221/1208 1061/1222/1209
f 1061/1222/1209 1062/1221/1208 1060/1223/1210
f 1061/1222/1209 1060/1223/1210 870/1224/1211
f 870/1224/1211 1060/1223/1210 869/1225/1212
f 869/1225/1212 1060/1223/1210 1070/1226/1213
f 869/1225/1212 1070/1226/1213 868/1227/1214
f 868/1227/1214 1070/1226/1213 1075/1228/1215
f 868/1227/1214 1075/1228/1215 867/1229/1216
f 867/1229/1216 1075/1228/1215 1080/1230/1217
f 867/1229/1216 1080/1230/1217 866/1231/1218
f 866/1231/1218 1080/1230/1217 1085/1232/1219
f 866/1231/1218 1085/1232/1219 902/1233/1220
f 902/1233/1220 1085/1232/1219 1084/1234/1221
f 902/1233/1220 1084/1234/1221 1091/1235/1222
f 1091/1235/1222 1084/1234/1221 1083/1236/1223
f 1091/1235/1222 1083/1236/1223 1092/1237/1224
f 1092/1237/1224 1083/1236/1223 1082/1238/1225
f 1092/1237/1224 1082/1238/1225 1093/1239/1226
f 1093/1239/1226 1082/1238/1225 1081/1240/1227
f 1093/1239/1226 1081/1240/1227 1094/1241/1228
f 1094/1241/1228 1081/1240/1227 793/1242/1229
f 1094/1241/1228 793/1242/1229 1086/1243/1230
f 1086/1243/1230 793/1242/1229 792/1244/1231
f 1086/1243/1230 792/1244/1231 1095/1245/1232
f 1095/1245/1232 792/1244/1231 791/1246/1233
f 1095/1245/1232 791/1246/1233 1100/1247/1234
f 1100/1247/1234 791/1246/1233 790/1248/1235
f 1100/1247/1234 790/1248/1235 1105/1249/1236
f 1105/1249/1236 790/1248/1235 789/1250/1237
f 1105/1249/1236 789/1250/1237 1110/1251/1238
f 1110/1251/1238 789/1250/1237 788/1252/1239
f 1110/1251/1238 788/1252/1239 1123/1253/1240
f 1123/1253/1240 788/1252/1239 1115/1254/1241
f 1123/1253/1240 1115/1254/1241 1116/1255/1242
f 1116/1255/1242 1115/1254/1241 1125/1256/1243
f 1116/1255/1242 1125/1256/1243 1126/1257/1244
f 1126/1257/1244 1125/1256/1243 1131/1258/1245
f 1126/1257/1244 1131/1258/1245 1132/1259/1246
f 1132/1259/1246 1131/1258/1245 1137/1260/1247
f 1132/1259/1246 1137/1260/1247 1138/1261/1248
f 1138/1261/1248 1137/1260/1247 1143/1262/1249
f 1138/1261/1248 1143/1262/1249 856/1263/1250
f 856/1263/1250 1143/1262/1249 855/1264/1251
f 855/1264/1251 1143/1262/1249 1148/1265/1252
f 855/1264/1251 1148/1265/1252 854/1266/1253
f 854/1266/1253 1148/1265/1252 904/1267/1254
f 854/1266/1253 904/1267/1254 853/1268/1255
f 853/1268/1255 904/1267/1254 1157/1269/1256
f 853/1268/1255 1157/1269/1256 1162/1270/1257
f 1162/1270/1257 1157/1269/1256 1156/1271/1258
f 1162/1270/1257 1156/1271/1258 1161/1272/1259
f 1161/1272/1259 1156/1271/1258 1155/1273/1260
f 1161/1272/1259 1155/1273/1260 1160/1274/1261
f 1160/1274/1261 1155/1273/1260 1154/1275/1262
f 1160/1274/1261 1154/1275/1262 1159/1276/1263
f 1159/1276/1263 1154/1275/1262 1153/1277/1264
f 1159/1276/1263 1153/1277/1264 1158/1278/1265
f 1158/1278/1265 1153/1277/1264 781/1279/1266
f 1158/1278/1265 781/1279/1266 780/1280/1267
f 801/1213/1200 800/1281/1268 1037/1215/1202
f 1037/1215/1202 800/1281/1268 1047/1282/1269
f 1037/1215/1202 1047/1282/1269 1048/1217/1204
f 1048/1217/1204 1047/1282/1269 1052/1283/1270
f 1048/1217/1204 1052/1283/1270 1053/1219/1206
f 1053/1219/1206 1052/1283/1270 1063/1284/1271
f 1053/1219/1206 1063/1284/1271 1062/1221/1208
f 1062/1221/1208 1063/1284/1271 1059/1285/1272
f 1062/1221/1208 1059/1285/1272 1060/1223/1210
f 1060/1223/1210 1059/1285/1272 1070/1226/1213
f 800/1281/1268 799/1286/1273 1047/1282/1269
f 1047/1282/1269 799/1286/1273 1051/1287/1274
f 1047/1282/1269 1051/1287/1274 1052/1283/1270
f 1052/1283/1270 1051/1287/1274 1064/1288/1275
f 1052/1283/1270 1064/1288/1275 1063/1284/1271
f 1063/1284/1271 1064/1288/1275 1058/1289/1276
f 1063/1284/1271 1058/1289/1276 1059/1285/1272
f 1059/1285/1272 1058/1289/1276 1069/1290/1277
f 1059/1285/1272 1069/1290/1277 1070/1226/1213
f 1070/1226/1213 1069/1290/1277 1075/1228/1215
f 799/1286/1273 798/1291/1278 1051/1287/1274
f 1051/1287/1274 798/1291/1278 1065/1292/1279
f 1051/1287/1274 1065/1292/1279 1064/1288/1275
f 1064/1288/1275 1065/1292/1279 1057/1293/1280
f 1064/1288/1275 1057/1293/1280 1058/1289/1276
f 1058/1289/1276 1057/1293/1280 1068/1294/1281
f 1058/1289/1276 1068/1294/1281 1069/1290/1277
f 1069/1290/1277 1068/1294/1281 1074/1295/1282
f 1069/1290/1277 1074/1295/1282 1075/1228/1215
f 1075/1228/1215 1074/1295/1282 1080/1230/1217
f 1065/1292/1279 798/1291/1278 1056/1296/1283
f 1056/1296/1283 798/1291/1278 797/1297/1284
f 1056/1296/1283 797/1297/1284 1066/1298/1285
f 1066/1298/1285 797/1297/1284 796/1299/1286
f 1066/1298/1285 796/1299/1286 1071/1300/1287
f 1071/1300/1287 796/1299/1286 795/1301/1288
f 1071/1300/1287 795/1301/1288 1076/1302/1289
f 1076/1302/1289 795/1301/1288 794/1303/1290
f 1076/1302/1289 794/1303/1290 1081/1240/1227
f 1081/1240/1227 794/1303/1290 793/1242/1229
f 788/1252/1239 787/1304/1291 1115/1254/1241
f 1115/1254/1241 787/1304/1291 1124/1305/1292
f 1115/1254/1241 1124/1305/1292 1125/1256/1243
f 1125/1256/1243 1124/1305/1292 1130/1306/1293
f 1125/1256/1243 1130/1306/1293 1131/1258/1245
f 1131/1258/1245 1130/1306/1293 1136/1307/1294
f 1131/1258/1245 1136/1307/1294 1137/1260/1247
f 1137/1260/1247 1136/1307/1294 1142/1308/1295
f 1137/1260/1247 1142/1308/1295 1143/1262/1249
f 1143/1262/1249 1142/1308/1295 1148/1265/1252
f 787/1304/1291 786/1309/1296 1124/1305/1292
f 1124/1305/1292 786/1309/1296 1129/1310/1297
f 1124/1305/1292 1129/1310/1297 1130/1306/1293
f 1130/1306/1293 1129/1310/1297 1135/1311/1298
f 1130/1306/1293 1135/1311/1298 1136/1307/1294
f 1136/1307/1294 1135/1311/1298 1141/1312/1299
f 1136/1307/1294 1141/1312/1299 1142/1308/1295
f 1142/1308/1295 1141/1312/1299 1149/1313/1300
f 1142/1308/1295 1149/1313/1300 1148/1265/1252
f 1148/1265/1252 1149/1313/1300 904/1267/1254
f 786/1309/1296 785/1314/1301 1129/1310/1297
f 1129/1310/1297 785/1314/1301 1134/1315/1302
f 1129/1310/1297 1134/1315/1302 1135/1311/1298
f 1135/1311/1298 1134/1315/1302 1140/1316/1303
f 1135/1311/1298 1140/1316/1303 1141/1312/1299
f 1141/1312/1299 1140/1316/1303 1150/1317/1304
f 1141/1312/1299 1150/1317/1304 1149/1313/1300
f 1149/1313/1300 1150/1317/1304 1147/1318/1305
f 1149/1313/1300 1147/1318/1305 904/1267/1254
f 904/1267/1254 1147/1318/1305 1157/1269/1256
f 785/1314/1301 784/1319/1306 1134/1315/1302
f 1134/1315/1302 784/1319/1306 1139/1320/1307
f 1134/1315/1302 1139/1320/1307 1140/1316/1303
f 1140/1316/1303 1139/1320/1307 1151/1321/1308
f 1140/1316/1303 1151/1321/1308 1150/1317/1304
f 1150/1317/1304 1151/1321/1308 1146/1322/1309
f 1150/1317/1304 1146/1322/1309 1147/1318/1305
f 1147/1318/1305 1146/1322/1309 1156/1271/1258
f 1147/1318/1305 1156/1271/1258 1157/1269/1256
f 784/1319/1306 783/1323/1310 1139/1320/1307
f 1139/1320/1307 783/1323/1310 1152/1324/1311
f 1139/1320/1307 1152/1324/1311 1151/1321/1308
f 1151/1321/1308 1152/1324/1311 1145/1325/1312
f 1151/1321/1308 1145/1325/1312 1146/1322/1309
f 1146/1322/1309 1145/1325/1312 1155/1273/1260
f 1146/1322/1309 1155/1273/1260 1156/1271/1258
f 1152/1324/1311 783/1323/1310 1144/1326/1313
f 1144/1326/1313 783/1323/1310 782/1327/1314
f 1144/1326/1313 782/1327/1314 1153/1277/1264
f 1153/1277/1264 782/1327/1314 781/1279/1266
f 1158/1278/1265 780/1280/1267 1163/1328/1315
f 1163/1328/1315 780/1280/1267 779/1329/1316
f 1163/1328/1315 779/1329/1316 1168/1330/1317
f 1168/1330/1317 779/1329/1316 778/1331/1318
f 1168/1330/1317 778/1331/1318 1182/1332/1319
f 1182/1332/1319 778/1331/1318 1173/1333/1320
f 1182/1332/1319 1173/1333/1320 1174/1334/1321
f 1174/1334/1321 1173/1333/1320 1184/1335/1322
f 1174/1334/1321 1184/1335/1322 1185/1336/1323
f 1185/1336/1323 1184/1335/1322 1189/1337/1324
f 1185/1336/1323 1189/1337/1324 1190/1338/1325
f 1190/1338/1325 1189/1337/1324 1195/1339/1326
f 1190/1338/1325 1195/1339/1326 1196/1340/1327
f 1196/1340/1327 1195/1339/1326 1201/1341/1328
f 1196/1340/1327 1201/1341/1328 846/1342/1329
f 846/1342/1329 1201/1341/1328 845/1343/1330
f 845/1343/1330 1201/1341/1328 1207/1344/1331
f 845/1343/1330 1207/1344/1331 844/1345/1332
f 844/1345/1332 1207/1344/1331 1206/1346/1333
f 844/1345/1332 1206/1346/1333 843/1347/1334
f 843/1347/1334 1206/1346/1333 1216/1348/1335
f 843/1347/1334 1216/1348/1335 842/1349/1336
f 842/1349/1336 1216/1348/1335 906/1350/1337
f 842/1349/1336 906/1350/1337 841/1351/1338
f 841/1351/1338 906/1350/1337 1225/1352/1339
f 841/1351/1338 1225/1352/1339 1230/1353/1340
f 1230/1353/1340 1225/1352/1339 1224/1354/1341
f 1230/1353/1340 1224/1354/1341 1229/1355/1342
f 1229/1355/1342 1224/1354/1341 1223/1356/1343
f 1229/1355/1342 1223/1356/1343 1228/1357/1344
f 1228/1357/1344 1223/1356/1343 1222/1358/1345
f 1228/1357/1344 1222/1358/1345 1227/1359/1346
f 1227/1359/1346 1222/1358/1345 1221/1360/1347
f 1227/1359/1346 1221/1360/1347 1226/1361/1348
f 1226/1361/1348 1221/1360/1347 769/1362/1349
f 1226/1361/1348 769/1362/1349 768/1363/1350
f 778/1331/1318 777/1364/1351 1173/1333/1320
f 1173/1333/1320 777/1364/1351 1183/1365/1352
f 1173/1333/1320 1183/1365/1352 1184/1335/1322
f 1184/1335/1322 1183/1365/1352 1188/1366/1353
f 1184/1335/1322 1188/1366/1353 1189/1337/1324
f 1189/1337/1324 1188/1366/1353 1194/1367/1354
f 1189/1337/1324 1194/1367/1354 1195/1339/1326
f 1195/1339/1326 1194/1367/1354 1200/1368/1355
f 1195/1339/1326 1200/1368/1355 1201/1341/1328
f 1201/1341/1328 1200/1368/1355 1207/1344/1331
f 777/1364/1351 776/1369/1356 1183/1365/1352
f 1183/1365/1352 776/1369/1356 1187/1370/1357
f 1183/1365/1352 1187/1370/1357 1188/1366/1353
f 1188/1366/1353 1187/1370/1357 1193/1371/1358
f 1188/1366/1353 1193/1371/1358 1194/1367/1354
f 1194/1367/1354 1193/1371/1358 1199/1372/1359
f 1194/1367/1354 1199/1372/1359 1200/1368/1355
f 1200/1368/1355 1199/1372/1359 1208/1373/1360
f 1200/1368/1355 1208/1373/1360 1207/1344/1331
f 1207/1344/1331 1208/1373/1360 1206/1346/1333
f 776/1369/1356 775/1374/1361 1187/1370/1357
f 1187/1370/1357 775/1374/1361 1192/1375/1362
f 1187/1370/1357 1192/1375/1362 1193/1371/1358
f 1193/1371/1358 1192/1375/1362 1198/1376/1363
f 1193/1371/1358 1198/1376/1363 1199/1372/1359
f 1199/1372/1359 1198/1376/1363 1209/1377/1364
f 1199/1372/1359 1209/1377/1364 1208/1373/1360
f 1208/1373/1360 1209/1377/1364 1205/1378/1365
f 1208/1373/1360 1205/1378/1365 1206/1346/1333
f 1206/1346/1333 1205/1378/1365 1216/1348/1335
f 775/1374/1361 774/1379/1366 1192/1375/1362
f 1192/1375/1362 774/1379/1366 1197/1380/1367
f 1192/1375/1362 1197/1380/1367 1198/1376/1363
f 1198/1376/1363 1197/1380/1367 1210/1381/1368
f 1198/1376/1363 1210/1381/1368 1209/1377/1364
f 1209/1377/1364 1210/1381/1368 1204/1382/1369
f 1209/1377/1364 1204/1382/1369 1205/1378/1365
f 1205/1378/1365 1204/1382/1369 1215/1383/1370
f 1205/1378/1365 1215/1383/1370 1216/1348/1335
f 1216/1348/1335 1215/1383/1370 906/1350/1337
f 774/1379/1366 773/1384/1371 1197/1380/1367
f 1197/1380/1367 773/1384/1371 1211/1385/1372
f 1197/1380/1367 1211/1385/1372 1210/1381/1368
f 1210/1381/1368 1211/1385/1372 1203/1386/1373
f 1210/1381/1368 1203/1386/1373 1204/1382/1369
f 1204/1382/1369 1203/1386/1373 1214/1387/1374
f 1204/1382/1369 1214/1387/1374 1215/1383/1370
f 1215/1383/1370 1214/1387/1374 1220/1388/1375
f 1215/1383/1370 1220/1388/1375 906/1350/1337
f 906/1350/1337 1220/1388/1375 1225/1352/1339
f 1211/1385/1372 773/1384/1371 1202/1389/1376
f 1202/1389/1376 773/1384/1371 772/1390/1377
f 1202/1389/1376 772/1390/1377 1212/1391/1378
f 1212/1391/1378 772/1390/1377 771/1392/1379
f 1212/1391/1378 771/1392/1379 1217/1393/1380
f 1217/1393/1380 771/1392/1379 770/1394/1381
f 1217/1393/1380 770/1394/1381 1221/1360/1347
f 1221/1360/1347 770/1394/1381 769/1362/1349
f 767/1395/1382 1231/1396/1383 768/1363/1350
f 768/1363/1350 1231/1396/1383 1240/1397/1384
f 768/1363/1350 1240/1397/1384 1226/1361/1348
f 1226/1361/1348 1240/1397/1384 1239/1398/1385
f 1226/1361/1348 1239/1398/1385 1227/1359/1346
f 1227/1359/1346 1239/1398/1385 1238/1399/1386
f 1227/1359/1346 1238/1399/1386 1228/1357/1344
f 1228/1357/1344 1238/1399/1386 1237/1400/1387
f 1228/1357/1344 1237/1400/1387 1229/1355/1342
f 1229/1355/1342 1237/1400/1387 1236/1401/1388
f 1229/1355/1342 1236/1401/1388 1230/1353/1340
f 1230/1353/1340 1236/1401/1388 840/1402/1389
f 1230/1353/1340 840/1402/1389 841/1351/1338
f 1231/1396/1383 767/1395/1382 1241/1403/1390
f 1241/1403/1390 767/1395/1382 766/1404/1391
f 1241/1403/1390 766/1404/1391 1246/1405/1392
f 1246/1405/1392 766/1404/1391 765/1406/1393
f 1246/1405/1392 765/1406/1393 1251/1407/1394
f 1251/1407/1394 765/1406/1393 764/1408/1395
f 1251/1407/1394 764/1408/1395 1255/1409/1396
f 1255/1409/1396 764/1408/1395 763/1410/1397
f 1255/1409/1396 763/1410/1397 1269/1411/1398
f 1269/1411/1398 763/1410/1397 1260/1412/1399
f 1269/1411/1398 1260/1412/1399 1261/1413/1400
f 1261/1413/1400 1260/1412/1399 1271/1414/1401
f 1261/1413/1400 1271/1414/1401 1272/1415/1402
f 1272/1415/1402 1271/1414/1401 1277/1416/1403
f 1272/1415/1402 1277/1416/1403 1278/1417/1404
f 1278/1417/1404 1277/1416/1403 1283/1418/1405
f 1278/1417/1404 1283/1418/1405 1284/1419/1406
f 1284/1419/1406 1283/1418/1405 1289/1420/1407
f 1284/1419/1406 1289/1420/1407 830/1421/1408
f 830/1421/1408 1289/1420/1407 823/1422/1080
f 823/1422/1080 1289/1420/1407 824/1423/1082
f 824/1423/1082 1289/1420/1407 1288/1424/1409
f 824/1423/1082 1288/1424/1409 825/1425/1084
f 825/1425/1084 1288/1424/1409 1287/1426/1410
f 825/1425/1084 1287/1426/1410 826/1427/1086
f 826/1427/1086 1287/1426/1410 1286/1428/1411
f 826/1427/1086 1286/1428/1411 827/1429/1088
f 827/1429/1088 1286/1428/1411 828/1430/1089
f 828/1430/1089 1286/1428/1411 1285/1431/1412
f 828/1430/1089 1285/1431/1412 829/1432/1091
f 829/1432/1091 1285/1431/1412 759/1433/1413
f 829/1432/1091 759/1433/1413 758/1434/1093
f 763/1410/1397 762/1435/1414 1260/1412/1399
f 1260/1412/1399 762/1435/1414 1270/1436/1415
f 1260/1412/1399 1270/1436/1415 1271/1414/1401
f 1271/1414/1401 1270/1436/1415 1276/1437/1416
f 1271/1414/1401 1276/1437/1416 1277/1416/1403
f 1277/1416/1403 1276/1437/1416 1282/1438/1417
f 1277/1416/1403 1282/1438/1417 1283/1418/1405
f 1283/1418/1405 1282/1438/1417 1288/1424/1409
f 1283/1418/1405 1288/1424/1409 1289/1420/1407
f 762/1435/1414 761/1439/1418 1270/1436/1415
f 1270/1436/1415 761/1439/1418 1275/1440/1419
f 1270/1436/1415 1275/1440/1419 1276/1437/1416
f 1276/1437/1416 1275/1440/1419 1281/1441/1420
f 1276/1437/1416 1281/1441/1420 1282/1438/1417
f 1282/1438/1417 1281/1441/1420 1287/1426/1410
f 1282/1438/1417 1287/1426/1410 1288/1424/1409
f 761/1439/1418 760/1442/1421 1275/1440/1419
f 1275/1440/1419 760/1442/1421 1280/1443/1422
f 1275/1440/1419 1280/1443/1422 1281/1441/1420
f 1281/1441/1420 1280/1443/1422 1286/1428/1411
f 1281/1441/1420 1286/1428/1411 1287/1426/1410
f 760/1442/1421 759/1433/1413 1280/1443/1422
f 1280/1443/1422 759/1433/1413 1285/1431/1412
f 1280/1443/1422 1285/1431/1412 1286/1428/1411
f 830/1421/1408 831/1444/1423 1284/1419/1406
f 1284/1419/1406 831/1444/1423 1279/1445/1424
f 1284/1419/1406 1279/1445/1424 1278/1417/1404
f 1278/1417/1404 1279/1445/1424 1273/1446/1425
f 1278/1417/1404 1273/1446/1425 1272/1415/1402
f 1272/1415/1402 1273/1446/1425 1262/1447/1426
f 1272/1415/1402 1262/1447/1426 1261/1413/1400
f 1261/1413/1400 1262/1447/1426 1268/1448/1427
f 1261/1413/1400 1268/1448/1427 1269/1411/1398
f 1269/1411/1398 1268/1448/1427 1255/1409/1396
f 831/1444/1423 832/1449/1428 1279/1445/1424
f 1279/1445/1424 832/1449/1428 1274/1450/1429
f 1279/1445/1424 1274/1450/1429 1273/1446/1425
f 1273/1446/1425 1274/1450/1429 1263/1451/1430
f 1273/1446/1425 1263/1451/1430 1262/1447/1426
f 1262/1447/1426 1263/1451/1430 1267/1452/1431
f 1262/1447/1426 1267/1452/1431 1268/1448/1427
f 1268/1448/1427 1267/1452/1431 1256/1453/1432
f 1268/1448/1427 1256/1453/1432 1255/1409/1396
f 1255/1409/1396 1256/1453/1432 1251/1407/1394
f 832/1449/1428 833/1454/1433 1274/1450/1429
f 1274/1450/1429 833/1454/1433 1264/1455/1434
f 1274/1450/1429 1264/1455/1434 1263/1451/1430
f 1263/1451/1430 1264/1455/1434 1266/1456/1435
f 1263/1451/1430 1266/1456/1435 1267/1452/1431
f 1267/1452/1431 1266/1456/1435 1257/1457/1436
f 1267/1452/1431 1257/1457/1436 1256/1453/1432
f 1256/1453/1432 1257/1457/1436 1252/1458/1437
f 1256/1453/1432 1252/1458/1437 1251/1407/1394
f 1251/1407/1394 1252/1458/1437 1246/1405/1392
f 833/1454/1433 834/1459/1438 1264/1455/1434
f 1264/1455/1434 834/1459/1438 1265/1460/1439
f 1264/1455/1434 1265/1460/1439 1266/1456/1435
f 1266/1456/1435 1265/1460/1439 1258/1461/1440
f 1266/1456/1435 1258/1461/1440 1257/1457/1436
f 1257/1457/1436 1258/1461/1440 1253/1462/1441
f 1257/1457/1436 1253/1462/1441 1252/1458/1437
f 1252/1458/1437 1253/1462/1441 1247/1463/1442
f 1252/1458/1437 1247/1463/1442 1246/1405/1392
f 1246/1405/1392 1247/1463/1442 1241/1403/1390
f 834/1459/1438 835/1464/1443 1265/1460/1439
f 1265/1460/1439 835/1464/1443 1259/1465/1444
f 1265/1460/1439 1259/1465/1444 1258/1461/1440
f 1258/1461/1440 1259/1465/1444 1254/1466/1445
f 1258/1461/1440 1254/1466/1445 1253/1462/1441
f 1253/1462/1441 1254/1466/1445 1248/1467/1446
f 1253/1462/1441 1248/1467/1446 1247/1463/1442
f 1247/1463/1442 1248/1467/1446 1242/1468/1447
f 1247/1463/1442 1242/1468/1447 1241/1403/1390
f 1241/1403/1390 1242/1468/1447 1231/1396/1383
f 1259/1465/1444 835/1464/1443 907/1469/1448
f 907/1469/1448 835/1464/1443 836/1470/1449
f 907/1469/1448 836/1470/1449 1250/1471/1450
f 1250/1471/1450 836/1470/1449 837/1472/1451
f 1250/1471/1450 837/1472/1451 1245/1473/1452
f 1245/1473/1452 837/1472/1451 838/1474/1453
f 1245/1473/1452 838/1474/1453 1235/1475/1454
f 1235/1475/1454 838/1474/1453 839/1476/1455
f 1235/1475/1454 839/1476/1455 1236/1401/1388
f 1236/1401/1388 839/1476/1455 840/1402/1389
f 846/1342/1329 847/1477/1456 1196/1340/1327
f 1196/1340/1327 847/1477/1456 1191/1478/1457
f 1196/1340/1327 1191/1478/1457 1190/1338/1325
f 1190/1338/1325 1191/1478/1457 1186/1479/1458
f 1190/1338/1325 1186/1479/1458 1185/1336/1323
f 1185/1336/1323 1186/1479/1458 1175/1480/1459
f 1185/1336/1323 1175/1480/1459 1174/1334/1321
f 1174/1334/1321 1175/1480/1459 1181/1481/1460
f 1174/1334/1321 1181/1481/1460 1182/1332/1319
f 1182/1332/1319 1181/1481/1460 1168/1330/1317
f 1191/1478/1457 847/1477/1456 905/1482/1461
f 905/1482/1461 847/1477/1456 848/1483/1462
f 905/1482/1461 848/1483/1462 1177/1484/1463
f 1177/1484/1463 848/1483/1462 849/1485/1464
f 1177/1484/1463 849/1485/1464 1178/1486/1465
f 1178/1486/1465 849/1485/1464 850/1487/1466
f 1178/1486/1465 850/1487/1466 1172/1488/1467
f 1172/1488/1467 850/1487/1466 851/1489/1468
f 1172/1488/1467 851/1489/1468 1167/1490/1469
f 1167/1490/1469 851/1489/1468 852/1491/1470
f 1167/1490/1469 852/1491/1470 1162/1270/1257
f 1162/1270/1257 852/1491/1470 853/1268/1255
f 856/1263/1250 857/1492/1471 1138/1261/1248
f 1138/1261/1248 857/1492/1471 1133/1493/1472
f 1138/1261/1248 1133/1493/1472 1132/1259/1246
f 1132/1259/1246 1133/1493/1472 1127/1494/1473
f 1132/1259/1246 1127/1494/1473 1126/1257/1244
f 1126/1257/1244 1127/1494/1473 1117/1495/1474
f 1126/1257/1244 1117/1495/1474 1116/1255/1242
f 1116/1255/1242 1117/1495/1474 1122/1496/1475
f 1116/1255/1242 1122/1496/1475 1123/1253/1240
f 1123/1253/1240 1122/1496/1475 1110/1251/1238
f 857/1492/1471 858/1497/1476 1133/1493/1472
f 1133/1493/1472 858/1497/1476 1128/1498/1477
f 1133/1493/1472 1128/1498/1477 1127/1494/1473
f 1127/1494/1473 1128/1498/1477 1118/1499/1478
f 1127/1494/1473 1118/1499/1478 1117/1495/1474
f 1117/1495/1474 1118/1499/1478 1121/1500/1479
f 1117/1495/1474 1121/1500/1479 1122/1496/1475
f 1122/1496/1475 1121/1500/1479 1111/1501/1480
f 1122/1496/1475 1111/1501/1480 1110/1251/1238
f 1110/1251/1238 1111/1501/1480 1105/1249/1236
f 858/1497/1476 859/1502/1481 1128/1498/1477
f 1128/1498/1477 859/1502/1481 903/1503/1482
f 1128/1498/1477 903/1503/1482 1118/1499/1478
f 1118/1499/1478 903/1503/1482 1120/1504/1483
f 1118/1499/1478 1120/1504/1483 1121/1500/1479
f 1121/1500/1479 1120/1504/1483 1112/1505/1484
f 1121/1500/1479 1112/1505/1484 1111/1501/1480
f 1111/1501/1480 1112/1505/1484 1106/1506/1485
f 1111/1501/1480 1106/1506/1485 1105/1249/1236
f 1105/1249/1236 1106/1506/1485 1100/1247/1234
f 859/1502/1481 860/1507/1486 903/1503/1482
f 903/1503/1482 860/1507/1486 1119/1508/1487
f 903/1503/1482 1119/1508/1487 1120/1504/1483
f 1120/1504/1483 1119/1508/1487 1113/1509/1488
f 1120/1504/1483 1113/1509/1488 1112/1505/1484
f 1112/1505/1484 1113/1509/1488 1107/1510/1489
f 1112/1505/1484 1107/1510/1489 1106/1506/1485
f 1106/1506/1485 1107/1510/1489 1101/1511/1490
f 1106/1506/1485 1101/1511/1490 1100/1247/1234
f 1100/1247/1234 1101/1511/1490 1095/1245/1232
f 1119/1508/1487 860/1507/1486 1114/1512/1491
f 1114/1512/1491 860/1507/1486 861/1513/1492
f 1114/1512/1491 861/1513/1492 1109/1514/1493
f 1109/1514/1493 861/1513/1492 862/1515/1494
f 1109/1514/1493 862/1515/1494 1104/1516/1495
f 1104/1516/1495 862/1515/1494 863/1517/1496
f 1104/1516/1495 863/1517/1496 1099/1518/1497
f 1099/1518/1497 863/1517/1496 864/1519/1498
f 1099/1518/1497 864/1519/1498 1090/1520/1499
f 1090/1520/1499 864/1519/1498 865/1521/1500
f 1090/1520/1499 865/1521/1500 902/1233/1220
f 902/1233/1220 865/1521/1500 866/1231/1218
f 870/1224/1211 871/1522/1501 1061/1222/1209
f 1061/1222/1209 871/1522/1501 1055/1523/1502
f 1061/1222/1209 1055/1523/1502 1054/1220/1207
f 1054/1220/1207 1055/1523/1502 1050/1524/1503
f 1054/1220/1207 1050/1524/1503 1049/1218/1205
f 1049/1218/1205 1050/1524/1503 1039/1525/1504
f 1049/1218/1205 1039/1525/1504 1038/1216/1203
f 1038/1216/1203 1039/1525/1504 1045/1526/1505
f 1038/1216/1203 1045/1526/1505 1046/1214/1201
f 1046/1214/1201 1045/1526/1505 1033/1212/1199
f 1055/1523/1502 871/1522/1501 901/1527/1506
f 901/1527/1506 871/1522/1501 872/1528/1507
f 901/1527/1506 872/1528/1507 1041/1529/1508
f 1041/1529/1508 872/1528/1507 873/1530/1509
f 1041/1529/1508 873/1530/1509 1042/1531/1510
f 1042/1531/1510 873/1530/1509 874/1532/1511
f 1042/1531/1510 874/1532/1511 900/1533/1512
f 900/1533/1512 874/1532/1511 875/1534/1513
f 900/1533/1512 875/1534/1513 1032/1535/1514
f 1032/1535/1514 875/1534/1513 1022/1536/1515
f 1032/1535/1514 1022/1536/1515 1021/1537/1516
f 1021/1537/1516 1022/1536/1515 1024/1207/1194
f 1021/1537/1516 1024/1207/1194 1025/1206/1193
f 875/1534/1513 876/1538/1517 1022/1536/1515
f 1022/1536/1515 876/1538/1517 1023/1208/1195
f 1022/1536/1515 1023/1208/1195 1024/1207/1194
f 876/1538/1517 877/1209/1196 1023/1208/1195
f 879/1174/1161 880/1539/1518 1004/1172/1159
f 1004/1172/1159 880/1539/1518 998/1540/1519
f 1004/1172/1159 998/1540/1519 997/1170/1157
f 997/1170/1157 998/1540/1519 992/1541/1520
f 997/1170/1157 992/1541/1520 991/1168/1155
f 991/1168/1155 992/1541/1520 982/1542/1521
f 991/1168/1155 982/1542/1521 981/1166/1153
f 981/1166/1153 982/1542/1521 987/1543/1522
f 981/1166/1153 987/1543/1522 988/1164/1151
f 988/1164/1151 987/1543/1522 975/1162/1149
f 880/1539/1518 881/1544/1523 998/1540/1519
f 998/1540/1519 881/1544/1523 993/1545/1524
f 998/1540/1519 993/1545/1524 992/1541/1520
f 992/1541/1520 993/1545/1524 983/1546/1525
f 992/1541/1520 983/1546/1525 982/1542/1521
f 982/1542/1521 983/1546/1525 986/1547/1526
f 982/1542/1521 986/1547/1526 987/1543/1522
f 987/1543/1522 986/1547/1526 976/1548/1527
f 987/1543/1522 976/1548/1527 975/1162/1149
f 975/1162/1149 976/1548/1527 971/1137/1124
f 993/1545/1524 881/1544/1523 898/1549/1528
f 898/1549/1528 881/1544/1523 882/1550/1529
f 898/1549/1528 882/1550/1529 984/1551/1530
f 984/1551/1530 882/1550/1529 883/1552/1531
f 984/1551/1530 883/1552/1531 979/1553/1532
f 979/1553/1532 883/1552/1531 884/1554/1533
f 979/1553/1532 884/1554/1533 897/1129/1116
f 897/1129/1116 884/1554/1533 885/1127/1114
f 888/1121/1108 889/1555/1534 896/1119/1106
f 896/1119/1106 889/1555/1534 941/1556/1535
f 896/1119/1106 941/1556/1535 940/1117/1104
f 940/1117/1104 941/1556/1535 935/1557/1536
f 940/1117/1104 935/1557/1536 934/1115/1102
f 934/1115/1102 935/1557/1536 925/1558/1537
f 934/1115/1102 925/1558/1537 924/1113/1100
f 924/1113/1100 925/1558/1537 930/1559/1538
f 924/1113/1100 930/1559/1538 931/1111/1098
f 931/1111/1098 930/1559/1538 918/1109/1096
f 889/1555/1534 890/1560/1539 941/1556/1535
f 941/1556/1535 890/1560/1539 936/1561/1540
f 941/1556/1535 936/1561/1540 935/1557/1536
f 935/1557/1536 936/1561/1540 926/1562/1541
f 935/1557/1536 926/1562/1541 925/1558/1537
f 925/1558/1537 926/1562/1541 929/1563/1542
f 925/1558/1537 929/1563/1542 930/1559/1538
f 930/1559/1538 929/1563/1542 919/1564/1543
f 930/1559/1538 919/1564/1543 918/1109/1096
f 918/1109/1096 919/1564/1543 913/1107/1094
f 890/1560/1539 891/1565/1544 936/1561/1540
f 936/1561/1540 891/1565/1544 895/1566/1545
f 936/1561/1540 895/1566/1545 926/1562/1541
f 926/1562/1541 895/1566/1545 928/1567/1546
f 926/1562/1541 928/1567/1546 929/1563/1542
f 929/1563/1542 928/1567/1546 920/1568/1547
f 929/1563/1542 920/1568/1547 919/1564/1543
f 919/1564/1543 920/1568/1547 914/1569/1548
f 919/1564/1543 914/1569/1548 913/1107/1094
f 913/1107/1094 914/1569/1548 908/1103/1090
f 891/1565/1544 892/1570/1549 895/1566/1545
f 895/1566/1545 892/1570/1549 927/1571/1550
f 895/1566/1545 927/1571/1550 928/1567/1546
f 928/1567/1546 927/1571/1550 921/1572/1551
f 928/1567/1546 921/1572/1551 920/1568/1547
f 920/1568/1547 921/1572/1551 915/1573/1552
f 920/1568/1547 915/1573/1552 914/1569/1548
f 914/1569/1548 915/1573/1552 909/1100/1087
f 914/1569/1548 909/1100/1087 908/1103/1090
f 927/1571/1550 892/1570/1549 922/1574/1553
f 922/1574/1553 892/1570/1549 893/1575/1554
f 922/1574/1553 893/1575/1554 917/1576/1555
f 917/1576/1555 893/1575/1554 894/1092/1079
f 917/1576/1555 894/1092/1079 912/1094/1081
f 909/1100/1087 915/1573/1552 910/1098/1085
f 910/1098/1085 915/1573/1552 916/1577/1556
f 910/1098/1085 916/1577/1556 911/1096/1083
f 911/1096/1083 916/1577/1556 917/1576/1555
f 911/1096/1083 917/1576/1555 912/1094/1081
f 922/1574/1553 917/1576/1555 916/1577/1556
f 922/1574/1553 916/1577/1556 921/1572/1551
f 921/1572/1551 916/1577/1556 915/1573/1552
f 927/1571/1550 922/1574/1553 921/1572/1551
f 950/1151/1138 942/1155/1142 943/1152/1139
f 943/1152/1139 942/1155/1142 952/1578/1557
f 943/1152/1139 952/1578/1557 953/1153/1140
f 953/1153/1140 952/1578/1557 958/1579/1558
f 953/1153/1140 958/1579/1558 959/1154/1141
f 959/1154/1141 958/1579/1558 967/1580/1559
f 959/1154/1141 967/1580/1559 966/1126/1113
f 966/1126/1113 967/1580/1559 965/1128/1115
f 942/1155/1142 951/1157/1144 952/1578/1557
f 952/1578/1557 951/1157/1144 957/1581/1560
f 952/1578/1557 957/1581/1560 958/1579/1558
f 958/1579/1558 957/1581/1560 968/1582/1561
f 958/1579/1558 968/1582/1561 967/1580/1559
f 967/1580/1559 968/1582/1561 964/1130/1117
f 967/1580/1559 964/1130/1117 965/1128/1115
f 951/1157/1144 956/1159/1146 957/1581/1560
f 957/1581/1560 956/1159/1146 969/1583/1562
f 957/1581/1560 969/1583/1562 968/1582/1561
f 968/1582/1561 969/1583/1562 963/1132/1119
f 968/1582/1561 963/1132/1119 964/1130/1117
f 970/1161/1148 962/1134/1121 969/1583/1562
f 969/1583/1562 962/1134/1121 963/1132/1119
f 956/1159/1146 970/1161/1148 969/1583/1562
f 971/1137/1124 976/1548/1527 972/1135/1122
f 972/1135/1122 976/1548/1527 977/1584/1563
f 972/1135/1122 977/1584/1563 973/1133/1120
f 973/1133/1120 977/1584/1563 978/1585/1564
f 973/1133/1120 978/1585/1564 974/1131/1118
f 974/1131/1118 978/1585/1564 979/1553/1532
f 974/1131/1118 979/1553/1532 897/1129/1116
f 976/1548/1527 986/1547/1526 977/1584/1563
f 977/1584/1563 986/1547/1526 985/1586/1565
f 977/1584/1563 985/1586/1565 978/1585/1564
f 978/1585/1564 985/1586/1565 984/1551/1530
f 978/1585/1564 984/1551/1530 979/1553/1532
f 985/1586/1565 986/1547/1526 983/1546/1525
f 984/1551/1530 985/1586/1565 898/1549/1528
f 898/1549/1528 985/1586/1565 983/1546/1525
f 898/1549/1528 983/1546/1525 993/1545/1524
f 1008/1198/1185 999/1200/1187 1000/1199/1186
f 1000/1199/1186 999/1200/1187 1010/1182/1169
f 1000/1199/1186 1010/1182/1169 1011/1180/1167
f 1009/1184/1171 1010/1182/1169 999/1200/1187
f 1026/1205/1192 1027/1204/1191 1019/1587/1566
f 1019/1587/1566 1027/1204/1191 1018/1203/1190
f 1019/1587/1566 1018/1203/1190 1029/1588/1567
f 1029/1588/1567 1018/1203/1190 1028/1210/1197
f 1029/1588/1567 1028/1210/1197 1034/1589/1568
f 1034/1589/1568 1028/1210/1197 1033/1212/1199
f 1034/1589/1568 1033/1212/1199 1045/1526/1505
f 1025/1206/1193 1026/1205/1192 1020/1590/1569
f 1020/1590/1569 1026/1205/1192 1019/1587/1566
f 1020/1590/1569 1019/1587/1566 1030/1591/1570
f 1030/1591/1570 1019/1587/1566 1029/1588/1567
f 1030/1591/1570 1029/1588/1567 1035/1592/1571
f 1035/1592/1571 1029/1588/1567 1034/1589/1568
f 1035/1592/1571 1034/1589/1568 1044/1593/1572
f 1044/1593/1572 1034/1589/1568 1045/1526/1505
f 1044/1593/1572 1045/1526/1505 1039/1525/1504
f 1025/1206/1193 1020/1590/1569 1021/1537/1516
f 1021/1537/1516 1020/1590/1569 1031/1594/1573
f 1021/1537/1516 1031/1594/1573 1032/1535/1514
f 1032/1535/1514 1031/1594/1573 900/1533/1512
f 1031/1594/1573 1020/1590/1569 1030/1591/1570
f 1031/1594/1573 1030/1591/1570 1036/1595/1574
f 1036/1595/1574 1030/1591/1570 1035/1592/1571
f 1036/1595/1574 1035/1592/1571 1043/1596/1575
f 1043/1596/1575 1035/1592/1571 1044/1593/1572
f 1043/1596/1575 1044/1593/1572 1040/1597/1576
f 1040/1597/1576 1044/1593/1572 1039/1525/1504
f 1040/1597/1576 1039/1525/1504 1050/1524/1503
f 1042/1531/1510 900/1533/1512 1036/1595/1574
f 1036/1595/1574 900/1533/1512 1031/1594/1573
f 1042/1531/1510 1036/1595/1574 1043/1596/1575
f 1042/1531/1510 1043/1596/1575 1041/1529/1508
f 1041/1529/1508 1043/1596/1575 1040/1597/1576
f 1041/1529/1508 1040/1597/1576 901/1527/1506
f 901/1527/1506 1040/1597/1576 1050/1524/1503
f 901/1527/1506 1050/1524/1503 1055/1523/1502
f 1065/1292/1279 1056/1296/1283 1057/1293/1280
f 1057/1293/1280 1056/1296/1283 1067/1598/1577
f 1057/1293/1280 1067/1598/1577 1068/1294/1281
f 1068/1294/1281 1067/1598/1577 1073/1599/1578
f 1068/1294/1281 1073/1599/1578 1074/1295/1282
f 1074/1295/1282 1073/1599/1578 1079/1600/1579
f 1074/1295/1282 1079/1600/1579 1080/1230/1217
f 1080/1230/1217 1079/1600/1579 1085/1232/1219
f 1056/1296/1283 1066/1298/1285 1067/1598/1577
f 1067/1598/1577 1066/1298/1285 1072/1601/1580
f 1067/1598/1577 1072/1601/1580 1073/1599/1578
f 1073/1599/1578 1072/1601/1580 1078/1602/1581
f 1073/1599/1578 1078/1602/1581 1079/1600/1579
f 1079/1600/1579 1078/1602/1581 1084/1234/1221
f 1079/1600/1579 1084/1234/1221 1085/1232/1219
f 1066/1298/1285 1071/1300/1287 1072/1601/1580
f 1072/1601/1580 1071/1300/1287 1077/1603/1582
f 1072/1601/1580 1077/1603/1582 1078/1602/1581
f 1078/1602/1581 1077/1603/1582 1083/1236/1223
f 1078/1602/1581 1083/1236/1223 1084/1234/1221
f 1071/1300/1287 1076/1302/1289 1077/1603/1582
f 1077/1603/1582 1076/1302/1289 1082/1238/1225
f 1077/1603/1582 1082/1238/1225 1083/1236/1223
f 1081/1240/1227 1082/1238/1225 1076/1302/1289
f 1093/1239/1226 1094/1241/1228 1087/1604/1583
f 1087/1604/1583 1094/1241/1228 1086/1243/1230
f 1087/1604/1583 1086/1243/1230 1096/1605/1584
f 1096/1605/1584 1086/1243/1230 1095/1245/1232
f 1096/1605/1584 1095/1245/1232 1101/1511/1490
f 1092/1237/1224 1093/1239/1226 1088/1606/1585
f 1088/1606/1585 1093/1239/1226 1087/1604/1583
f 1088/1606/1585 1087/1604/1583 1097/1607/1586
f 1097/1607/1586 1087/1604/1583 1096/1605/1584
f 1097/1607/1586 1096/1605/1584 1102/1608/1587
f 1102/1608/1587 1096/1605/1584 1101/1511/1490
f 1102/1608/1587 1101/1511/1490 1107/1510/1489
f 1091/1235/1222 1092/1237/1224 1089/1609/1588
f 1089/1609/1588 1092/1237/1224 1088/1606/1585
f 1089/1609/1588 1088/1606/1585 1098/1610/1589
f 1098/1610/1589 1088/1606/1585 1097/1607/1586
f 1098/1610/1589 1097/1607/1586 1103/1611/1590
f 1103/1611/1590 1097/1607/1586 1102/1608/1587
f 1103/1611/1590 1102/1608/1587 1108/1612/1591
f 1108/1612/1591 1102/1608/1587 1107/1510/1489
f 1108/1612/1591 1107/1510/1489 1113/1509/1488
f 902/1233/1220 1091/1235/1222 1090/1520/1499
f 1090/1520/1499 1091/1235/1222 1089/1609/1588
f 1090/1520/1499 1089/1609/1588 1099/1518/1497
f 1099/1518/1497 1089/1609/1588 1098/1610/1589
f 1099/1518/1497 1098/1610/1589 1104/1516/1495
f 1104/1516/1495 1098/1610/1589 1103/1611/1590
f 1104/1516/1495 1103/1611/1590 1109/1514/1493
f 1109/1514/1493 1103/1611/1590 1108/1612/1591
f 1109/1514/1493 1108/1612/1591 1114/1512/1491
f 1114/1512/1491 1108/1612/1591 1113/1509/1488
f 1114/1512/1491 1113/1509/1488 1119/1508/1487
f 1152/1324/1311 1144/1326/1313 1145/1325/1312
f 1145/1325/1312 1144/1326/1313 1154/1275/1262
f 1145/1325/1312 1154/1275/1262 1155/1273/1260
f 1153/1277/1264 1154/1275/1262 1144/1326/1313
f 1159/1276/1263 1158/1278/1265 1164/1613/1592
f 1164/1613/1592 1158/1278/1265 1163/1328/1315
f 1164/1613/1592 1163/1328/1315 1169/1614/1593
f 1169/1614/1593 1163/1328/1315 1168/1330/1317
f 1169/1614/1593 1168/1330/1317 1181/1481/1460
f 1160/1274/1261 1159/1276/1263 1165/1615/1594
f 1165/1615/1594 1159/1276/1263 1164/1613/1592
f 1165/1615/1594 1164/1613/1592 1170/1616/1595
f 1170/1616/1595 1164/1613/1592 1169/1614/1593
f 1170/1616/1595 1169/1614/1593 1180/1617/1596
f 1180/1617/1596 1169/1614/1593 1181/1481/1460
f 1180/1617/1596 1181/1481/1460 1175/1480/1459
f 1167/1490/1469 1162/1270/1257 1161/1272/1259
f 1161/1272/1259 1160/1274/1261 1166/1618/1597
f 1166/1618/1597 1160/1274/1261 1165/1615/1594
f 1166/1618/1597 1165/1615/1594 1171/1619/1598
f 1171/1619/1598 1165/1615/1594 1170/1616/1595
f 1171/1619/1598 1170/1616/1595 1179/1620/1599
f 1179/1620/1599 1170/1616/1595 1180/1617/1596
f 1179/1620/1599 1180/1617/1596 1176/1621/1600
f 1176/1621/1600 1180/1617/1596 1175/1480/1459
f 1176/1621/1600 1175/1480/1459 1186/1479/1458
f 1172/1488/1467 1167/1490/1469 1166/1618/1597
f 1166/1618/1597 1167/1490/1469 1161/1272/1259
f 1172/1488/1467 1166/1618/1597 1171/1619/1598
f 1178/1486/1465 1172/1488/1467 1171/1619/1598
f 1178/1486/1465 1171/1619/1598 1179/1620/1599
f 1178/1486/1465 1179/1620/1599 1177/1484/1463
f 1177/1484/1463 1179/1620/1599 1176/1621/1600
f 1177/1484/1463 1176/1621/1600 905/1482/1461
f 905/1482/1461 1176/1621/1600 1186/1479/1458
f 905/1482/1461 1186/1479/1458 1191/1478/1457
f 1211/1385/1372 1202/1389/1376 1203/1386/1373
f 1203/1386/1373 1202/1389/1376 1213/1622/1601
f 1203/1386/1373 1213/1622/1601 1214/1387/1374
f 1214/1387/1374 1213/1622/1601 1219/1623/1602
f 1214/1387/1374 1219/1623/1602 1220/1388/1375
f 1220/1388/1375 1219/1623/1602 1224/1354/1341
f 1220/1388/1375 1224/1354/1341 1225/1352/1339
f 1202/1389/1376 1212/1391/1378 1213/1622/1601
f 1213/1622/1601 1212/1391/1378 1218/1624/1603
f 1213/1622/1601 1218/1624/1603 1219/1623/1602
f 1219/1623/1602 1218/1624/1603 1223/1356/1343
f 1219/1623/1602 1223/1356/1343 1224/1354/1341
f 1212/1391/1378 1217/1393/1380 1218/1624/1603
f 1218/1624/1603 1217/1393/1380 1222/1358/1345
f 1218/1624/1603 1222/1358/1345 1223/1356/1343
f 1221/1360/1347 1222/1358/1345 1217/1393/1380
f 1239/1398/1385 1240/1397/1384 1232/1625/1604
f 1232/1625/1604 1240/1397/1384 1231/1396/1383
f 1232/1625/1604 1231/1396/1383 1242/1468/1447
f 1238/1399/1386 1239/1398/1385 1233/1626/1605
f 1233/1626/1605 1239/1398/1385 1232/1625/1604
f 1233/1626/1605 1232/1625/1604 1243/1627/1606
f 1243/1627/1606 1232/1625/1604 1242/1468/1447
f 1243/1627/1606 1242/1468/1447 1248/1467/1446
f 1237/1400/1387 1238/1399/1386 1234/1628/1607
f 1234/1628/1607 1238/1399/1386 1233/1626/1605
f 1234/1628/1607 1233/1626/1605 1244/1629/1608
f 1244/1629/1608 1233/1626/1605 1243/1627/1606
f 1244/1629/1608 1243/1627/1606 1249/1630/1609
f 1249/1630/1609 1243/1627/1606 1248/1467/1446
f 1249/1630/1609 1248/1467/1446 1254/1466/1445
f 1236/1401/1388 1237/1400/1387 1235/1475/1454
f 1235/1475/1454 1237/1400/1387 1234/1628/1607
f 1235/1475/1454 1234/1628/1607 1245/1473/1452
f 1245/1473/1452 1234/1628/1607 1244/1629/1608
f 1245/1473/1452 1244/1629/1608 1250/1471/1450
f 1250/1471/1450 1244/1629/1608 1249/1630/1609
f 1250/1471/1450 1249/1630/1609 907/1469/1448
f 907/1469/1448 1249/1630/1609 1254/1466/1445
f 907/1469/1448 1254/1466/1445 1259/1465/1444
f 535/1631/1610 534/1632/1611 1318/1633/1612
f 1318/1633/1612 534/1632/1611 1290/1634/1613
f 1318/1633/1612 1290/1634/1613 1317/1635/1614
f 1317/1635/1614 1290/1634/1613 823/1636/1615
f 1317/1635/1614 823/1636/1615 894/1637/1616
f 1317/1635/1614 894/1637/1616 1319/1638/1617
f 1319/1638/1617 894/1637/1616 893/1639/1618
f 1319/1638/1617 893/1639/1618 1321/1640/1619
f 1321/1640/1619 893/1639/1618 892/1641/1620
f 1321/1640/1619 892/1641/1620 1323/1642/1621
f 1323/1642/1621 892/1641/1620 1292/1643/1622
f 1323/1642/1621 1292/1643/1622 1291/1644/1623
f 1291/1644/1623 1292/1643/1622 1326/1645/1624
f 1291/1644/1623 1326/1645/1624 538/1646/1625
f 538/1646/1625 1326/1645/1624 539/1647/1626
f 539/1647/1626 1326/1645/1624 1328/1648/1627
f 539/1647/1626 1328/1648/1627 540/1649/1628
f 540/1649/1628 1328/1648/1627 1293/1650/1629
f 540/1649/1628 1293/1650/1629 541/1651/1630
f 541/1651/1630 1293/1650/1629 1331/1652/1631
f 541/1651/1630 1331/1652/1631 1330/1653/1632
f 1330/1653/1632 1331/1652/1631 1332/1654/1633
f 1330/1653/1632 1332/1654/1633 1329/1655/1634
f 1329/1655/1634 1332/1654/1633 888/1656/1635
f 1329/1655/1634 888/1656/1635 887/1657/1636
f 892/1641/1620 891/1658/1637 1292/1643/1622
f 1292/1643/1622 891/1658/1637 1325/1659/1638
f 1292/1643/1622 1325/1659/1638 1326/1645/1624
f 1326/1645/1624 1325/1659/1638 1328/1648/1627
f 891/1658/1637 890/1660/1639 1325/1659/1638
f 1325/1659/1638 890/1660/1639 1327/1661/1640
f 1325/1659/1638 1327/1661/1640 1328/1648/1627
f 1328/1648/1627 1327/1661/1640 1293/1650/1629
f 890/1660/1639 889/1662/1641 1327/1661/1640
f 1327/1661/1640 889/1662/1641 1294/1663/1642
f 1327/1661/1640 1294/1663/1642 1293/1650/1629
f 1293/1650/1629 1294/1663/1642 1331/1652/1631
f 889/1662/1641 888/1656/1635 1294/1663/1642
f 1294/1663/1642 888/1656/1635 1332/1654/1633
f 1294/1663/1642 1332/1654/1633 1331/1652/1631
f 1329/1655/1634 887/1657/1636 1333/1664/1643
f 1333/1664/1643 887/1657/1636 886/1665/1644
f 1333/1664/1643 886/1665/1644 1335/1666/1645
f 1335/1666/1645 886/1665/1644 885/1667/1646
f 1335/1666/1645 885/1667/1646 1337/1668/1647
f 1337/1668/1647 885/1667/1646 1296/1669/1648
f 1337/1668/1647 1296/1669/1648 1295/1670/1649
f 1295/1670/1649 1296/1669/1648 1340/1671/1650
f 1295/1670/1649 1340/1671/1650 545/1672/1651
f 545/1672/1651 1340/1671/1650 546/1673/1652
f 546/1673/1652 1340/1671/1650 1342/1674/1653
f 546/1673/1652 1342/1674/1653 547/1675/1654
f 547/1675/1654 1342/1674/1653 1297/1676/1655
f 547/1675/1654 1297/1676/1655 548/1677/1656
f 548/1677/1656 1297/1676/1655 1345/1678/1657
f 548/1677/1656 1345/1678/1657 1344/1679/1658
f 1344/1679/1658 1345/1678/1657 1346/1680/1659
f 1344/1679/1658 1346/1680/1659 1343/1681/1660
f 1343/1681/1660 1346/1680/1659 881/1682/1661
f 1343/1681/1660 881/1682/1661 880/1683/1662
f 885/1667/1646 884/1684/1663 1296/1669/1648
f 1296/1669/1648 884/1684/1663 1339/1685/1664
f 1296/1669/1648 1339/1685/1664 1340/1671/1650
f 1340/1671/1650 1339/1685/1664 1342/1674/1653
f 884/1684/1663 883/1686/1665 1339/1685/1664
f 1339/1685/1664 883/1686/1665 1341/1687/1666
f 1339/1685/1664 1341/1687/1666 1342/1674/1653
f 1342/1674/1653 1341/1687/1666 1297/1676/1655
f 883/1686/1665 882/1688/1667 1341/1687/1666
f 1341/1687/1666 882/1688/1667 1298/1689/1668
f 1341/1687/1666 1298/1689/1668 1297/1676/1655
f 1297/1676/1655 1298/1689/1668 1345/1678/1657
f 882/1688/1667 881/1682/1661 1298/1689/1668
f 1298/1689/1668 881/1682/1661 1346/1680/1659
f 1298/1689/1668 1346/1680/1659 1345/1678/1657
f 1343/1681/1660 880/1683/1662 1347/1690/1669
f 1347/1690/1669 880/1683/1662 879/1691/1670
f 1347/1690/1669 879/1691/1670 1349/1692/1671
f 1349/1692/1671 879/1691/1670 878/1693/1672
f 1349/1692/1671 878/1693/1672 1351/1694/1673
f 1351/1694/1673 878/1693/1672 1300/1695/1674
f 1351/1694/1673 1300/1695/1674 1299/1696/1675
f 1299/1696/1675 1300/1695/1674 1354/1697/1676
f 1299/1696/1675 1354/1697/1676 552/1698/1677
f 552/1698/1677 1354/1697/1676 553/1699/1678
f 553/1699/1678 1354/1697/1676 1356/1700/1679
f 553/1699/1678 1356/1700/1679 554/1701/1680
f 554/1701/1680 1356/1700/1679 1358/1702/1681
f 554/1701/1680 1358/1702/1681 1301/1703/1682
f 1301/1703/1682 1358/1702/1681 1357/1704/1683
f 1301/1703/1682 1357/1704/1683 1302/1705/1684
f 1302/1705/1684 1357/1704/1683 875/1706/1685
f 1302/1705/1684 875/1706/1685 874/1707/1686
f 878/1693/1672 877/1708/1687 1300/1695/1674
f 1300/1695/1674 877/1708/1687 1353/1709/1688
f 1300/1695/1674 1353/1709/1688 1354/1697/1676
f 1354/1697/1676 1353/1709/1688 1356/1700/1679
f 877/1708/1687 876/1710/1689 1353/1709/1688
f 1353/1709/1688 876/1710/1689 1355/1711/1690
f 1353/1709/1688 1355/1711/1690 1356/1700/1679
f 1356/1700/1679 1355/1711/1690 1358/1702/1681
f 876/1710/1689 875/1706/1685 1355/1711/1690
f 1355/1711/1690 875/1706/1685 1357/1704/1683
f 1355/1711/1690 1357/1704/1683 1358/1702/1681
f 1302/1705/1684 874/1707/1686 1359/1712/1691
f 1359/1712/1691 874/1707/1686 873/1713/1692
f 1359/1712/1691 873/1713/1692 1361/1714/1693
f 1361/1714/1693 873/1713/1692 872/1715/1694
f 1361/1714/1693 872/1715/1694 1304/1716/1695
f 1304/1716/1695 872/1715/1694 871/1717/1696
f 1304/1716/1695 871/1717/1696 1366/1718/1697
f 1366/1718/1697 871/1717/1696 1363/1719/1698
f 1366/1718/1697 1363/1719/1698 1364/1720/1699
f 1364/1720/1699 1363/1719/1698 1368/1721/1700
f 1364/1720/1699 1368/1721/1700 559/1722/1701
f 559/1722/1701 1368/1721/1700 560/1723/1702
f 560/1723/1702 1368/1721/1700 1370/1724/1703
f 560/1723/1702 1370/1724/1703 561/1725/1704
f 561/1725/1704 1370/1724/1703 1372/1726/1705
f 561/1725/1704 1372/1726/1705 562/1727/1706
f 562/1727/1706 1372/1726/1705 1374/1728/1707
f 562/1727/1706 1374/1728/1707 563/1729/1708
f 563/1729/1708 1374/1728/1707 1376/1730/1709
f 563/1729/1708 1376/1730/1709 1305/1731/1710
f 1305/1731/1710 1376/1730/1709 1375/1732/1711
f 1305/1731/1710 1375/1732/1711 1306/1733/1712
f 1306/1733/1712 1375/1732/1711 866/1734/1713
f 1306/1733/1712 866/1734/1713 865/1735/1714
f 871/1717/1696 870/1736/1715 1363/1719/1698
f 1363/1719/1698 870/1736/1715 1367/1737/1716
f 1363/1719/1698 1367/1737/1716 1368/1721/1700
f 1368/1721/1700 1367/1737/1716 1370/1724/1703
f 870/1736/1715 869/1738/1717 1367/1737/1716
f 1367/1737/1716 869/1738/1717 1369/1739/1718
f 1367/1737/1716 1369/1739/1718 1370/1724/1703
f 1370/1724/1703 1369/1739/1718 1372/1726/1705
f 869/1738/1717 868/1740/1719 1369/1739/1718
f 1369/1739/1718 868/1740/1719 1371/1741/1720
f 1369/1739/1718 1371/1741/1720 1372/1726/1705
f 1372/1726/1705 1371/1741/1720 1374/1728/1707
f 868/1740/1719 867/1742/1721 1371/1741/1720
f 1371/1741/1720 867/1742/1721 1373/1743/1722
f 1371/1741/1720 1373/1743/1722 1374/1728/1707
f 1374/1728/1707 1373/1743/1722 1376/1730/1709
f 867/1742/1721 866/1734/1713 1373/1743/1722
f 1373/1743/1722 866/1734/1713 1375/1732/1711
f 1373/1743/1722 1375/1732/1711 1376/1730/1709
f 1306/1733/1712 865/1735/1714 1377/1744/1723
f 1377/1744/1723 865/1735/1714 864/1745/1724
f 1377/1744/1723 864/1745/1724 1379/1746/1725
f 1379/1746/1725 864/1745/1724 863/1747/1726
f 1379/1746/1725 863/1747/1726 1381/1748/1727
f 1381/1748/1727 863/1747/1726 862/1749/1728
f 1381/1748/1727 862/1749/1728 1383/1750/1729
f 1383/1750/1729 862/1749/1728 861/1751/1730
f 1383/1750/1729 861/1751/1730 1385/1752/1731
f 1385/1752/1731 861/1751/1730 860/1753/1732
f 1385/1752/1731 860/1753/1732 1387/1754/1733
f 1387/1754/1733 860/1753/1732 1308/1755/1734
f 1387/1754/1733 1308/1755/1734 1307/1756/1735
f 1307/1756/1735 1308/1755/1734 1390/1757/1736
f 1307/1756/1735 1390/1757/1736 570/1758/1737
f 570/1758/1737 1390/1757/1736 571/1759/1738
f 571/1759/1738 1390/1757/1736 1392/1760/1739
f 571/1759/1738 1392/1760/1739 572/1761/1740
f 572/1761/1740 1392/1760/1739 1394/1762/1741
f 572/1761/1740 1394/1762/1741 573/1763/1742
f 573/1763/1742 1394/1762/1741 1396/1764/1743
f 573/1763/1742 1396/1764/1743 574/1765/1744
f 574/1765/1744 1396/1764/1743 1398/1766/1745
f 574/1765/1744 1398/1766/1745 575/1767/1746
f 575/1767/1746 1398/1766/1745 1309/1768/1747
f 575/1767/1746 1309/1768/1747 576/1769/1748
f 576/1769/1748 1309/1768/1747 1401/1770/1749
f 576/1769/1748 1401/1770/1749 1400/1771/1750
f 1400/1771/1750 1401/1770/1749 1402/1772/1751
f 1400/1771/1750 1402/1772/1751 1399/1773/1752
f 1399/1773/1752 1402/1772/1751 853/1774/1753
f 1399/1773/1752 853/1774/1753 852/1775/1754
f 860/1753/1732 859/1776/1755 1308/1755/1734
f 1308/1755/1734 859/1776/1755 1389/1777/1756
f 1308/1755/1734 1389/1777/1756 1390/1757/1736
f 1390/1757/1736 1389/1777/1756 1392/1760/1739
f 859/1776/1755 858/1778/1757 1389/1777/1756
f 1389/1777/1756 858/1778/1757 1391/1779/1758
f 1389/1777/1756 1391/1779/1758 1392/1760/1739
f 1392/1760/1739 1391/1779/1758 1394/1762/1741
f 858/1778/1757 857/1780/1759 1391/1779/1758
f 1391/1779/1758 857/1780/1759 1393/1781/1760
f 1391/1779/1758 1393/1781/1760 1394/1762/1741
f 1394/1762/1741 1393/1781/1760 1396/1764/1743
f 857/1780/1759 856/1782/1761 1393/1781/1760
f 1393/1781/1760 856/1782/1761 1395/1783/1762
f 1393/1781/1760 1395/1783/1762 1396/1764/1743
f 1396/1764/1743 1395/1783/1762 1398/1766/1745
f 856/1782/1761 855/1784/1763 1395/1783/1762
f 1395/1783/1762 855/1784/1763 1397/1785/1764
f 1395/1783/1762 1397/1785/1764 1398/1766/1745
f 1398/1766/1745 1397/1785/1764 1309/1768/1747
f 855/1784/1763 854/1786/1765 1397/1785/1764
f 1397/1785/1764 854/1786/1765 1310/1787/1766
f 1397/1785/1764 1310/1787/1766 1309/1768/1747
f 1309/1768/1747 1310/1787/1766 1401/1770/1749
f 854/1786/1765 853/1774/1753 1310/1787/1766
f 1310/1787/1766 853/1774/1753 1402/1772/1751
f 1310/1787/1766 1402/1772/1751 1401/1770/1749
f 1399/1773/1752 852/1775/1754 1403/1788/1767
f 1403/1788/1767 852/1775/1754 851/1789/1768
f 1403/1788/1767 851/1789/1768 1405/1790/1769
f 1405/1790/1769 851/1789/1768 850/1791/1770
f 1405/1790/1769 850/1791/1770 1407/1792/1771
f 1407/1792/1771 850/1791/1770 849/1793/1772
f 1407/1792/1771 849/1793/1772 1409/1794/1773
f 1409/1794/1773 849/1793/1772 848/1795/1774
f 1409/1794/1773 848/1795/1774 1312/1796/1775
f 1312/1796/1775 848/1795/1774 847/1797/1776
f 1312/1796/1775 847/1797/1776 1414/1798/1777
f 1414/1798/1777 847/1797/1776 1411/1799/1778
f 1414/1798/1777 1411/1799/1778 1412/1800/1779
f 1412/1800/1779 1411/1799/1778 1416/1801/1780
f 1412/1800/1779 1416/1801/1780 583/1802/1781
f 583/1802/1781 1416/1801/1780 584/1803/1782
f 584/1803/1782 1416/1801/1780 1418/1804/1783
f 584/1803/1782 1418/1804/1783 585/1805/1784
f 585/1805/1784 1418/1804/1783 1420/1806/1785
f 585/1805/1784 1420/1806/1785 586/1807/1786
f 586/1807/1786 1420/1806/1785 1422/1808/1787
f 586/1807/1786 1422/1808/1787 587/1809/1788
f 587/1809/1788 1422/1808/1787 1313/1810/1789
f 587/1809/1788 1313/1810/1789 588/1811/1790
f 588/1811/1790 1313/1810/1789 1425/1812/1791
f 588/1811/1790 1425/1812/1791 1424/1813/1792
f 1424/1813/1792 1425/1812/1791 1426/1814/1793
f 1424/1813/1792 1426/1814/1793 1423/1815/1794
f 1423/1815/1794 1426/1814/1793 841/1816/1795
f 1423/1815/1794 841/1816/1795 840/1817/1796
f 847/1797/1776 846/1818/1797 1411/1799/1778
f 1411/1799/1778 846/1818/1797 1415/1819/1798
f 1411/1799/1778 1415/1819/1798 1416/1801/1780
f 1416/1801/1780 1415/1819/1798 1418/1804/1783
f 846/1818/1797 845/1820/1799 1415/1819/1798
f 1415/1819/1798 845/1820/1799 1417/1821/1800
f 1415/1819/1798 1417/1821/1800 1418/1804/1783
f 1418/1804/1783 1417/1821/1800 1420/1806/1785
f 845/1820/1799 844/1822/1801 1417/1821/1800
f 1417/1821/1800 844/1822/1801 1419/1823/1802
f 1417/1821/1800 1419/1823/1802 1420/1806/1785
f 1420/1806/1785 1419/1823/1802 1422/1808/1787
f 844/1822/1801 843/1824/1803 1419/1823/1802
f 1419/1823/1802 843/1824/1803 1421/1825/1804
f 1419/1823/1802 1421/1825/1804 1422/1808/1787
f 1422/1808/1787 1421/1825/1804 1313/1810/1789
f 843/1824/1803 842/1826/1805 1421/1825/1804
f 1421/1825/1804 842/1826/1805 1314/1827/1806
f 1421/1825/1804 1314/1827/1806 1313/1810/1789
f 1313/1810/1789 1314/1827/1806 1425/1812/1791
f 842/1826/1805 841/1816/1795 1314/1827/1806
f 1314/1827/1806 841/1816/1795 1426/1814/1793
f 1314/1827/1806 1426/1814/1793 1425/1812/1791
f 1423/1815/1794 840/1817/1796 1427/1828/1807
f 1427/1828/1807 840/1817/1796 839/1829/1808
f 1427/1828/1807 839/1829/1808 1429/1830/1809
f 1429/1830/1809 839/1829/1808 838/1831/1810
f 1429/1830/1809 838/1831/1810 1431/1832/1811
f 1431/1832/1811 838/1831/1810 837/1833/1812
f 1431/1832/1811 837/1833/1812 1433/1834/1813
f 1433/1834/1813 837/1833/1812 836/1835/1814
f 1433/1834/1813 836/1835/1814 1316/1836/1815
f 1316/1836/1815 836/1835/1814 835/1837/1816
f 1316/1836/1815 835/1837/1816 1438/1838/1817
f 1438/1838/1817 835/1837/1816 1435/1839/1818
f 1438/1838/1817 1435/1839/1818 1436/1840/1819
f 1436/1840/1819 1435/1839/1818 1440/1841/1820
f 1436/1840/1819 1440/1841/1820 595/1842/1821
f 595/1842/1821 1440/1841/1820 596/1843/1822
f 596/1843/1822 1440/1841/1820 1442/1844/1823
f 596/1843/1822 1442/1844/1823 597/1845/1824
f 597/1845/1824 1442/1844/1823 1444/1846/1825
f 597/1845/1824 1444/1846/1825 598/1847/1826
f 598/1847/1826 1444/1846/1825 1446/1848/1827
f 598/1847/1826 1446/1848/1827 599/1849/1828
f 599/1849/1828 1446/1848/1827 1448/1850/1829
f 599/1849/1828 1448/1850/1829 534/1851/1611
f 534/1851/1611 1448/1850/1829 1290/1852/1613
f 1290/1852/1613 1448/1850/1829 1447/1853/1830
f 1290/1852/1613 1447/1853/1830 823/1854/1615
f 823/1854/1615 1447/1853/1830 830/1855/1831
f 830/1855/1831 1447/1853/1830 1445/1856/1832
f 830/1855/1831 1445/1856/1832 831/1857/1833
f 831/1857/1833 1445/1856/1832 1443/1858/1834
f 831/1857/1833 1443/1858/1834 832/1859/1835
f 832/1859/1835 1443/1858/1834 1441/1860/1836
f 832/1859/1835 1441/1860/1836 833/1861/1837
f 833/1861/1837 1441/1860/1836 1439/1862/1838
f 833/1861/1837 1439/1862/1838 834/1863/1839
f 834/1863/1839 1439/1862/1838 1435/1839/1818
f 834/1863/1839 1435/1839/1818 835/1837/1816
f 595/1842/1821 594/1864/1840 1436/1840/1819
f 1436/1840/1819 594/1864/1840 1437/1865/1841
f 1436/1840/1819 1437/1865/1841 1438/1838/1817
f 1438/1838/1817 1437/1865/1841 1316/1836/1815
f 1437/1865/1841 594/1864/1840 1315/1866/1842
f 1315/1866/1842 594/1864/1840 593/1867/1843
f 1315/1866/1842 593/1867/1843 1434/1868/1844
f 1434/1868/1844 593/1867/1843 592/1869/1845
f 1434/1868/1844 592/1869/1845 1432/1870/1846
f 1432/1870/1846 592/1869/1845 591/1871/1847
f 1432/1870/1846 591/1871/1847 1430/1872/1848
f 1430/1872/1848 591/1871/1847 590/1873/1849
f 1430/1872/1848 590/1873/1849 1428/1874/1850
f 1428/1874/1850 590/1873/1849 589/1875/1851
f 1428/1874/1850 589/1875/1851 1424/1813/1792
f 1424/1813/1792 589/1875/1851 588/1811/1790
f 583/1802/1781 582/1876/1852 1412/1800/1779
f 1412/1800/1779 582/1876/1852 1413/1877/1853
f 1412/1800/1779 1413/1877/1853 1414/1798/1777
f 1414/1798/1777 1413/1877/1853 1312/1796/1775
f 1413/1877/1853 582/1876/1852 1311/1878/1854
f 1311/1878/1854 582/1876/1852 581/1879/1855
f 1311/1878/1854 581/1879/1855 1410/1880/1856
f 1410/1880/1856 581/1879/1855 580/1881/1857
f 1410/1880/1856 580/1881/1857 1408/1882/1858
f 1408/1882/1858 580/1881/1857 579/1883/1859
f 1408/1882/1858 579/1883/1859 1406/1884/1860
f 1406/1884/1860 579/1883/1859 578/1885/1861
f 1406/1884/1860 578/1885/1861 1404/1886/1862
f 1404/1886/1862 578/1885/1861 577/1887/1863
f 1404/1886/1862 577/1887/1863 1400/1771/1750
f 1400/1771/1750 577/1887/1863 576/1769/1748
f 570/1758/1737 569/1888/1864 1307/1756/1735
f 1307/1756/1735 569/1888/1864 1388/1889/1865
f 1307/1756/1735 1388/1889/1865 1387/1754/1733
f 1387/1754/1733 1388/1889/1865 1385/1752/1731
f 1388/1889/1865 569/1888/1864 1386/1890/1866
f 1386/1890/1866 569/1888/1864 568/1891/1867
f 1386/1890/1866 568/1891/1867 1384/1892/1868
f 1384/1892/1868 568/1891/1867 567/1893/1869
f 1384/1892/1868 567/1893/1869 1382/1894/1870
f 1382/1894/1870 567/1893/1869 566/1895/1871
f 1382/1894/1870 566/1895/1871 1380/1896/1872
f 1380/1896/1872 566/1895/1871 565/1897/1873
f 1380/1896/1872 565/1897/1873 1378/1898/1874
f 1378/1898/1874 565/1897/1873 564/1899/1875
f 1378/1898/1874 564/1899/1875 1305/1731/1710
f 1305/1731/1710 564/1899/1875 563/1729/1708
f 559/1722/1701 558/1900/1876 1364/1720/1699
f 1364/1720/1699 558/1900/1876 1365/1901/1877
f 1364/1720/1699 1365/1901/1877 1366/1718/1697
f 1366/1718/1697 1365/1901/1877 1304/1716/1695
f 1365/1901/1877 558/1900/1876 1303/1902/1878
f 1303/1902/1878 558/1900/1876 557/1903/1879
f 1303/1902/1878 557/1903/1879 1362/1904/1880
f 1362/1904/1880 557/1903/1879 556/1905/1881
f 1362/1904/1880 556/1905/1881 1360/1906/1882
f 1360/1906/1882 556/1905/1881 555/1907/1883
f 1360/1906/1882 555/1907/1883 1301/1703/1682
f 1301/1703/1682 555/1907/1883 554/1701/1680
f 552/1698/1677 551/1908/1884 1299/1696/1675
f 1299/1696/1675 551/1908/1884 1352/1909/1885
f 1299/1696/1675 1352/1909/1885 1351/1694/1673
f 1351/1694/1673 1352/1909/1885 1349/1692/1671
f 1352/1909/1885 551/1908/1884 1350/1910/1886
f 1350/1910/1886 551/1908/1884 550/1911/1887
f 1350/1910/1886 550/1911/1887 1348/1912/1888
f 1348/1912/1888 550/1911/1887 549/1913/1889
f 1348/1912/1888 549/1913/1889 1344/1679/1658
f 1344/1679/1658 549/1913/1889 548/1677/1656
f 545/1672/1651 544/1914/1890 1295/1670/1649
f 1295/1670/1649 544/1914/1890 1338/1915/1891
f 1295/1670/1649 1338/1915/1891 1337/1668/1647
f 1337/1668/1647 1338/1915/1891 1335/1666/1645
f 1338/1915/1891 544/1914/1890 1336/1916/1892
f 1336/1916/1892 544/1914/1890 543/1917/1893
f 1336/1916/1892 543/1917/1893 1334/1918/1894
f 1334/1918/1894 543/1917/1893 542/1919/1895
f 1334/1918/1894 542/1919/1895 1330/1653/1632
f 1330/1653/1632 542/1919/1895 541/1651/1630
f 538/1646/1625 537/1920/1896 1291/1644/1623
f 1291/1644/1623 537/1920/1896 1324/1921/1897
f 1291/1644/1623 1324/1921/1897 1323/1642/1621
f 1323/1642/1621 1324/1921/1897 1321/1640/1619
f 1324/1921/1897 537/1920/1896 1322/1922/1898
f 1322/1922/1898 537/1920/1896 536/1923/1899
f 1322/1922/1898 536/1923/1899 1320/1924/1900
f 1320/1924/1900 536/1923/1899 535/1631/1610
f 1320/1924/1900 535/1631/1610 1318/1633/1612
f 1320/1924/1900 1318/1633/1612 1317/1635/1614
f 1322/1922/1898 1320/1924/1900 1319/1638/1617
f 1319/1638/1617 1320/1924/1900 1317/1635/1614
f 1324/1921/1897 1322/1922/1898 1321/1640/1619
f 1321/1640/1619 1322/1922/1898 1319/1638/1617
f 1334/1918/1894 1330/1653/1632 1329/1655/1634
f 1336/1916/1892 1334/1918/1894 1333/1664/1643
f 1333/1664/1643 1334/1918/1894 1329/1655/1634
f 1338/1915/1891 1336/1916/1892 1335/1666/1645
f 1335/1666/1645 1336/1916/1892 1333/1664/1643
f 1348/1912/1888 1344/1679/1658 1343/1681/1660
f 1350/1910/1886 1348/1912/1888 1347/1690/1669
f 1347/1690/1669 1348/1912/1888 1343/1681/1660
f 1352/1909/1885 1350/1910/1886 1349/1692/1671
f 1349/1692/1671 1350/1910/1886 1347/1690/1669
f 1301/1703/1682 1302/1705/1684 1360/1906/1882
f 1360/1906/1882 1302/1705/1684 1359/1712/1691
f 1360/1906/1882 1359/1712/1691 1362/1904/1880
f 1362/1904/1880 1359/1712/1691 1361/1714/1693
f 1362/1904/1880 1361/1714/1693 1303/1902/1878
f 1303/1902/1878 1361/1714/1693 1304/1716/1695
f 1303/1902/1878 1304/1716/1695 1365/1901/1877
f 1305/1731/1710 1306/1733/1712 1378/1898/1874
f 1378/1898/1874 1306/1733/1712 1377/1744/1723
f 1378/1898/1874 1377/1744/1723 1380/1896/1872
f 1380/1896/1872 1377/1744/1723 1379/1746/1725
f 1380/1896/1872 1379/1746/1725 1382/1894/1870
f 1382/1894/1870 1379/1746/1725 1381/1748/1727
f 1382/1894/1870 1381/1748/1727 1384/1892/1868
f 1384/1892/1868 1381/1748/1727 1383/1750/1729
f 1384/1892/1868 1383/1750/1729 1386/1890/1866
f 1386/1890/1866 1383/1750/1729 1385/1752/1731
f 1386/1890/1866 1385/1752/1731 1388/1889/1865
f 1404/1886/1862 1400/1771/1750 1399/1773/1752
f 1406/1884/1860 1404/1886/1862 1403/1788/1767
f 1403/1788/1767 1404/1886/1862 1399/1773/1752
f 1408/1882/1858 1406/1884/1860 1405/1790/1769
f 1405/1790/1769 1406/1884/1860 1403/1788/1767
f 1410/1880/1856 1408/1882/1858 1407/1792/1771
f 1407/1792/1771 1408/1882/1858 1405/1790/1769
f 1311/1878/1854 1410/1880/1856 1409/1794/1773
f 1409/1794/1773 1410/1880/1856 1407/1792/1771
f 1413/1877/1853 1311/1878/1854 1312/1796/1775
f 1312/1796/1775 1311/1878/1854 1409/1794/1773
f 1428/1874/1850 1424/1813/1792 1423/1815/1794
f 1430/1872/1848 1428/1874/1850 1427/1828/1807
f 1427/1828/1807 1428/1874/1850 1423/1815/1794
f 1432/1870/1846 1430/1872/1848 1429/1830/1809
f 1429/1830/1809 1430/1872/1848 1427/1828/1807
f 1434/1868/1844 1432/1870/1846 1431/1832/1811
f 1431/1832/1811 1432/1870/1846 1429/1830/1809
f 1315/1866/1842 1434/1868/1844 1433/1834/1813
f 1433/1834/1813 1434/1868/1844 1431/1832/1811
f 1437/1865/1841 1315/1866/1842 1316/1836/1815
f 1316/1836/1815 1315/1866/1842 1433/1834/1813
f 1442/1844/1823 1440/1841/1820 1439/1862/1838
f 1439/1862/1838 1440/1841/1820 1435/1839/1818
f 1444/1846/1825 1442/1844/1823 1441/1860/1836
f 1441/1860/1836 1442/1844/1823 1439/1862/1838
f 1446/1848/1827 1444/1846/1825 1443/1858/1834
f 1443/1858/1834 1444/1846/1825 1441/1860/1836
f 1448/1850/1829 1446/1848/1827 1445/1856/1832
f 1445/1856/1832 1446/1848/1827 1443/1858/1834
f 1447/1853/1830 1448/1850/1829 1445/1856/1832
# 1448 vertices
# 1924 texture params
# 1900 normals
# 2892 facets

# 1 groups
