# WaveFront *.obj file (generated by Autodesk ATF)

# mtllib radar_upper_half.mtl

g radar_upper_half

v 0.500000 0.000000 0.000000
v 0.497803 -0.046821 0.000000
v 0.491231 -0.093230 0.000000
v 0.480343 -0.138820 0.000000
v 0.465233 -0.183190 0.000000
v 0.446034 -0.225950 0.000000
v 0.422916 -0.266725 0.000000
v 0.396081 -0.305155 0.000000
v 0.365766 -0.340904 0.000000
v 0.332236 -0.373657 0.000000
v 0.295786 -0.403126 0.000000
v 0.256737 -0.429053 0.000000
v 0.215432 -0.451208 0.000000
v 0.172233 -0.469399 0.000000
v 0.127521 -0.483465 0.000000
v 0.081689 -0.493282 0.000000
v 0.035138 -0.498764 0.000000
v -0.011721 -0.499863 0.000000
v -0.058478 -0.496569 0.000000
v -0.104720 -0.488911 0.000000
v -0.150042 -0.476956 0.000000
v -0.194046 -0.460810 0.000000
v -0.236344 -0.440615 0.000000
v -0.276566 -0.416547 0.000000
v -0.314356 -0.388819 0.000000
v -0.349385 -0.357673 0.000000
v -0.381343 -0.323385 0.000000
v -0.409949 -0.286255 0.000000
v -0.434953 -0.246608 0.000000
v -0.456135 -0.204795 0.000000
v -0.473308 -0.161182 0.000000
v -0.486321 -0.116153 0.000000
v -0.495061 -0.070102 0.000000
v -0.499450 -0.023436 0.000000
v -0.499450 0.023436 -0.000000
v -0.495061 0.070102 -0.000000
v -0.486321 0.116153 -0.000000
v -0.473308 0.161182 -0.000000
v -0.456135 0.204795 -0.000000
v -0.434953 0.246608 -0.000000
v -0.409949 0.286255 -0.000000
v -0.381343 0.323385 -0.000000
v -0.349385 0.357673 -0.000000
v -0.314356 0.388819 -0.000000
v -0.276566 0.416547 -0.000000
v -0.236344 0.440615 -0.000000
v -0.194046 0.460810 -0.000000
v -0.150042 0.476956 -0.000000
v -0.104720 0.488911 -0.000000
v -0.058478 0.496569 -0.000000
v -0.011721 0.499863 -0.000000
v 0.035138 0.498764 -0.000000
v 0.081689 0.493282 -0.000000
v 0.127521 0.483465 -0.000000
v 0.172233 0.469399 -0.000000
v 0.215432 0.451208 -0.000000
v 0.256737 0.429053 -0.000000
v 0.295786 0.403126 -0.000000
v 0.332236 0.373657 -0.000000
v 0.365766 0.340904 -0.000000
v 0.396081 0.305155 -0.000000
v 0.422916 0.266725 -0.000000
v 0.446034 0.225950 -0.000000
v 0.465233 0.183190 -0.000000
v 0.480343 0.138820 -0.000000
v 0.491231 0.093230 -0.000000
v 0.497803 0.046821 -0.000000
v 0.384647 0.000000 0.140000
v 0.382392 0.041588 0.140000
v 0.375654 0.082688 0.140000
v 0.364512 0.122818 0.140000
v 0.349096 0.161509 0.140000
v 0.329587 0.198306 0.140000
v 0.306215 0.232778 0.140000
v 0.279252 0.264521 0.140000
v 0.249015 0.293163 0.140000
v 0.215859 0.318368 0.140000
v 0.180172 0.339840 0.140000
v 0.142372 0.357328 0.140000
v 0.102904 0.370626 0.140000
v 0.062229 0.379580 0.140000
v 0.020824 0.384083 0.140000
v -0.020824 0.384083 0.140000
v -0.062229 0.379580 0.140000
v -0.102904 0.370626 0.140000
v -0.142372 0.357328 0.140000
v -0.180172 0.339840 0.140000
v -0.215859 0.318368 0.140000
v -0.249015 0.293163 0.140000
v -0.279252 0.264521 0.140000
v -0.306215 0.232778 0.140000
v -0.329587 0.198306 0.140000
v -0.349096 0.161509 0.140000
v -0.364512 0.122818 0.140000
v -0.375654 0.082688 0.140000
v -0.382392 0.041588 0.140000
v -0.384647 0.000000 0.140000
v -0.382392 -0.041588 0.140000
v -0.375654 -0.082688 0.140000
v -0.364512 -0.122818 0.140000
v -0.349096 -0.161509 0.140000
v -0.329587 -0.198306 0.140000
v -0.306215 -0.232778 0.140000
v -0.279252 -0.264521 0.140000
v -0.249015 -0.293163 0.140000
v -0.215859 -0.318368 0.140000
v -0.180172 -0.339840 0.140000
v -0.142372 -0.357328 0.140000
v -0.102904 -0.370626 0.140000
v -0.062229 -0.379580 0.140000
v -0.020824 -0.384083 0.140000
v 0.020824 -0.384083 0.140000
v 0.062229 -0.379580 0.140000
v 0.102904 -0.370626 0.140000
v 0.142372 -0.357328 0.140000
v 0.180172 -0.339840 0.140000
v 0.215859 -0.318368 0.140000
v 0.249015 -0.293163 0.140000
v 0.279252 -0.264521 0.140000
v 0.306215 -0.232778 0.140000
v 0.329587 -0.198306 0.140000
v 0.349096 -0.161509 0.140000
v 0.364512 -0.122818 0.140000
v 0.375654 -0.082688 0.140000
v 0.382392 -0.041588 0.140000
v 0.000000 0.000000 0.000000
v 0.395762 0.000000 0.143147
v 0.406139 0.000000 0.144953
v 0.415789 0.000000 0.145475
v 0.424723 0.000000 0.144800
v 0.432961 0.000000 0.143041
v 0.440524 0.000000 0.140327
v 0.453726 0.000000 0.132608
v 0.464550 0.000000 0.122814
v 0.473248 0.000000 0.112032
v 0.480094 0.000000 0.101090
v 0.485379 0.000000 0.090420
v 0.492423 0.000000 0.069949
v 0.496440 0.000000 0.049059
v 0.498773 0.000000 0.025955
v 0.381572 0.115749 0.143786
v 0.477608 0.144881 0.020997
v 0.346940 0.196539 0.143786
v 0.295448 0.267779 0.143786
v 0.369808 0.335174 0.020997
v 0.229599 0.326005 0.143786
v 0.152592 0.368389 0.143786
v 0.068170 0.392871 0.143786
v 0.121271 0.484142 0.020997
v -0.019565 0.398261 0.143786
v -0.106349 0.384298 0.143786
v -0.097369 0.489509 0.020997
v -0.213326 0.336878 0.143786
v -0.202256 0.456281 0.020997
v -0.281953 0.281953 0.143786
v -0.357620 0.176359 0.143786
v -0.395330 0.052046 0.143786
v -0.494829 0.065145 0.020997
v -0.391080 -0.077791 0.143786
v -0.345320 -0.199371 0.143786
v -0.432232 -0.249550 0.020997
v -0.262909 -0.299790 0.143786
v -0.152592 -0.368389 0.143786
v -0.152676 -0.475174 0.020997
v -0.026079 -0.397888 0.143786
v 0.103202 -0.385155 0.143786
v 0.168141 -0.469924 0.020997
v 0.221529 -0.331542 0.143786
v 0.316343 -0.242739 0.143786
v 0.419467 -0.270458 0.020997
v 0.377580 -0.128171 0.143786
v 0.497747 0.036716 0.020997
v 0.496180 0.036600 0.040141
v 0.493749 0.036421 0.057607
v 0.489983 0.036143 0.074003
v 0.487356 0.035950 0.082139
v 0.484064 0.035707 0.090420
v 0.479963 0.035404 0.098927
v 0.474903 0.035031 0.107641
v 0.468734 0.034576 0.116402
v 0.461310 0.034028 0.124884
v 0.452496 0.033378 0.132608
v 0.442165 0.032616 0.139006
v 0.432728 0.031920 0.142763
v 0.422194 0.031143 0.144984
v 0.410517 0.030282 0.145398
v 0.397661 0.029333 0.143786
v 0.493697 0.073233 0.020997
v 0.492143 0.073003 0.040141
v 0.489732 0.072645 0.057607
v 0.485996 0.072091 0.074003
v 0.483391 0.071704 0.082139
v 0.480125 0.071220 0.090420
v 0.476058 0.070616 0.098927
v 0.471039 0.069872 0.107641
v 0.464920 0.068964 0.116402
v 0.457557 0.067872 0.124884
v 0.448815 0.066575 0.132608
v 0.438567 0.065055 0.139006
v 0.429208 0.063667 0.142763
v 0.418759 0.062117 0.144984
v 0.407177 0.060399 0.145398
v 0.394426 0.058508 0.143786
v 0.486972 0.109353 0.020997
v 0.485440 0.109009 0.040141
v 0.483061 0.108475 0.057607
v 0.479376 0.107647 0.074003
v 0.476806 0.107070 0.082139
v 0.473585 0.106347 0.090420
v 0.469573 0.105446 0.098927
v 0.464623 0.104334 0.107641
v 0.458587 0.102979 0.116402
v 0.451324 0.101348 0.124884
v 0.442701 0.099412 0.132608
v 0.432593 0.097142 0.139006
v 0.423361 0.095069 0.142763
v 0.413055 0.092755 0.144984
v 0.401630 0.090189 0.145398
v 0.389053 0.087365 0.143786
v 0.476105 0.144425 0.040141
v 0.473772 0.143717 0.057607
v 0.470158 0.142621 0.074003
v 0.467637 0.141856 0.082139
v 0.464478 0.140898 0.090420
v 0.460543 0.139704 0.098927
v 0.455688 0.138232 0.107641
v 0.449769 0.136436 0.116402
v 0.442646 0.134275 0.124884
v 0.434188 0.131710 0.132608
v 0.424275 0.128702 0.139006
v 0.415220 0.125956 0.142763
v 0.405112 0.122889 0.144984
v 0.393907 0.119490 0.145398
v 0.451180 0.213392 0.020997
v 0.449760 0.212721 0.040141
v 0.447556 0.211678 0.057607
v 0.444143 0.210064 0.074003
v 0.441761 0.208938 0.082139
v 0.438777 0.207526 0.090420
v 0.435060 0.205768 0.098927
v 0.430473 0.203599 0.107641
v 0.424881 0.200954 0.116402
v 0.418153 0.197771 0.124884
v 0.410163 0.193993 0.132608
v 0.400798 0.189563 0.139006
v 0.392245 0.185518 0.142763
v 0.382696 0.181002 0.144984
v 0.372111 0.175995 0.145398
v 0.360458 0.170484 0.143786
v 0.372023 0.143505 0.143786
v 0.384050 0.148144 0.145398
v 0.394974 0.152358 0.144984
v 0.404829 0.156160 0.142763
v 0.413657 0.159565 0.139006
v 0.423323 0.163294 0.132608
v 0.431569 0.166474 0.124884
v 0.438513 0.169153 0.116402
v 0.444285 0.171379 0.107641
v 0.449018 0.173205 0.098927
v 0.452855 0.174685 0.090420
v 0.455935 0.175873 0.082139
v 0.458392 0.176821 0.074003
v 0.461916 0.178181 0.057607
v 0.464191 0.179058 0.040141
v 0.465656 0.179623 0.020997
v 0.434260 0.246005 0.020997
v 0.432893 0.245231 0.040141
v 0.430772 0.244029 0.057607
v 0.427486 0.242168 0.074003
v 0.425194 0.240869 0.082139
v 0.422322 0.239242 0.090420
v 0.418744 0.237215 0.098927
v 0.414329 0.234715 0.107641
v 0.408947 0.231666 0.116402
v 0.402471 0.227997 0.124884
v 0.394781 0.223641 0.132608
v 0.385767 0.218534 0.139006
v 0.377534 0.213870 0.142763
v 0.368343 0.208664 0.144984
v 0.358156 0.202893 0.145398
v 0.414986 0.277285 0.020997
v 0.413680 0.276412 0.040141
v 0.411653 0.275057 0.057607
v 0.408513 0.272959 0.074003
v 0.406322 0.271496 0.082139
v 0.403578 0.269662 0.090420
v 0.400159 0.267377 0.098927
v 0.395940 0.264559 0.107641
v 0.390797 0.261122 0.116402
v 0.384608 0.256987 0.124884
v 0.377259 0.252077 0.132608
v 0.368645 0.246321 0.139006
v 0.360778 0.241064 0.142763
v 0.351995 0.235196 0.144984
v 0.342259 0.228690 0.145398
v 0.331542 0.221529 0.143786
v 0.393463 0.307061 0.020997
v 0.392225 0.306095 0.040141
v 0.390303 0.304595 0.057607
v 0.387326 0.302272 0.074003
v 0.385249 0.300651 0.082139
v 0.382647 0.298620 0.090420
v 0.379405 0.296090 0.098927
v 0.375405 0.292969 0.107641
v 0.370528 0.289163 0.116402
v 0.364660 0.284584 0.124884
v 0.357693 0.279146 0.132608
v 0.349526 0.272773 0.139006
v 0.342067 0.266951 0.142763
v 0.333739 0.260453 0.144984
v 0.324509 0.253249 0.145398
v 0.314347 0.245318 0.143786
v 0.344149 0.361471 0.020997
v 0.343066 0.360334 0.040141
v 0.341385 0.358568 0.057607
v 0.338781 0.355833 0.074003
v 0.336965 0.353925 0.082139
v 0.334688 0.351534 0.090420
v 0.331853 0.348556 0.098927
v 0.328354 0.344881 0.107641
v 0.324089 0.340401 0.116402
v 0.318956 0.335010 0.124884
v 0.312862 0.328610 0.132608
v 0.305719 0.321107 0.139006
v 0.299194 0.314254 0.142763
v 0.291911 0.306603 0.144984
v 0.283837 0.298123 0.145398
v 0.274949 0.288787 0.143786
v 0.304999 0.276435 0.145398
v 0.313675 0.284298 0.144984
v 0.321502 0.291392 0.142763
v 0.328513 0.297746 0.139006
v 0.336189 0.304704 0.132608
v 0.342737 0.310639 0.124884
v 0.348252 0.315637 0.116402
v 0.352836 0.319792 0.107641
v 0.356595 0.323199 0.098927
v 0.359642 0.325960 0.090420
v 0.362088 0.328177 0.082139
v 0.364040 0.329946 0.074003
v 0.366838 0.332482 0.057607
v 0.368644 0.334120 0.040141
v 0.316625 0.385809 0.020997
v 0.315629 0.384595 0.040141
v 0.314082 0.382710 0.057607
v 0.311686 0.379791 0.074003
v 0.310015 0.377755 0.082139
v 0.307921 0.375203 0.090420
v 0.305312 0.372024 0.098927
v 0.302094 0.368102 0.107641
v 0.298169 0.363320 0.116402
v 0.293447 0.357567 0.124884
v 0.287841 0.350735 0.132608
v 0.281268 0.342727 0.139006
v 0.275266 0.335412 0.142763
v 0.268565 0.327247 0.144984
v 0.261137 0.318196 0.145398
v 0.252959 0.308231 0.143786
v 0.287385 0.408056 0.020997
v 0.286481 0.406772 0.040141
v 0.285077 0.404778 0.057607
v 0.282903 0.401691 0.074003
v 0.281386 0.399537 0.082139
v 0.279485 0.396838 0.090420
v 0.277117 0.393476 0.098927
v 0.274196 0.389328 0.107641
v 0.270634 0.384271 0.116402
v 0.266348 0.378185 0.124884
v 0.261259 0.370959 0.132608
v 0.255294 0.362489 0.139006
v 0.249845 0.354753 0.142763
v 0.243763 0.346117 0.144984
v 0.237021 0.336544 0.145398
v 0.224401 0.445807 0.020997
v 0.223694 0.444405 0.040141
v 0.222598 0.442227 0.057607
v 0.220900 0.438854 0.074003
v 0.219716 0.436501 0.082139
v 0.218232 0.433552 0.090420
v 0.216383 0.429879 0.098927
v 0.214102 0.425347 0.107641
v 0.211321 0.419822 0.116402
v 0.207974 0.413173 0.124884
v 0.204000 0.405279 0.132608
v 0.199342 0.396025 0.139006
v 0.195088 0.387574 0.142763
v 0.190339 0.378138 0.144984
v 0.185074 0.367680 0.145398
v 0.179279 0.356166 0.143786
v 0.204984 0.342018 0.143786
v 0.211600 0.353081 0.145398
v 0.217609 0.363131 0.144984
v 0.223028 0.372198 0.142763
v 0.227880 0.380321 0.139006
v 0.233190 0.389216 0.132608
v 0.237718 0.396806 0.124884
v 0.241529 0.403200 0.116402
v 0.244692 0.408516 0.107641
v 0.247284 0.412878 0.098927
v 0.249382 0.416415 0.090420
v 0.251063 0.419256 0.082139
v 0.252401 0.421525 0.074003
v 0.254310 0.424784 0.057607
v 0.255531 0.426894 0.040141
v 0.256306 0.428261 0.020997
v 0.190997 0.461107 0.020997
v 0.190396 0.459656 0.040141
v 0.189463 0.457404 0.057607
v 0.188018 0.453915 0.074003
v 0.187010 0.451481 0.082139
v 0.185746 0.448431 0.090420
v 0.184173 0.444632 0.098927
v 0.182231 0.439945 0.107641
v 0.179864 0.434230 0.116402
v 0.177015 0.427353 0.124884
v 0.173633 0.419188 0.132608
v 0.169669 0.409617 0.139006
v 0.166048 0.400875 0.142763
v 0.162006 0.391116 0.144984
v 0.157525 0.380298 0.145398
v 0.156558 0.473909 0.020997
v 0.156066 0.472417 0.040141
v 0.155301 0.470102 0.057607
v 0.154116 0.466516 0.074003
v 0.153290 0.464015 0.082139
v 0.152254 0.460881 0.090420
v 0.150965 0.456976 0.098927
v 0.149373 0.452159 0.107641
v 0.147433 0.446285 0.116402
v 0.145098 0.439217 0.124884
v 0.142325 0.430825 0.132608
v 0.139076 0.420988 0.139006
v 0.136108 0.412004 0.142763
v 0.132794 0.401974 0.144984
v 0.129121 0.390856 0.145398
v 0.125078 0.378616 0.143786
v 0.120890 0.482618 0.040141
v 0.120297 0.480253 0.057607
v 0.119380 0.476590 0.074003
v 0.118740 0.474035 0.082139
v 0.117937 0.470833 0.090420
v 0.116938 0.466844 0.098927
v 0.115705 0.461922 0.107641
v 0.114202 0.455922 0.116402
v 0.112394 0.448701 0.124884
v 0.110246 0.440128 0.132608
v 0.107729 0.430079 0.139006
v 0.105430 0.420900 0.142763
v 0.102863 0.410654 0.144984
v 0.100018 0.399296 0.145398
v 0.096886 0.386792 0.143786
v 0.048920 0.496696 0.020997
v 0.048766 0.495133 0.040141
v 0.048527 0.492706 0.057607
v 0.048157 0.488948 0.074003
v 0.047899 0.486327 0.082139
v 0.047575 0.483042 0.090420
v 0.047172 0.478949 0.098927
v 0.046675 0.473900 0.107641
v 0.046069 0.467744 0.116402
v 0.045339 0.460336 0.124884
v 0.044473 0.451541 0.132608
v 0.043457 0.441231 0.139006
v 0.042530 0.431815 0.142763
v 0.041495 0.421302 0.144984
v 0.040347 0.409650 0.145398
v 0.039084 0.396822 0.143786
v 0.070373 0.405572 0.145398
v 0.072375 0.417108 0.144984
v 0.074181 0.427516 0.142763
v 0.075799 0.436839 0.139006
v 0.077570 0.447046 0.132608
v 0.079081 0.455754 0.124884
v 0.080353 0.463087 0.116402
v 0.081411 0.469182 0.107641
v 0.082278 0.474181 0.098927
v 0.082981 0.478233 0.090420
v 0.083546 0.481485 0.082139
v 0.083996 0.484081 0.074003
v 0.084642 0.487802 0.057607
v 0.085058 0.490204 0.040141
v 0.085327 0.491751 0.020997
v 0.012249 0.498949 0.020997
v 0.012210 0.497379 0.040141
v 0.012150 0.494941 0.057607
v 0.012057 0.491166 0.074003
v 0.011993 0.488533 0.082139
v 0.011912 0.485233 0.090420
v 0.011811 0.481122 0.098927
v 0.011686 0.476050 0.107641
v 0.011535 0.469866 0.116402
v 0.011352 0.462424 0.124884
v 0.011135 0.453589 0.132608
v 0.010881 0.443232 0.139006
v 0.010649 0.433773 0.142763
v 0.010389 0.423213 0.144984
v 0.010102 0.411508 0.145398
v 0.009786 0.398622 0.143786
v -0.024490 0.498498 0.020997
v -0.024413 0.496929 0.040141
v -0.024293 0.494494 0.057607
v -0.024108 0.490722 0.074003
v -0.023978 0.488091 0.082139
v -0.023816 0.484794 0.090420
v -0.023615 0.480687 0.098927
v -0.023366 0.475619 0.107641
v -0.023062 0.469441 0.116402
v -0.022697 0.462006 0.124884
v -0.022263 0.453179 0.132608
v -0.021755 0.442832 0.139006
v -0.021291 0.433381 0.142763
v -0.020772 0.422831 0.144984
v -0.020198 0.411136 0.145398
v -0.061095 0.495346 0.020997
v -0.060903 0.493787 0.040141
v -0.060604 0.491367 0.057607
v -0.060142 0.487619 0.074003
v -0.059820 0.485005 0.082139
v -0.059416 0.481728 0.090420
v -0.058912 0.477647 0.098927
v -0.058291 0.472612 0.107641
v -0.057534 0.466472 0.116402
v -0.056623 0.459085 0.124884
v -0.055541 0.450314 0.132608
v -0.054273 0.440032 0.139006
v -0.053114 0.430641 0.142763
v -0.051821 0.420157 0.144984
v -0.050388 0.408536 0.145398
v -0.048810 0.395743 0.143786
v -0.133116 0.481020 0.020997
v -0.132697 0.479506 0.040141
v -0.132047 0.477156 0.057607
v -0.131040 0.473517 0.074003
v -0.130337 0.470978 0.082139
v -0.129457 0.467796 0.090420
v -0.128360 0.463833 0.098927
v -0.127007 0.458943 0.107641
v -0.125357 0.452982 0.116402
v -0.123372 0.445808 0.124884
v -0.121014 0.437290 0.132608
v -0.118251 0.427306 0.139006
v -0.115728 0.418186 0.142763
v -0.112910 0.408006 0.144984
v -0.109787 0.396721 0.145398
v -0.077791 0.391080 0.143786
v -0.080305 0.403723 0.145398
v -0.082590 0.415207 0.144984
v -0.084650 0.425567 0.142763
v -0.086496 0.434847 0.139006
v -0.088518 0.445008 0.132608
v -0.090242 0.453676 0.124884
v -0.091694 0.460976 0.116402
v -0.092901 0.467043 0.107641
v -0.093890 0.472019 0.098927
v -0.094693 0.476052 0.090420
v -0.095337 0.479290 0.082139
v -0.095851 0.481873 0.074003
v -0.096587 0.485577 0.057607
v -0.097063 0.487969 0.040141
v -0.168141 0.469924 0.020997
v -0.167612 0.468445 0.040141
v -0.166791 0.466149 0.057607
v -0.165519 0.462594 0.074003
v -0.164631 0.460114 0.082139
v -0.163519 0.457005 0.090420
v -0.162134 0.453134 0.098927
v -0.160425 0.448357 0.107641
v -0.158341 0.442532 0.116402
v -0.155833 0.435524 0.124884
v -0.152856 0.427203 0.132608
v -0.149365 0.417449 0.139006
v -0.146178 0.408540 0.142763
v -0.142619 0.398594 0.144984
v -0.138675 0.387570 0.145398
v -0.134332 0.375433 0.143786
v -0.201619 0.454845 0.040141
v -0.200631 0.452616 0.057607
v -0.199101 0.449164 0.074003
v -0.198033 0.446756 0.082139
v -0.196696 0.443738 0.090420
v -0.195029 0.439979 0.098927
v -0.192973 0.435340 0.107641
v -0.190466 0.429685 0.116402
v -0.187450 0.422880 0.124884
v -0.183868 0.414801 0.132608
v -0.179670 0.405329 0.139006
v -0.175836 0.396679 0.142763
v -0.171555 0.387022 0.144984
v -0.166810 0.376318 0.145398
v -0.161587 0.364533 0.143786
v -0.267017 0.421666 0.020997
v -0.266177 0.420339 0.040141
v -0.264872 0.418279 0.057607
v -0.262852 0.415088 0.074003
v -0.261443 0.412863 0.082139
v -0.259676 0.410074 0.090420
v -0.257476 0.406600 0.098927
v -0.254762 0.402313 0.107641
v -0.251453 0.397087 0.116402
v -0.247470 0.390799 0.124884
v -0.242742 0.383332 0.132608
v -0.237200 0.374579 0.139006
v -0.232138 0.366585 0.142763
v -0.226486 0.357661 0.144984
v -0.220222 0.347769 0.145398
v -0.187966 0.351659 0.143786
v -0.194042 0.363027 0.145398
v -0.199562 0.373353 0.144984
v -0.204541 0.382669 0.142763
v -0.209001 0.391014 0.139006
v -0.213885 0.400150 0.132608
v -0.218051 0.407945 0.124884
v -0.221560 0.414509 0.116402
v -0.224476 0.419965 0.107641
v -0.226868 0.424439 0.098927
v -0.228806 0.428066 0.090420
v -0.230362 0.430977 0.082139
v -0.231604 0.433300 0.074003
v -0.233384 0.436631 0.057607
v -0.234533 0.438781 0.040141
v -0.235274 0.440166 0.020997
v -0.297313 0.400880 0.020997
v -0.296377 0.399619 0.040141
v -0.294925 0.397660 0.057607
v -0.292675 0.394627 0.074003
v -0.291106 0.392511 0.082139
v -0.289140 0.389860 0.090420
v -0.286690 0.386557 0.098927
v -0.283668 0.382482 0.107641
v -0.279983 0.377513 0.116402
v -0.275549 0.371535 0.124884
v -0.270284 0.364436 0.132608
v -0.264113 0.356115 0.139006
v -0.258476 0.348515 0.142763
v -0.252184 0.340031 0.144984
v -0.245209 0.330626 0.145398
v -0.237530 0.320272 0.143786
v -0.325998 0.377922 0.020997
v -0.324972 0.376733 0.040141
v -0.323380 0.374887 0.057607
v -0.320913 0.372027 0.074003
v -0.319192 0.370033 0.082139
v -0.317036 0.367533 0.090420
v -0.314350 0.364419 0.098927
v -0.311036 0.360578 0.107641
v -0.306996 0.355894 0.116402
v -0.302134 0.350257 0.124884
v -0.296361 0.343565 0.132608
v -0.289595 0.335721 0.139006
v -0.283414 0.328556 0.142763
v -0.276515 0.320558 0.144984
v -0.268867 0.311691 0.145398
v -0.260447 0.301931 0.143786
v -0.352916 0.352916 0.020997
v -0.351806 0.351806 0.040141
v -0.350082 0.350082 0.057607
v -0.347411 0.347411 0.074003
v -0.345549 0.345549 0.082139
v -0.343215 0.343215 0.090420
v -0.340307 0.340307 0.098927
v -0.336719 0.336719 0.107641
v -0.332345 0.332345 0.116402
v -0.327082 0.327082 0.124884
v -0.320833 0.320833 0.132608
v -0.313507 0.313507 0.139006
v -0.306816 0.306816 0.142763
v -0.299347 0.299347 0.144984
v -0.291068 0.291068 0.145398
v -0.405691 0.290714 0.020997
v -0.404414 0.289799 0.040141
v -0.402433 0.288379 0.057607
v -0.399363 0.286179 0.074003
v -0.397222 0.284645 0.082139
v -0.394538 0.282722 0.090420
v -0.391196 0.280327 0.098927
v -0.387072 0.277372 0.107641
v -0.382044 0.273769 0.116402
v -0.375993 0.269433 0.124884
v -0.368809 0.264285 0.132608
v -0.360389 0.258251 0.139006
v -0.352697 0.252739 0.142763
v -0.344111 0.246587 0.144984
v -0.334594 0.239766 0.145398
v -0.324116 0.232258 0.143786
v -0.304054 0.257965 0.143786
v -0.313886 0.266302 0.145398
v -0.322817 0.273874 0.144984
v -0.330875 0.280704 0.142763
v -0.338093 0.286822 0.139006
v -0.345996 0.293520 0.132608
v -0.352739 0.299233 0.124884
v -0.358419 0.304043 0.116402
v -0.363140 0.308041 0.107641
v -0.367013 0.311318 0.098927
v -0.370153 0.313974 0.090420
v -0.372674 0.316104 0.082139
v -0.374687 0.317804 0.074003
v -0.377575 0.320237 0.057607
v -0.379442 0.321805 0.040141
v -0.380648 0.322812 0.020997
v -0.428092 0.256588 0.020997
v -0.426744 0.255781 0.040141
v -0.424653 0.254527 0.057607
v -0.421414 0.252586 0.074003
v -0.419155 0.251232 0.082139
v -0.416323 0.249535 0.090420
v -0.412796 0.247420 0.098927
v -0.408444 0.244812 0.107641
v -0.403139 0.241632 0.116402
v -0.396754 0.237805 0.124884
v -0.389174 0.233262 0.132608
v -0.380288 0.227936 0.139006
v -0.372172 0.223071 0.142763
v -0.363112 0.217641 0.144984
v -0.353068 0.211621 0.145398
v -0.342012 0.204994 0.143786
v -0.447628 0.220746 0.020997
v -0.446220 0.220051 0.040141
v -0.444033 0.218973 0.057607
v -0.440646 0.217303 0.074003
v -0.438284 0.216138 0.082139
v -0.435323 0.214678 0.090420
v -0.431635 0.212859 0.098927
v -0.427085 0.210615 0.107641
v -0.421537 0.207879 0.116402
v -0.414861 0.204587 0.124884
v -0.406934 0.200678 0.132608
v -0.397643 0.196096 0.139006
v -0.389157 0.191911 0.142763
v -0.379683 0.187239 0.144984
v -0.369181 0.182060 0.145398
v -0.464171 0.183427 0.020997
v -0.462710 0.182850 0.040141
v -0.460443 0.181954 0.057607
v -0.456930 0.180566 0.074003
v -0.454481 0.179598 0.082139
v -0.451411 0.178384 0.090420
v -0.447586 0.176873 0.098927
v -0.442868 0.175009 0.107641
v -0.437115 0.172735 0.116402
v -0.430192 0.170000 0.124884
v -0.421973 0.166751 0.132608
v -0.412338 0.162944 0.139006
v -0.403538 0.159467 0.142763
v -0.393714 0.155585 0.144984
v -0.382825 0.151281 0.145398
v -0.370837 0.146544 0.143786
v -0.477608 0.144881 0.020997
v -0.476105 0.144425 0.040141
v -0.473772 0.143717 0.057607
v -0.470158 0.142621 0.074003
v -0.467637 0.141856 0.082139
v -0.464478 0.140898 0.090420
v -0.460543 0.139704 0.098927
v -0.455688 0.138232 0.107641
v -0.449769 0.136436 0.116402
v -0.442646 0.134275 0.124884
v -0.434188 0.131710 0.132608
v -0.424275 0.128702 0.139006
v -0.415220 0.125956 0.142763
v -0.405112 0.122889 0.144984
v -0.393907 0.119490 0.145398
v -0.381572 0.115749 0.143786
v -0.487850 0.105366 0.020997
v -0.486315 0.105034 0.040141
v -0.483932 0.104519 0.057607
v -0.480241 0.103722 0.074003
v -0.477666 0.103166 0.082139
v -0.474439 0.102469 0.090420
v -0.470420 0.101601 0.098927
v -0.465461 0.100530 0.107641
v -0.459414 0.099224 0.116402
v -0.452138 0.097653 0.124884
v -0.443500 0.095787 0.132608
v -0.433373 0.093600 0.139006
v -0.424125 0.091602 0.142763
v -0.413800 0.089372 0.144984
v -0.402355 0.086900 0.145398
v -0.389755 0.084179 0.143786
v -0.493272 0.064940 0.040141
v -0.490855 0.064622 0.057607
v -0.487111 0.064129 0.074003
v -0.484499 0.063786 0.082139
v -0.481226 0.063355 0.090420
v -0.477149 0.062818 0.098927
v -0.472119 0.062156 0.107641
v -0.465986 0.061348 0.116402
v -0.458606 0.060377 0.124884
v -0.449844 0.059223 0.132608
v -0.439573 0.057871 0.139006
v -0.430192 0.056636 0.142763
v -0.419719 0.055257 0.144984
v -0.408110 0.053729 0.145398
v -0.498832 -0.016330 0.020997
v -0.497262 -0.016279 0.040141
v -0.494825 -0.016199 0.057607
v -0.491051 -0.016075 0.074003
v -0.488418 -0.015989 0.082139
v -0.485119 -0.015881 0.090420
v -0.481009 -0.015747 0.098927
v -0.475938 -0.015581 0.107641
v -0.469755 -0.015378 0.116402
v -0.462316 -0.015135 0.124884
v -0.453483 -0.014845 0.132608
v -0.443129 -0.014507 0.139006
v -0.433672 -0.014197 0.142763
v -0.423114 -0.013851 0.144984
v -0.411412 -0.013468 0.145398
v -0.398528 -0.013046 0.143786
v -0.398261 0.019565 0.143786
v -0.411136 0.020198 0.145398
v -0.422831 0.020772 0.144984
v -0.433381 0.021291 0.142763
v -0.442832 0.021755 0.139006
v -0.453179 0.022263 0.132608
v -0.462006 0.022697 0.124884
v -0.469441 0.023062 0.116402
v -0.475619 0.023366 0.107641
v -0.480687 0.023615 0.098927
v -0.484794 0.023816 0.090420
v -0.488091 0.023978 0.082139
v -0.490722 0.024108 0.074003
v -0.494494 0.024293 0.057607
v -0.496929 0.024413 0.040141
v -0.498498 0.024490 0.020997
v -0.495829 -0.057041 0.020997
v -0.494269 -0.056861 0.040141
v -0.491846 -0.056582 0.057607
v -0.488095 -0.056151 0.074003
v -0.485478 -0.055850 0.082139
v -0.482198 -0.055472 0.090420
v -0.478113 -0.055002 0.098927
v -0.473073 -0.054423 0.107641
v -0.466927 -0.053716 0.116402
v -0.459533 -0.052865 0.124884
v -0.450753 -0.051855 0.132608
v -0.440461 -0.050671 0.139006
v -0.431061 -0.049590 0.142763
v -0.420567 -0.048382 0.144984
v -0.408935 -0.047044 0.145398
v -0.396129 -0.045571 0.143786
v -0.489509 -0.097369 0.020997
v -0.487969 -0.097063 0.040141
v -0.485577 -0.096587 0.057607
v -0.481873 -0.095851 0.074003
v -0.479290 -0.095337 0.082139
v -0.476052 -0.094693 0.090420
v -0.472019 -0.093890 0.098927
v -0.467043 -0.092901 0.107641
v -0.460976 -0.091694 0.116402
v -0.453676 -0.090242 0.124884
v -0.445008 -0.088518 0.132608
v -0.434847 -0.086496 0.139006
v -0.425567 -0.084650 0.142763
v -0.415207 -0.082590 0.144984
v -0.403723 -0.080305 0.145398
v -0.479915 -0.137047 0.020997
v -0.478404 -0.136616 0.040141
v -0.476060 -0.135946 0.057607
v -0.472429 -0.134909 0.074003
v -0.469896 -0.134186 0.082139
v -0.466722 -0.133279 0.090420
v -0.462768 -0.132150 0.098927
v -0.457889 -0.130757 0.107641
v -0.451941 -0.129059 0.116402
v -0.444784 -0.127015 0.124884
v -0.436285 -0.124588 0.132608
v -0.426324 -0.121743 0.139006
v -0.417226 -0.119145 0.142763
v -0.407069 -0.116245 0.144984
v -0.395810 -0.113029 0.145398
v -0.383415 -0.109490 0.143786
v -0.467110 -0.175808 0.020997
v -0.465640 -0.175254 0.040141
v -0.463358 -0.174396 0.057607
v -0.459824 -0.173065 0.074003
v -0.457358 -0.172138 0.082139
v -0.454269 -0.170975 0.090420
v -0.450420 -0.169526 0.098927
v -0.445672 -0.167739 0.107641
v -0.439882 -0.165560 0.116402
v -0.432916 -0.162938 0.124884
v -0.424645 -0.159825 0.132608
v -0.414949 -0.156176 0.139006
v -0.406093 -0.152843 0.142763
v -0.396207 -0.149122 0.144984
v -0.385249 -0.144997 0.145398
v -0.373185 -0.140457 0.143786
v -0.451180 -0.213392 0.020997
v -0.449760 -0.212721 0.040141
v -0.447556 -0.211678 0.057607
v -0.444143 -0.210064 0.074003
v -0.441761 -0.208938 0.082139
v -0.438777 -0.207526 0.090420
v -0.435060 -0.205768 0.098927
v -0.430473 -0.203599 0.107641
v -0.424881 -0.200954 0.116402
v -0.418153 -0.197771 0.124884
v -0.410163 -0.193993 0.132608
v -0.400798 -0.189563 0.139006
v -0.392245 -0.185518 0.142763
v -0.382696 -0.181002 0.144984
v -0.372111 -0.175995 0.145398
v -0.360458 -0.170484 0.143786
v -0.430872 -0.248764 0.040141
v -0.428761 -0.247545 0.057607
v -0.425490 -0.245657 0.074003
v -0.423209 -0.244340 0.082139
v -0.420350 -0.242689 0.090420
v -0.416789 -0.240633 0.098927
v -0.412395 -0.238096 0.107641
v -0.407038 -0.235004 0.116402
v -0.400592 -0.231282 0.124884
v -0.392938 -0.226863 0.132608
v -0.383966 -0.221683 0.139006
v -0.375772 -0.216952 0.142763
v -0.366624 -0.211670 0.144984
v -0.356484 -0.205816 0.145398
v -0.385809 -0.316625 0.020997
v -0.384595 -0.315629 0.040141
v -0.382710 -0.314082 0.057607
v -0.379791 -0.311686 0.074003
v -0.377755 -0.310015 0.082139
v -0.375203 -0.307921 0.090420
v -0.372024 -0.305312 0.098927
v -0.368102 -0.302094 0.107641
v -0.363320 -0.298169 0.116402
v -0.357567 -0.293447 0.124884
v -0.350735 -0.287841 0.132608
v -0.342727 -0.281268 0.139006
v -0.335412 -0.275266 0.142763
v -0.327247 -0.268565 0.144984
v -0.318196 -0.261137 0.145398
v -0.308231 -0.252959 0.143786
v -0.327873 -0.226924 0.143786
v -0.338472 -0.234260 0.145398
v -0.348100 -0.240923 0.144984
v -0.356785 -0.246935 0.142763
v -0.364566 -0.252320 0.139006
v -0.373084 -0.258215 0.132608
v -0.380351 -0.263245 0.124884
v -0.386472 -0.267481 0.116402
v -0.391558 -0.271001 0.107641
v -0.395730 -0.273889 0.098927
v -0.399112 -0.276229 0.090420
v -0.401826 -0.278108 0.082139
v -0.403992 -0.279607 0.074003
v -0.407097 -0.281756 0.057607
v -0.409102 -0.283144 0.040141
v -0.410393 -0.284037 0.020997
v -0.358643 -0.347095 0.020997
v -0.357515 -0.346003 0.040141
v -0.355763 -0.344307 0.057607
v -0.353049 -0.341681 0.074003
v -0.351156 -0.339849 0.082139
v -0.348784 -0.337553 0.090420
v -0.345829 -0.334693 0.098927
v -0.342184 -0.331165 0.107641
v -0.337738 -0.326863 0.116402
v -0.332390 -0.321686 0.124884
v -0.326039 -0.315540 0.132608
v -0.318595 -0.308336 0.139006
v -0.311795 -0.301755 0.142763
v -0.304205 -0.294409 0.144984
v -0.295791 -0.286266 0.145398
v -0.286528 -0.277302 0.143786
v -0.329079 -0.375243 0.020997
v -0.328043 -0.374062 0.040141
v -0.326436 -0.372229 0.057607
v -0.323946 -0.369389 0.074003
v -0.322209 -0.367409 0.082139
v -0.320032 -0.364927 0.090420
v -0.317321 -0.361835 0.098927
v -0.313976 -0.358021 0.107641
v -0.309897 -0.353370 0.116402
v -0.304989 -0.347774 0.124884
v -0.299162 -0.341129 0.132608
v -0.292331 -0.333340 0.139006
v -0.286093 -0.326226 0.142763
v -0.279128 -0.318285 0.144984
v -0.271408 -0.309481 0.145398
v -0.297313 -0.400880 0.020997
v -0.296377 -0.399619 0.040141
v -0.294925 -0.397660 0.057607
v -0.292675 -0.394627 0.074003
v -0.291106 -0.392511 0.082139
v -0.289140 -0.389860 0.090420
v -0.286690 -0.386557 0.098927
v -0.283668 -0.382482 0.107641
v -0.279983 -0.377513 0.116402
v -0.275549 -0.371535 0.124884
v -0.270284 -0.364436 0.132608
v -0.264113 -0.356115 0.139006
v -0.258476 -0.348515 0.142763
v -0.252184 -0.340031 0.144984
v -0.245209 -0.330626 0.145398
v -0.237530 -0.320272 0.143786
v -0.263558 -0.423836 0.020997
v -0.262729 -0.422502 0.040141
v -0.261441 -0.420432 0.057607
v -0.259447 -0.417225 0.074003
v -0.258056 -0.414988 0.082139
v -0.256313 -0.412185 0.090420
v -0.254141 -0.408693 0.098927
v -0.251462 -0.404384 0.107641
v -0.248196 -0.399131 0.116402
v -0.244265 -0.392810 0.124884
v -0.239598 -0.385305 0.132608
v -0.234127 -0.376507 0.139006
v -0.229131 -0.368472 0.142763
v -0.223553 -0.359502 0.144984
v -0.217370 -0.349559 0.145398
v -0.210563 -0.338612 0.143786
v -0.228040 -0.443957 0.020997
v -0.227323 -0.442560 0.040141
v -0.226209 -0.440391 0.057607
v -0.224483 -0.437032 0.074003
v -0.223280 -0.434689 0.082139
v -0.221771 -0.431752 0.090420
v -0.219893 -0.428094 0.098927
v -0.217574 -0.423581 0.107641
v -0.214748 -0.418079 0.116402
v -0.211347 -0.411458 0.124884
v -0.207309 -0.403596 0.132608
v -0.202576 -0.394381 0.139006
v -0.198252 -0.385965 0.142763
v -0.193426 -0.376569 0.144984
v -0.188076 -0.366153 0.145398
v -0.182187 -0.354687 0.143786
v -0.190997 -0.461107 0.020997
v -0.190396 -0.459656 0.040141
v -0.189463 -0.457404 0.057607
v -0.188018 -0.453915 0.074003
v -0.187010 -0.451481 0.082139
v -0.185746 -0.448431 0.090420
v -0.184173 -0.444632 0.098927
v -0.182231 -0.439945 0.107641
v -0.179864 -0.434230 0.116402
v -0.177015 -0.427353 0.124884
v -0.173633 -0.419188 0.132608
v -0.169669 -0.409617 0.139006
v -0.166048 -0.400875 0.142763
v -0.162006 -0.391116 0.144984
v -0.157525 -0.380298 0.145398
v -0.113334 -0.486061 0.020997
v -0.112977 -0.484532 0.040141
v -0.112423 -0.482157 0.057607
v -0.111566 -0.478479 0.074003
v -0.110968 -0.475914 0.082139
v -0.110218 -0.472699 0.090420
v -0.109284 -0.468694 0.098927
v -0.108132 -0.463753 0.107641
v -0.106727 -0.457729 0.116402
v -0.105037 -0.450480 0.124884
v -0.103030 -0.441873 0.132608
v -0.100678 -0.431784 0.139006
v -0.098529 -0.422569 0.142763
v -0.096131 -0.412282 0.144984
v -0.093472 -0.400879 0.145398
v -0.090545 -0.388325 0.143786
v -0.121976 -0.379627 0.143786
v -0.125919 -0.391899 0.145398
v -0.129501 -0.403047 0.144984
v -0.132733 -0.413104 0.142763
v -0.135627 -0.422112 0.139006
v -0.138796 -0.431975 0.132608
v -0.141500 -0.440390 0.124884
v -0.143777 -0.447476 0.116402
v -0.145669 -0.453366 0.107641
v -0.147221 -0.458196 0.098927
v -0.148479 -0.462111 0.090420
v -0.149489 -0.465254 0.082139
v -0.150294 -0.467762 0.074003
v -0.151450 -0.471357 0.057607
v -0.152195 -0.473678 0.040141
v -0.073233 -0.493697 0.020997
v -0.073003 -0.492143 0.040141
v -0.072645 -0.489732 0.057607
v -0.072091 -0.485996 0.074003
v -0.071704 -0.483391 0.082139
v -0.071220 -0.480125 0.090420
v -0.070616 -0.476058 0.098927
v -0.069872 -0.471039 0.107641
v -0.068964 -0.464920 0.116402
v -0.067872 -0.457557 0.124884
v -0.066575 -0.448815 0.132608
v -0.065055 -0.438567 0.139006
v -0.063667 -0.429208 0.142763
v -0.062117 -0.418759 0.144984
v -0.060399 -0.407177 0.145398
v -0.058508 -0.394426 0.143786
v -0.032643 -0.498030 0.020997
v -0.032540 -0.496463 0.040141
v -0.032380 -0.494030 0.057607
v -0.032133 -0.490262 0.074003
v -0.031961 -0.487634 0.082139
v -0.031745 -0.484340 0.090420
v -0.031476 -0.480236 0.098927
v -0.031145 -0.475173 0.107641
v -0.030740 -0.469001 0.116402
v -0.030253 -0.461573 0.124884
v -0.029675 -0.452754 0.132608
v -0.028998 -0.442417 0.139006
v -0.028379 -0.432975 0.142763
v -0.027688 -0.422435 0.144984
v -0.026922 -0.410751 0.145398
v 0.008166 -0.499032 0.020997
v 0.008140 -0.497462 0.040141
v 0.008101 -0.495024 0.057607
v 0.008039 -0.491248 0.074003
v 0.007996 -0.488614 0.082139
v 0.007942 -0.485314 0.090420
v 0.007874 -0.481202 0.098927
v 0.007791 -0.476129 0.107641
v 0.007690 -0.469944 0.116402
v 0.007568 -0.462502 0.124884
v 0.007424 -0.453665 0.132608
v 0.007254 -0.443307 0.139006
v 0.007099 -0.433846 0.142763
v 0.006927 -0.423284 0.144984
v 0.006735 -0.411577 0.145398
v 0.006524 -0.398688 0.143786
v 0.048920 -0.496696 0.020997
v 0.048766 -0.495133 0.040141
v 0.048527 -0.492706 0.057607
v 0.048157 -0.488948 0.074003
v 0.047899 -0.486327 0.082139
v 0.047575 -0.483042 0.090420
v 0.047172 -0.478949 0.098927
v 0.046675 -0.473900 0.107641
v 0.046069 -0.467744 0.116402
v 0.045339 -0.460336 0.124884
v 0.044473 -0.451541 0.132608
v 0.043457 -0.441231 0.139006
v 0.042530 -0.431815 0.142763
v 0.041495 -0.421302 0.144984
v 0.040347 -0.409650 0.145398
v 0.039084 -0.396822 0.143786
v 0.089347 -0.491037 0.020997
v 0.089066 -0.489491 0.040141
v 0.088630 -0.487093 0.057607
v 0.087953 -0.483377 0.074003
v 0.087482 -0.480786 0.082139
v 0.086891 -0.477538 0.090420
v 0.086155 -0.473492 0.098927
v 0.085247 -0.468501 0.107641
v 0.084139 -0.462415 0.116402
v 0.082807 -0.455091 0.124884
v 0.081225 -0.446396 0.132608
v 0.079370 -0.436204 0.139006
v 0.077676 -0.426895 0.142763
v 0.075785 -0.416502 0.144984
v 0.073689 -0.404982 0.145398
v 0.071381 -0.392300 0.143786
v 0.129176 -0.482093 0.020997
v 0.128770 -0.480576 0.040141
v 0.128139 -0.478221 0.057607
v 0.127161 -0.474573 0.074003
v 0.126480 -0.472029 0.082139
v 0.125625 -0.468840 0.090420
v 0.124561 -0.464868 0.098927
v 0.123248 -0.459967 0.107641
v 0.121647 -0.453992 0.116402
v 0.119720 -0.446802 0.124884
v 0.117433 -0.438265 0.132608
v 0.114752 -0.428259 0.139006
v 0.112303 -0.419119 0.142763
v 0.109569 -0.408916 0.144984
v 0.106538 -0.397606 0.145398
v 0.205982 -0.454611 0.020997
v 0.205334 -0.453181 0.040141
v 0.204327 -0.450960 0.057607
v 0.202769 -0.447520 0.074003
v 0.201682 -0.445121 0.082139
v 0.200319 -0.442114 0.090420
v 0.198622 -0.438368 0.098927
v 0.196528 -0.433747 0.107641
v 0.193975 -0.428112 0.116402
v 0.190903 -0.421332 0.124884
v 0.187256 -0.413282 0.132608
v 0.182980 -0.403846 0.139006
v 0.179075 -0.395227 0.142763
v 0.174716 -0.385606 0.144984
v 0.169883 -0.374941 0.145398
v 0.164563 -0.363199 0.143786
v 0.134332 -0.375433 0.143786
v 0.138675 -0.387570 0.145398
v 0.142619 -0.398594 0.144984
v 0.146178 -0.408540 0.142763
v 0.149365 -0.417449 0.139006
v 0.152856 -0.427203 0.132608
v 0.155833 -0.435524 0.124884
v 0.158341 -0.442532 0.116402
v 0.160425 -0.448357 0.107641
v 0.162134 -0.453134 0.098927
v 0.163519 -0.457005 0.090420
v 0.164631 -0.460114 0.082139
v 0.165519 -0.462594 0.074003
v 0.166791 -0.466149 0.057607
v 0.167612 -0.468445 0.040141
v 0.242444 -0.436258 0.020997
v 0.241681 -0.434885 0.040141
v 0.240497 -0.432754 0.057607
v 0.238662 -0.429453 0.074003
v 0.237383 -0.427150 0.082139
v 0.235779 -0.424265 0.090420
v 0.233782 -0.420670 0.098927
v 0.231317 -0.416236 0.107641
v 0.228312 -0.410829 0.116402
v 0.224696 -0.404322 0.124884
v 0.220403 -0.396597 0.132608
v 0.215371 -0.387542 0.139006
v 0.210775 -0.379271 0.142763
v 0.205644 -0.370038 0.144984
v 0.199956 -0.359803 0.145398
v 0.193694 -0.348536 0.143786
v 0.277285 -0.414986 0.020997
v 0.276412 -0.413680 0.040141
v 0.275057 -0.411653 0.057607
v 0.272959 -0.408513 0.074003
v 0.271496 -0.406322 0.082139
v 0.269662 -0.403578 0.090420
v 0.267377 -0.400159 0.098927
v 0.264559 -0.395940 0.107641
v 0.261122 -0.390797 0.116402
v 0.256987 -0.384608 0.124884
v 0.252077 -0.377259 0.132608
v 0.246321 -0.368645 0.139006
v 0.241064 -0.360778 0.142763
v 0.235196 -0.351995 0.144984
v 0.228690 -0.342259 0.145398
v 0.310270 -0.390938 0.020997
v 0.309294 -0.389707 0.040141
v 0.307778 -0.387798 0.057607
v 0.305430 -0.384840 0.074003
v 0.303793 -0.382776 0.082139
v 0.301741 -0.380191 0.090420
v 0.299184 -0.376970 0.098927
v 0.296030 -0.372996 0.107641
v 0.292185 -0.368150 0.116402
v 0.287558 -0.362320 0.124884
v 0.282063 -0.355397 0.132608
v 0.275623 -0.347283 0.139006
v 0.269741 -0.339871 0.142763
v 0.263174 -0.331597 0.144984
v 0.255895 -0.322426 0.145398
v 0.247882 -0.312329 0.143786
v 0.341180 -0.364274 0.020997
v 0.340107 -0.363128 0.040141
v 0.338440 -0.361349 0.057607
v 0.335858 -0.358592 0.074003
v 0.334058 -0.356670 0.082139
v 0.331801 -0.354260 0.090420
v 0.328990 -0.351259 0.098927
v 0.325522 -0.347556 0.107641
v 0.321293 -0.343041 0.116402
v 0.316205 -0.337609 0.124884
v 0.310163 -0.331158 0.132608
v 0.303082 -0.323597 0.139006
v 0.296613 -0.316691 0.142763
v 0.289393 -0.308981 0.144984
v 0.281388 -0.300435 0.145398
v 0.272577 -0.291027 0.143786
v 0.369808 -0.335174 0.020997
v 0.368644 -0.334120 0.040141
v 0.366838 -0.332482 0.057607
v 0.364040 -0.329946 0.074003
v 0.362088 -0.328177 0.082139
v 0.359642 -0.325960 0.090420
v 0.356595 -0.323199 0.098927
v 0.352836 -0.319792 0.107641
v 0.348252 -0.315637 0.116402
v 0.342737 -0.310639 0.124884
v 0.336189 -0.304704 0.132608
v 0.328513 -0.297746 0.139006
v 0.321502 -0.291392 0.142763
v 0.313675 -0.284298 0.144984
v 0.304999 -0.276435 0.145398
v 0.295448 -0.267779 0.143786
v 0.395962 -0.303832 0.020997
v 0.394716 -0.302876 0.040141
v 0.392782 -0.301392 0.057607
v 0.389786 -0.299093 0.074003
v 0.387696 -0.297489 0.082139
v 0.385077 -0.295480 0.090420
v 0.381814 -0.292977 0.098927
v 0.377789 -0.289888 0.107641
v 0.372882 -0.286122 0.116402
v 0.366976 -0.281591 0.124884
v 0.359965 -0.276211 0.132608
v 0.351746 -0.269904 0.139006
v 0.344239 -0.264144 0.142763
v 0.335859 -0.257714 0.144984
v 0.326570 -0.250586 0.145398
v 0.440166 -0.235274 0.020997
v 0.438781 -0.234533 0.040141
v 0.436631 -0.233384 0.057607
v 0.433300 -0.231604 0.074003
v 0.430977 -0.230362 0.082139
v 0.428066 -0.228806 0.090420
v 0.424439 -0.226868 0.098927
v 0.419965 -0.224476 0.107641
v 0.414509 -0.221560 0.116402
v 0.407945 -0.218051 0.124884
v 0.400150 -0.213885 0.132608
v 0.391014 -0.209001 0.139006
v 0.382669 -0.204541 0.142763
v 0.373353 -0.199562 0.144984
v 0.363027 -0.194042 0.145398
v 0.351659 -0.187966 0.143786
v 0.335122 -0.216075 0.143786
v 0.345955 -0.223060 0.145398
v 0.355796 -0.229405 0.144984
v 0.364674 -0.235129 0.142763
v 0.372626 -0.240256 0.139006
v 0.381333 -0.245870 0.132608
v 0.388761 -0.250659 0.124884
v 0.395017 -0.254693 0.116402
v 0.400216 -0.258045 0.107641
v 0.404480 -0.260794 0.098927
v 0.407936 -0.263023 0.090420
v 0.410710 -0.264812 0.082139
v 0.412924 -0.266239 0.074003
v 0.416098 -0.268285 0.057607
v 0.418147 -0.269607 0.040141
v 0.457921 -0.198516 0.020997
v 0.456480 -0.197891 0.040141
v 0.454243 -0.196921 0.057607
v 0.450778 -0.195419 0.074003
v 0.448361 -0.194372 0.082139
v 0.445332 -0.193059 0.090420
v 0.441559 -0.191423 0.098927
v 0.436904 -0.189405 0.107641
v 0.431229 -0.186945 0.116402
v 0.424400 -0.183984 0.124884
v 0.416291 -0.180469 0.132608
v 0.406786 -0.176348 0.139006
v 0.398105 -0.172585 0.142763
v 0.388413 -0.168383 0.144984
v 0.377670 -0.163726 0.145398
v 0.365843 -0.158599 0.143786
v 0.472612 -0.160430 0.020997
v 0.471125 -0.159925 0.040141
v 0.468816 -0.159142 0.057607
v 0.465240 -0.157928 0.074003
v 0.462746 -0.157081 0.082139
v 0.459620 -0.156020 0.090420
v 0.455726 -0.154698 0.098927
v 0.450921 -0.153067 0.107641
v 0.445064 -0.151079 0.116402
v 0.438015 -0.148686 0.124884
v 0.429647 -0.145845 0.132608
v 0.419837 -0.142515 0.139006
v 0.410877 -0.139474 0.142763
v 0.400874 -0.136078 0.144984
v 0.389787 -0.132315 0.145398
v 0.484142 -0.121271 0.020997
v 0.482618 -0.120890 0.040141
v 0.480253 -0.120297 0.057607
v 0.476590 -0.119380 0.074003
v 0.474035 -0.118740 0.082139
v 0.470833 -0.117937 0.090420
v 0.466844 -0.116938 0.098927
v 0.461922 -0.115705 0.107641
v 0.455922 -0.114202 0.116402
v 0.448701 -0.112394 0.124884
v 0.440128 -0.110246 0.132608
v 0.430079 -0.107729 0.139006
v 0.420900 -0.105430 0.142763
v 0.410654 -0.102863 0.144984
v 0.399296 -0.100018 0.145398
v 0.386792 -0.096886 0.143786
v 0.492433 -0.081301 0.020997
v 0.490883 -0.081045 0.040141
v 0.488478 -0.080648 0.057607
v 0.484752 -0.080033 0.074003
v 0.482153 -0.079604 0.082139
v 0.478896 -0.079066 0.090420
v 0.474838 -0.078396 0.098927
v 0.469833 -0.077570 0.107641
v 0.463729 -0.076562 0.116402
v 0.456385 -0.075350 0.124884
v 0.447665 -0.073910 0.132608
v 0.437444 -0.072222 0.139006
v 0.428108 -0.070681 0.142763
v 0.417687 -0.068960 0.144984
v 0.406134 -0.067053 0.145398
v 0.393416 -0.064953 0.143786
v 0.497430 -0.040787 0.020997
v 0.495864 -0.040659 0.040141
v 0.493434 -0.040459 0.057607
v 0.489671 -0.040151 0.074003
v 0.487045 -0.039935 0.082139
v 0.483755 -0.039666 0.090420
v 0.479657 -0.039330 0.098927
v 0.474600 -0.038915 0.107641
v 0.468435 -0.038409 0.116402
v 0.461016 -0.037801 0.124884
v 0.452208 -0.037079 0.132608
v 0.441883 -0.036232 0.139006
v 0.432453 -0.035459 0.142763
v 0.421925 -0.034596 0.144984
v 0.410255 -0.033639 0.145398
v 0.397408 -0.032586 0.143786
vt -49.780299 -4.682074 0.000000
vt 49.945045 -2.343613 0.000000
vt -50.000000 0.000000 0.000000
vt 49.945045 2.343613 0.000000
vt 49.506126 7.010244 0.000000
vt 49.506126 -7.010244 0.000000
vt -49.123127 -9.323003 0.000000
vt 48.632145 -11.615268 0.000000
vt -48.034259 -13.882000 0.000000
vt 47.330784 -16.118217 0.000000
vt -46.523265 -18.319002 0.000000
vt 45.613478 -20.479518 0.000000
vt -44.603422 -22.595016 0.000000
vt 43.495319 -24.660845 0.000000
vt -42.291603 -26.672464 0.000000
vt 40.994921 -28.625451 0.000000
vt -39.608124 -30.515513 0.000000
vt 38.134259 -32.338496 0.000000
vt -36.576567 -34.090391 0.000000
vt 34.938471 -35.767348 0.000000
vt -33.223574 -37.365681 0.000000
vt 31.435643 -38.881877 0.000000
vt -29.578611 -40.312601 0.000000
vt 27.656558 -41.654709 0.000000
vt -25.673710 -42.905252 0.000000
vt 23.634425 -44.061479 0.000000
vt -21.543187 -45.120850 0.000000
vt 19.404593 -46.081035 0.000000
vt -17.223343 -46.939924 0.000000
vt 15.004232 -47.695629 0.000000
vt -12.752138 -48.346489 0.000000
vt 10.472013 -48.891072 0.000000
vt -8.168868 -49.328183 0.000000
vt 5.847766 -49.656859 0.000000
vt -3.513809 -49.876379 0.000000
vt 1.172129 -49.986259 0.000000
vt 48.632145 11.615268 0.000000
vt 47.330784 16.118217 0.000000
vt 45.613478 20.479518 0.000000
vt 43.495319 24.660845 0.000000
vt 40.994921 28.625451 0.000000
vt 38.134259 32.338496 0.000000
vt 34.938471 35.767348 0.000000
vt 31.435643 38.881877 0.000000
vt 27.656558 41.654709 0.000000
vt 23.634425 44.061479 0.000000
vt 19.404593 46.081035 0.000000
vt 15.004232 47.695629 0.000000
vt 10.472013 48.891072 0.000000
vt 5.847766 49.656859 0.000000
vt 1.172129 49.986259 0.000000
vt -3.513809 49.876379 0.000000
vt -8.168868 49.328183 0.000000
vt -12.752138 48.346489 0.000000
vt -17.223343 46.939924 0.000000
vt -21.543187 45.120850 0.000000
vt -25.673710 42.905252 0.000000
vt -29.578611 40.312601 0.000000
vt -33.223574 37.365681 0.000000
vt -36.576567 34.090391 0.000000
vt -39.608124 30.515513 0.000000
vt -42.291603 26.672464 0.000000
vt -44.603422 22.595016 0.000000
vt -46.523265 18.319002 0.000000
vt -48.034259 13.882000 0.000000
vt -49.123127 9.323003 0.000000
vt -49.780299 4.682074 0.000000
vt 20.466631 2.083455 0.000000
vt -20.466631 2.083455 0.000000
vt 20.466631 -0.000000 0.000000
vt 20.466631 6.250364 0.000000
vt -20.466631 6.250364 0.000000
vt 20.466631 4.166909 0.000000
vt 20.466631 10.417273 0.000000
vt -20.466631 10.417273 0.000000
vt 20.466631 8.333819 0.000000
vt 20.466631 14.584183 0.000000
vt -20.466631 14.584183 0.000000
vt 20.466631 12.500728 0.000000
vt 20.466631 18.751092 0.000000
vt -20.466631 18.751092 0.000000
vt 20.466631 16.667637 0.000000
vt 20.466631 20.834547 0.000000
vt -20.466631 20.834547 0.000000
vt 20.466631 25.001456 0.000000
vt -20.466631 25.001456 0.000000
vt 20.466631 22.918001 0.000000
vt 20.466631 29.168365 0.000000
vt -20.466631 29.168365 0.000000
vt 20.466631 27.084911 0.000000
vt 20.466631 33.335274 0.000000
vt -20.466631 33.335274 0.000000
vt 20.466631 31.251820 0.000000
vt 20.466631 37.502184 0.000000
vt -20.466631 37.502184 0.000000
vt 20.466631 35.418729 0.000000
vt 20.466631 41.669093 0.000000
vt -20.466631 41.669093 0.000000
vt 20.466631 39.585638 0.000000
vt 20.466631 45.836002 0.000000
vt -20.466631 45.836002 0.000000
vt 20.466631 43.752548 0.000000
vt 20.466631 50.002912 0.000000
vt -20.466631 50.002912 0.000000
vt 20.466631 47.919457 0.000000
vt 20.466631 54.169821 0.000000
vt -20.466631 54.169821 0.000000
vt 20.466631 52.086366 0.000000
vt 20.466631 58.336730 0.000000
vt -20.466631 58.336730 0.000000
vt 20.466631 56.253276 0.000000
vt 20.466631 -58.336730 0.000000
vt -20.466631 -58.336730 0.000000
vt 20.466631 -60.420185 0.000000
vt 20.466631 -54.169821 0.000000
vt -20.466631 -54.169821 0.000000
vt 20.466631 -56.253276 0.000000
vt 20.466631 -50.002912 0.000000
vt -20.466631 -50.002912 0.000000
vt 20.466631 -52.086366 0.000000
vt 20.466631 -45.836002 0.000000
vt -20.466631 -45.836002 0.000000
vt 20.466631 -47.919457 0.000000
vt 20.466631 -41.669093 0.000000
vt -20.466631 -41.669093 0.000000
vt 20.466631 -43.752548 0.000000
vt 20.466631 -37.502184 0.000000
vt -20.466631 -37.502184 0.000000
vt 20.466631 -39.585638 0.000000
vt 20.466631 -33.335274 0.000000
vt -20.466631 -33.335274 0.000000
vt 20.466631 -35.418729 0.000000
vt 20.466631 -29.168365 0.000000
vt -20.466631 -29.168365 0.000000
vt 20.466631 -31.251820 0.000000
vt 20.466631 -25.001456 0.000000
vt -20.466631 -25.001456 0.000000
vt 20.466631 -27.084911 0.000000
vt 20.466631 -20.834547 0.000000
vt -20.466631 -20.834547 0.000000
vt 20.466631 -22.918001 0.000000
vt 20.466631 -18.751092 0.000000
vt -20.466631 -18.751092 0.000000
vt 20.466631 -14.584183 0.000000
vt -20.466631 -14.584183 0.000000
vt 20.466631 -16.667637 0.000000
vt 20.466631 -10.417273 0.000000
vt -20.466631 -10.417273 0.000000
vt 20.466631 -12.500728 0.000000
vt 20.466631 -6.250364 0.000000
vt -20.466631 -6.250364 0.000000
vt 20.466631 -8.333819 0.000000
vt 20.466631 -2.083455 0.000000
vt -20.466631 -2.083455 0.000000
vt 20.466631 -4.166909 0.000000
vt 20.466631 60.420185 0.000000
vt -20.466631 60.420185 0.000000
vt -20.466631 56.253276 0.000000
vt -20.466631 52.086366 0.000000
vt -20.466631 47.919457 0.000000
vt -20.466631 43.752548 0.000000
vt -20.466631 39.585638 0.000000
vt -20.466631 35.418729 0.000000
vt -20.466631 31.251820 0.000000
vt -20.466631 27.084911 0.000000
vt -20.466631 22.918001 0.000000
vt -20.466631 16.667637 0.000000
vt -20.466631 12.500728 0.000000
vt -20.466631 8.333819 0.000000
vt -20.466631 4.166909 0.000000
vt -20.466631 0.000000 0.000000
vt -20.466631 -4.166909 0.000000
vt -20.466631 -8.333819 0.000000
vt -20.466631 -12.500728 0.000000
vt -20.466631 -16.667637 0.000000
vt -20.466631 -22.918001 0.000000
vt -20.466631 -27.084911 0.000000
vt -20.466631 -31.251820 0.000000
vt -20.466631 -35.418729 0.000000
vt -20.466631 -39.585638 0.000000
vt -20.466631 -43.752548 0.000000
vt -20.466631 -47.919457 0.000000
vt -20.466631 -52.086366 0.000000
vt -20.466631 -56.253276 0.000000
vt -0.000000 0.000000 0.000000
vt 0.572566 0.000000 0.000000
vt -0.000000 5.258146 0.000000
vt 0.732884 3.573896 0.000000
vt 0.732884 7.147792 0.000000
vt 1.465768 3.573896 0.000000
vt 1.465768 7.147792 0.000000
vt 2.198652 3.573896 0.000000
vt 2.198652 7.147792 0.000000
vt 2.931536 3.573896 0.000000
vt 2.931536 7.147792 0.000000
vt 3.664420 3.573896 0.000000
vt 3.664420 7.147792 0.000000
vt 4.580525 3.573896 0.000000
vt 4.580525 7.147792 0.000000
vt 5.496630 3.573896 0.000000
vt 5.496630 7.147792 0.000000
vt 6.412735 3.573896 0.000000
vt 6.412735 7.147792 0.000000
vt 7.328840 3.573896 0.000000
vt 7.328840 7.147792 0.000000
vt 8.244945 3.573896 0.000000
vt 8.244945 7.147792 0.000000
vt 9.161050 3.573896 0.000000
vt 9.161050 7.147792 0.000000
vt 10.077155 3.573896 0.000000
vt 10.077155 7.147792 0.000000
vt 10.993260 3.573896 0.000000
vt 10.993260 7.147792 0.000000
vt 12.825470 3.573896 0.000000
vt 12.825470 7.147792 0.000000
vt 14.657680 3.573896 0.000000
vt 14.657680 7.147792 0.000000
vt 16.489890 3.573896 0.000000
vt 16.489890 7.147792 0.000000
vt 18.322100 4.551828 0.000000
vt 18.322100 9.103655 0.000000
vt 1.145131 0.000000 0.000000
vt 1.717697 0.000000 0.000000
vt 2.290263 0.000000 0.000000
vt 2.862828 0.000000 0.000000
vt 3.435394 0.000000 0.000000
vt 4.580525 0.000000 0.000000
vt 5.725656 0.000000 0.000000
vt 6.870788 0.000000 0.000000
vt 8.015919 0.000000 0.000000
vt 9.161050 0.000000 0.000000
vt 11.451313 0.000000 0.000000
vt 13.741575 0.000000 0.000000
vt 16.031838 0.000000 0.000000
vt 18.322100 0.000000 0.000000
vt 16.489890 10.721688 0.000000
vt 18.322100 13.655483 0.000000
vt 16.489890 14.295584 0.000000
vt 18.322100 18.207311 0.000000
vt 16.489890 17.869480 0.000000
vt 16.489890 21.443376 0.000000
vt 14.657680 21.443376 0.000000
vt 14.657680 25.017271 0.000000
vt 12.825470 25.017271 0.000000
vt 12.825470 28.591167 0.000000
vt 10.993260 28.591167 0.000000
vt 10.993260 32.165063 0.000000
vt 10.077155 32.165063 0.000000
vt 10.077155 35.738959 0.000000
vt 9.161050 35.738959 0.000000
vt 9.161050 39.312855 0.000000
vt 8.244945 39.312855 0.000000
vt 8.244945 42.886751 0.000000
vt 7.328840 42.886751 0.000000
vt 7.328840 46.460647 0.000000
vt 6.412735 46.460647 0.000000
vt 6.412735 50.046989 0.000000
vt 5.496630 50.045211 0.000000
vt 5.496630 53.608439 0.000000
vt 4.580525 53.608439 0.000000
vt 4.580525 57.182335 0.000000
vt 3.664420 57.182335 0.000000
vt 3.664420 60.756231 0.000000
vt 2.931536 60.756231 0.000000
vt 2.931536 64.330127 0.000000
vt 2.198652 64.330127 0.000000
vt 2.198652 67.904023 0.000000
vt 1.465768 67.904023 0.000000
vt 1.465768 71.477919 0.000000
vt 0.732884 71.477919 0.000000
vt 0.732884 75.051814 0.000000
vt -0.000000 73.614040 0.000000
vt 0.732884 78.625710 0.000000
vt -0.000000 78.872186 0.000000
vt 0.732884 82.199606 0.000000
vt -0.000000 84.130332 0.000000
vt 0.732884 85.773502 0.000000
vt 0.732884 89.347398 0.000000
vt 1.465768 85.773502 0.000000
vt 1.465768 89.347398 0.000000
vt 2.198652 85.773502 0.000000
vt 2.198652 89.347398 0.000000
vt 2.931536 85.773502 0.000000
vt 2.931536 89.347398 0.000000
vt 3.664420 85.773502 0.000000
vt 3.664420 89.347398 0.000000
vt 4.580525 85.773502 0.000000
vt 4.580525 89.347398 0.000000
vt 5.496630 85.773502 0.000000
vt 5.496630 89.347398 0.000000
vt 6.412735 85.773502 0.000000
vt 6.412735 89.347398 0.000000
vt 7.328840 85.773502 0.000000
vt 7.328840 89.347398 0.000000
vt 8.244945 85.773502 0.000000
vt 8.244945 89.347398 0.000000
vt 9.161050 85.773502 0.000000
vt 9.161050 89.347398 0.000000
vt 10.077155 85.773502 0.000000
vt 10.077155 89.347398 0.000000
vt 10.993260 85.773502 0.000000
vt 10.993260 89.347398 0.000000
vt 12.825470 85.773502 0.000000
vt 12.825470 89.347398 0.000000
vt 14.657680 85.773502 0.000000
vt 14.657680 89.347398 0.000000
vt 16.489890 85.773502 0.000000
vt 16.489890 89.347398 0.000000
vt 18.322100 86.484725 0.000000
vt 18.322100 91.036553 0.000000
vt 18.322100 22.759138 0.000000
vt 16.489890 25.017271 0.000000
vt 14.657680 28.591167 0.000000
vt 12.825470 32.165063 0.000000
vt 10.993260 35.738959 0.000000
vt 10.077155 39.312855 0.000000
vt 9.161050 42.886751 0.000000
vt 8.244945 46.460647 0.000000
vt 7.328840 50.048767 0.000000
vt 6.412735 53.608439 0.000000
vt 5.496630 57.182335 0.000000
vt 4.580525 60.756231 0.000000
vt 3.664420 64.330127 0.000000
vt 2.931536 67.904023 0.000000
vt 2.198652 71.477919 0.000000
vt 1.465768 75.051814 0.000000
vt 18.322100 27.310966 0.000000
vt 16.489890 28.591167 0.000000
vt 14.657680 32.165063 0.000000
vt 12.825470 35.738959 0.000000
vt 10.993260 39.312855 0.000000
vt 10.077155 42.886751 0.000000
vt 9.161050 46.460647 0.000000
vt 8.244945 50.050545 0.000000
vt 7.328840 53.608439 0.000000
vt 6.412735 57.182335 0.000000
vt 5.496630 60.756231 0.000000
vt 4.580525 64.330127 0.000000
vt 3.664420 67.904023 0.000000
vt 2.931536 71.477919 0.000000
vt 2.198652 75.051814 0.000000
vt 1.465768 78.625710 0.000000
vt 18.322100 31.862794 0.000000
vt 16.489890 32.165063 0.000000
vt 14.657680 35.738959 0.000000
vt 12.825470 39.312855 0.000000
vt 10.993260 42.886751 0.000000
vt 10.077155 46.460647 0.000000
vt 9.161050 50.052324 0.000000
vt 8.244945 53.608439 0.000000
vt 7.328840 57.182335 0.000000
vt 6.412735 60.756231 0.000000
vt 5.496630 64.330127 0.000000
vt 4.580525 67.904023 0.000000
vt 3.664420 71.477919 0.000000
vt 2.931536 75.051814 0.000000
vt 2.198652 78.625710 0.000000
vt 1.465768 82.199606 0.000000
vt 16.489890 35.738959 0.000000
vt 18.322100 36.414621 0.000000
vt 16.489890 39.312855 0.000000
vt 18.322100 40.966449 0.000000
vt 16.489890 42.886751 0.000000
vt 18.322100 45.518276 0.000000
vt 16.489890 46.460647 0.000000
vt 18.322100 50.070104 0.000000
vt 16.489890 50.066548 0.000000
vt 16.489890 53.608439 0.000000
vt 14.657680 53.608439 0.000000
vt 14.657680 57.182335 0.000000
vt 12.825470 57.182335 0.000000
vt 12.825470 60.756231 0.000000
vt 10.993260 60.756231 0.000000
vt 10.993260 64.330127 0.000000
vt 10.077155 64.330127 0.000000
vt 10.077155 67.904023 0.000000
vt 9.161050 67.904023 0.000000
vt 9.161050 71.477919 0.000000
vt 8.244945 71.477919 0.000000
vt 8.244945 75.051814 0.000000
vt 7.328840 75.051814 0.000000
vt 7.328840 78.625710 0.000000
vt 6.412735 78.625710 0.000000
vt 6.412735 82.199606 0.000000
vt 5.496630 82.199606 0.000000
vt 18.322100 54.621932 0.000000
vt 16.489890 57.182335 0.000000
vt 14.657680 60.756231 0.000000
vt 12.825470 64.330127 0.000000
vt 10.993260 67.904023 0.000000
vt 10.077155 71.477919 0.000000
vt 9.161050 75.051814 0.000000
vt 8.244945 78.625710 0.000000
vt 7.328840 82.199606 0.000000
vt 18.322100 59.173759 0.000000
vt 16.489890 60.756231 0.000000
vt 14.657680 64.330127 0.000000
vt 12.825470 67.904023 0.000000
vt 10.993260 71.477919 0.000000
vt 10.077155 75.051814 0.000000
vt 9.161050 78.625710 0.000000
vt 8.244945 82.199606 0.000000
vt 18.322100 63.725587 0.000000
vt 16.489890 64.330127 0.000000
vt 14.657680 67.904023 0.000000
vt 12.825470 71.477919 0.000000
vt 10.993260 75.051814 0.000000
vt 10.077155 78.625710 0.000000
vt 9.161050 82.199606 0.000000
vt 18.322100 68.277415 0.000000
vt 16.489890 67.904023 0.000000
vt 14.657680 71.477919 0.000000
vt 12.825470 75.051814 0.000000
vt 10.993260 78.625710 0.000000
vt 10.077155 82.199606 0.000000
vt 16.489890 71.477919 0.000000
vt 18.322100 72.829242 0.000000
vt 16.489890 75.051814 0.000000
vt 18.322100 77.381070 0.000000
vt 16.489890 78.625710 0.000000
vt 18.322100 81.932898 0.000000
vt 16.489890 82.199606 0.000000
vt 16.489890 92.921294 0.000000
vt 18.322100 95.588381 0.000000
vt 16.489890 96.495190 0.000000
vt 18.322100 100.140208 0.000000
vt 16.489890 100.069086 0.000000
vt 16.489890 103.642982 0.000000
vt 14.657680 103.642982 0.000000
vt 14.657680 107.216878 0.000000
vt 12.825470 107.216878 0.000000
vt 12.825470 110.790774 0.000000
vt 10.993260 110.790774 0.000000
vt 10.993260 114.364670 0.000000
vt 10.077155 114.364670 0.000000
vt 10.077155 118.342185 0.000000
vt 9.161050 118.341592 0.000000
vt 9.161050 122.306661 0.000000
vt 8.244945 122.306661 0.000000
vt 8.244945 126.277656 0.000000
vt 7.328840 126.277656 0.000000
vt 7.328840 130.248652 0.000000
vt 6.412735 130.248652 0.000000
vt 6.412735 134.219647 0.000000
vt 5.496630 134.219647 0.000000
vt 5.496630 138.190642 0.000000
vt 4.580525 138.190642 0.000000
vt 4.580525 142.161638 0.000000
vt 3.664420 142.161638 0.000000
vt 3.664420 146.132633 0.000000
vt 2.931536 146.132633 0.000000
vt 2.931536 150.103629 0.000000
vt 2.198652 150.103629 0.000000
vt 2.198652 154.074624 0.000000
vt 1.465768 154.074624 0.000000
vt 1.465768 158.045620 0.000000
vt 0.732884 158.045620 0.000000
vt 0.732884 162.016615 0.000000
vt -0.000000 157.744372 0.000000
vt -0.000000 163.002518 0.000000
vt 0.732884 165.987611 0.000000
vt -0.000000 168.260663 0.000000
vt 0.732884 169.958606 0.000000
vt -0.000000 173.518809 0.000000
vt 0.732884 173.929602 0.000000
vt 0.732884 177.900597 0.000000
vt 1.465768 173.929602 0.000000
vt 1.465768 177.900597 0.000000
vt 2.198652 173.929602 0.000000
vt 2.198652 177.900597 0.000000
vt 2.931536 173.929602 0.000000
vt 2.931536 177.900597 0.000000
vt 3.664420 173.929602 0.000000
vt 3.664420 177.900597 0.000000
vt 4.580525 173.929602 0.000000
vt 4.580525 177.900597 0.000000
vt 5.496630 173.929602 0.000000
vt 5.496630 177.900597 0.000000
vt 6.412735 173.929602 0.000000
vt 6.412735 177.900597 0.000000
vt 7.328840 173.929602 0.000000
vt 7.328840 177.900597 0.000000
vt 8.244945 173.929602 0.000000
vt 8.244945 177.900597 0.000000
vt 9.161050 173.929602 0.000000
vt 9.161050 177.900597 0.000000
vt 10.077155 173.929602 0.000000
vt 10.077155 177.900597 0.000000
vt 10.993260 173.929602 0.000000
vt 10.993260 177.900597 0.000000
vt 12.825470 173.929602 0.000000
vt 12.825470 177.900597 0.000000
vt 14.657680 173.929602 0.000000
vt 14.657680 177.900597 0.000000
vt 16.489890 173.929602 0.000000
vt 16.489890 177.900597 0.000000
vt 18.322100 177.521278 0.000000
vt 18.322100 182.073106 0.000000
vt 18.322100 104.692036 0.000000
vt 16.489890 107.216878 0.000000
vt 14.657680 110.790774 0.000000
vt 12.825470 114.364670 0.000000
vt 10.993260 118.342777 0.000000
vt 10.077155 122.306661 0.000000
vt 9.161050 126.277656 0.000000
vt 8.244945 130.248652 0.000000
vt 7.328840 134.219647 0.000000
vt 6.412735 138.190642 0.000000
vt 5.496630 142.161638 0.000000
vt 4.580525 146.132633 0.000000
vt 3.664420 150.103629 0.000000
vt 2.931536 154.074624 0.000000
vt 2.198652 158.045620 0.000000
vt 1.465768 162.016615 0.000000
vt 18.322100 109.243864 0.000000
vt 16.489890 110.790774 0.000000
vt 14.657680 114.364670 0.000000
vt 12.825470 118.343963 0.000000
vt 10.993260 122.306661 0.000000
vt 10.077155 126.277656 0.000000
vt 9.161050 130.248652 0.000000
vt 8.244945 134.219647 0.000000
vt 7.328840 138.190642 0.000000
vt 6.412735 142.161638 0.000000
vt 5.496630 146.132633 0.000000
vt 4.580525 150.103629 0.000000
vt 3.664420 154.074624 0.000000
vt 2.931536 158.045620 0.000000
vt 2.198652 162.016615 0.000000
vt 1.465768 165.987611 0.000000
vt 18.322100 113.795691 0.000000
vt 16.489890 114.364670 0.000000
vt 14.657680 118.345148 0.000000
vt 12.825470 122.306661 0.000000
vt 10.993260 126.277656 0.000000
vt 10.077155 130.248652 0.000000
vt 9.161050 134.219647 0.000000
vt 8.244945 138.190642 0.000000
vt 7.328840 142.161638 0.000000
vt 6.412735 146.132633 0.000000
vt 5.496630 150.103629 0.000000
vt 4.580525 154.074624 0.000000
vt 3.664420 158.045620 0.000000
vt 2.931536 162.016615 0.000000
vt 2.198652 165.987611 0.000000
vt 1.465768 169.958606 0.000000
vt 18.322100 118.347519 0.000000
vt 16.489890 118.346333 0.000000
vt 14.657680 122.306661 0.000000
vt 12.825470 126.277656 0.000000
vt 10.993260 130.248652 0.000000
vt 10.077155 134.219647 0.000000
vt 9.161050 138.190642 0.000000
vt 8.244945 142.161638 0.000000
vt 7.328840 146.132633 0.000000
vt 6.412735 150.103629 0.000000
vt 5.496630 154.074624 0.000000
vt 4.580525 158.045620 0.000000
vt 3.664420 162.016615 0.000000
vt 2.931536 165.987611 0.000000
vt 2.198652 169.958606 0.000000
vt 16.489890 122.306661 0.000000
vt 18.322100 122.899346 0.000000
vt 16.489890 126.277656 0.000000
vt 18.322100 127.451174 0.000000
vt 16.489890 130.248652 0.000000
vt 18.322100 132.003002 0.000000
vt 16.489890 134.219647 0.000000
vt 18.322100 136.554829 0.000000
vt 16.489890 138.190642 0.000000
vt 18.322100 141.106657 0.000000
vt 16.489890 142.161638 0.000000
vt 18.322100 145.658485 0.000000
vt 16.489890 146.132633 0.000000
vt 18.322100 150.210312 0.000000
vt 16.489890 150.103629 0.000000
vt 16.489890 154.074624 0.000000
vt 14.657680 154.074624 0.000000
vt 14.657680 158.045620 0.000000
vt 12.825470 158.045620 0.000000
vt 12.825470 162.016615 0.000000
vt 10.993260 162.016615 0.000000
vt 10.993260 165.987611 0.000000
vt 10.077155 165.987611 0.000000
vt 10.077155 169.958606 0.000000
vt 9.161050 169.958606 0.000000
vt 18.322100 154.762140 0.000000
vt 16.489890 158.045620 0.000000
vt 14.657680 162.016615 0.000000
vt 12.825470 165.987611 0.000000
vt 10.993260 169.958606 0.000000
vt 18.322100 159.313968 0.000000
vt 16.489890 162.016615 0.000000
vt 14.657680 165.987611 0.000000
vt 12.825470 169.958606 0.000000
vt 18.322100 163.865795 0.000000
vt 16.489890 165.987611 0.000000
vt 14.657680 169.958606 0.000000
vt 18.322100 168.417623 0.000000
vt 16.489890 169.958606 0.000000
vt 18.322100 172.969451 0.000000
vt 18.322100 186.624934 0.000000
vt 16.489890 185.842588 0.000000
vt 16.489890 181.871593 0.000000
vt 14.657680 181.871593 0.000000
vt 12.825470 181.871593 0.000000
vt 10.993260 181.871593 0.000000
vt 10.077155 181.871593 0.000000
vt 9.161050 181.871593 0.000000
vt 8.244945 181.871593 0.000000
vt 7.328840 181.871593 0.000000
vt 6.412735 181.871593 0.000000
vt 5.496630 181.871593 0.000000
vt 4.580525 181.871593 0.000000
vt 3.664420 181.871593 0.000000
vt 2.931536 181.871593 0.000000
vt 2.198652 181.871593 0.000000
vt 1.465768 181.871593 0.000000
vt 0.732884 181.871593 0.000000
vt -0.000000 178.776955 0.000000
vt 16.489890 189.813584 0.000000
vt 18.322100 191.176761 0.000000
vt 16.489890 193.784579 0.000000
vt 18.322100 195.728589 0.000000
vt 16.489890 197.755575 0.000000
vt 18.322100 200.280416 0.000000
vt 16.489890 201.726570 0.000000
vt 18.322100 204.832244 0.000000
vt 16.489890 205.697566 0.000000
vt 18.322100 209.384072 0.000000
vt 16.489890 209.668561 0.000000
vt 16.489890 213.639556 0.000000
vt 14.657680 213.639556 0.000000
vt 14.657680 217.610552 0.000000
vt 12.825470 217.610552 0.000000
vt 12.825470 221.581547 0.000000
vt 10.993260 221.581547 0.000000
vt 10.993260 225.552543 0.000000
vt 10.077155 225.552543 0.000000
vt 10.077155 229.523538 0.000000
vt 9.161050 229.523538 0.000000
vt 9.161050 233.494534 0.000000
vt 8.244945 233.494534 0.000000
vt 8.244945 237.465529 0.000000
vt 7.328840 237.465529 0.000000
vt 7.328840 241.436525 0.000000
vt 6.412735 241.436525 0.000000
vt 6.412735 245.407520 0.000000
vt 5.496630 245.407520 0.000000
vt 5.496630 249.378516 0.000000
vt 4.580525 249.378516 0.000000
vt 4.580525 253.349511 0.000000
vt 3.664420 253.349511 0.000000
vt 3.664420 257.320507 0.000000
vt 2.931536 257.320507 0.000000
vt 2.931536 261.291502 0.000000
vt 2.198652 261.291502 0.000000
vt 2.198652 265.262498 0.000000
vt 1.465768 265.262498 0.000000
vt 1.465768 269.233493 0.000000
vt 0.732884 269.233493 0.000000
vt 0.732884 273.204489 0.000000
vt -0.000000 268.165432 0.000000
vt -0.000000 273.423578 0.000000
vt 0.732884 277.175484 0.000000
vt -0.000000 278.681724 0.000000
vt 0.732884 281.146480 0.000000
vt -0.000000 283.939869 0.000000
vt 0.732884 285.117475 0.000000
vt 0.732884 289.088470 0.000000
vt 1.465768 285.117475 0.000000
vt 1.465768 289.088470 0.000000
vt 2.198652 285.117475 0.000000
vt 2.198652 289.088470 0.000000
vt 2.931536 285.117475 0.000000
vt 2.931536 289.088470 0.000000
vt 3.664420 285.117475 0.000000
vt 3.664420 289.088470 0.000000
vt 4.580525 285.117475 0.000000
vt 4.580525 289.088470 0.000000
vt 5.496630 285.117475 0.000000
vt 5.496630 289.088470 0.000000
vt 6.412735 285.117475 0.000000
vt 6.412735 289.088470 0.000000
vt 7.328840 285.117475 0.000000
vt 7.328840 289.088470 0.000000
vt 8.244945 285.117475 0.000000
vt 8.244945 289.088470 0.000000
vt 9.161050 285.117475 0.000000
vt 9.161050 289.088470 0.000000
vt 10.077155 285.117475 0.000000
vt 10.077155 289.088470 0.000000
vt 10.993260 285.117475 0.000000
vt 10.993260 289.088470 0.000000
vt 12.825470 285.117475 0.000000
vt 12.825470 289.088470 0.000000
vt 14.657680 285.117475 0.000000
vt 14.657680 289.088470 0.000000
vt 16.489890 285.117475 0.000000
vt 16.489890 289.088470 0.000000
vt 18.322100 286.765142 0.000000
vt 18.322100 291.316969 0.000000
vt 18.322100 213.935899 0.000000
vt 16.489890 217.610552 0.000000
vt 14.657680 221.581547 0.000000
vt 12.825470 225.552543 0.000000
vt 10.993260 229.523538 0.000000
vt 10.077155 233.494534 0.000000
vt 9.161050 237.465529 0.000000
vt 8.244945 241.436525 0.000000
vt 7.328840 245.407520 0.000000
vt 6.412735 249.378516 0.000000
vt 5.496630 253.349511 0.000000
vt 4.580525 257.320507 0.000000
vt 3.664420 261.291502 0.000000
vt 2.931536 265.262498 0.000000
vt 2.198652 269.233493 0.000000
vt 1.465768 273.204489 0.000000
vt 18.322100 218.487727 0.000000
vt 16.489890 221.581547 0.000000
vt 14.657680 225.552543 0.000000
vt 12.825470 229.523538 0.000000
vt 10.993260 233.494534 0.000000
vt 10.077155 237.465529 0.000000
vt 9.161050 241.436525 0.000000
vt 8.244945 245.407520 0.000000
vt 7.328840 249.378516 0.000000
vt 6.412735 253.349511 0.000000
vt 5.496630 257.320507 0.000000
vt 4.580525 261.291502 0.000000
vt 3.664420 265.262498 0.000000
vt 2.931536 269.233493 0.000000
vt 2.198652 273.204489 0.000000
vt 1.465768 277.175484 0.000000
vt 18.322100 223.039555 0.000000
vt 16.489890 225.552543 0.000000
vt 14.657680 229.523538 0.000000
vt 12.825470 233.494534 0.000000
vt 10.993260 237.465529 0.000000
vt 10.077155 241.436525 0.000000
vt 9.161050 245.407520 0.000000
vt 8.244945 249.378516 0.000000
vt 7.328840 253.349511 0.000000
vt 6.412735 257.320507 0.000000
vt 5.496630 261.291502 0.000000
vt 4.580525 265.262498 0.000000
vt 3.664420 269.233493 0.000000
vt 2.931536 273.204489 0.000000
vt 2.198652 277.175484 0.000000
vt 1.465768 281.146480 0.000000
vt 18.322100 227.591382 0.000000
vt 16.489890 229.523538 0.000000
vt 14.657680 233.494534 0.000000
vt 12.825470 237.465529 0.000000
vt 10.993260 241.436525 0.000000
vt 10.077155 245.407520 0.000000
vt 9.161050 249.378516 0.000000
vt 8.244945 253.349511 0.000000
vt 7.328840 257.320507 0.000000
vt 6.412735 261.291502 0.000000
vt 5.496630 265.262498 0.000000
vt 4.580525 269.233493 0.000000
vt 3.664420 273.204489 0.000000
vt 2.931536 277.175484 0.000000
vt 2.198652 281.146480 0.000000
vt 18.322100 232.143210 0.000000
vt 16.489890 233.494534 0.000000
vt 14.657680 237.465529 0.000000
vt 12.825470 241.436525 0.000000
vt 10.993260 245.407520 0.000000
vt 10.077155 249.378516 0.000000
vt 9.161050 253.349511 0.000000
vt 8.244945 257.320507 0.000000
vt 7.328840 261.291502 0.000000
vt 6.412735 265.262498 0.000000
vt 5.496630 269.233493 0.000000
vt 4.580525 273.204489 0.000000
vt 3.664420 277.175484 0.000000
vt 2.931536 281.146480 0.000000
vt 18.322100 236.695038 0.000000
vt 16.489890 237.465529 0.000000
vt 14.657680 241.436525 0.000000
vt 12.825470 245.407520 0.000000
vt 10.993260 249.378516 0.000000
vt 10.077155 253.349511 0.000000
vt 9.161050 257.320507 0.000000
vt 8.244945 261.291502 0.000000
vt 7.328840 265.262498 0.000000
vt 6.412735 269.233493 0.000000
vt 5.496630 273.204489 0.000000
vt 4.580525 277.175484 0.000000
vt 3.664420 281.146480 0.000000
vt 18.322100 241.246865 0.000000
vt 16.489890 241.436525 0.000000
vt 14.657680 245.407520 0.000000
vt 12.825470 249.378516 0.000000
vt 10.993260 253.349511 0.000000
vt 10.077155 257.320507 0.000000
vt 9.161050 261.291502 0.000000
vt 8.244945 265.262498 0.000000
vt 7.328840 269.233493 0.000000
vt 6.412735 273.204489 0.000000
vt 5.496630 277.175484 0.000000
vt 4.580525 281.146480 0.000000
vt 16.489890 245.407520 0.000000
vt 18.322100 245.798693 0.000000
vt 16.489890 249.378516 0.000000
vt 18.322100 250.350521 0.000000
vt 16.489890 253.349511 0.000000
vt 18.322100 254.902348 0.000000
vt 16.489890 257.320507 0.000000
vt 18.322100 259.454176 0.000000
vt 16.489890 261.291502 0.000000
vt 18.322100 264.006004 0.000000
vt 16.489890 265.262498 0.000000
vt 18.322100 268.557831 0.000000
vt 16.489890 269.233493 0.000000
vt 18.322100 273.109659 0.000000
vt 16.489890 273.204489 0.000000
vt 16.489890 277.175484 0.000000
vt 14.657680 277.175484 0.000000
vt 14.657680 281.146480 0.000000
vt 12.825470 281.146480 0.000000
vt 18.322100 277.661486 0.000000
vt 16.489890 281.146480 0.000000
vt 18.322100 282.213314 0.000000
vt 16.489890 293.059466 0.000000
vt 18.322100 295.868797 0.000000
vt 16.489890 297.030461 0.000000
vt 18.322100 300.420625 0.000000
vt 16.489890 301.001457 0.000000
vt 18.322100 304.972452 0.000000
vt 16.031838 304.972452 0.000000
vt 14.657680 301.001457 0.000000
vt 13.741575 304.972452 0.000000
vt 12.825470 301.001457 0.000000
vt 11.451313 304.972452 0.000000
vt 10.993260 301.001457 0.000000
vt 10.077155 301.001457 0.000000
vt 10.993260 297.030461 0.000000
vt 10.077155 297.030461 0.000000
vt 10.993260 293.059466 0.000000
vt 10.077155 293.059466 0.000000
vt 9.161050 304.972452 0.000000
vt 9.161050 301.001457 0.000000
vt 9.161050 297.030461 0.000000
vt 9.161050 293.059466 0.000000
vt 8.244945 301.001457 0.000000
vt 8.015919 304.972452 0.000000
vt 7.328840 301.001457 0.000000
vt 6.870788 304.972452 0.000000
vt 6.412735 301.001457 0.000000
vt 5.725656 304.972452 0.000000
vt 5.496630 301.001457 0.000000
vt 4.580525 304.972452 0.000000
vt 4.580525 301.001457 0.000000
vt 3.664420 301.001457 0.000000
vt 4.580525 297.030461 0.000000
vt 3.664420 297.030461 0.000000
vt 4.580525 293.059466 0.000000
vt 3.664420 293.059466 0.000000
vt 3.435394 304.972452 0.000000
vt 2.931536 301.001457 0.000000
vt 2.931536 297.030461 0.000000
vt 2.931536 293.059466 0.000000
vt 2.862828 304.972452 0.000000
vt 2.290263 304.972452 0.000000
vt 2.198652 301.001457 0.000000
vt 1.717697 304.972452 0.000000
vt 1.465768 301.001457 0.000000
vt 1.145131 304.972452 0.000000
vt 0.732884 301.001457 0.000000
vt 0.572566 304.972452 0.000000
vt -0.000000 304.972452 0.000000
vt -0.000000 299.714307 0.000000
vt 0.732884 297.030461 0.000000
vt 1.465768 297.030461 0.000000
vt 1.465768 293.059466 0.000000
vt 2.198652 293.059466 0.000000
vt -0.000000 294.456161 0.000000
vt 0.732884 293.059466 0.000000
vt -0.000000 289.198015 0.000000
vt 0.732884 265.262498 0.000000
vt -0.000000 262.907287 0.000000
vt 0.732884 261.291502 0.000000
vt -0.000000 257.649141 0.000000
vt 0.732884 257.320507 0.000000
vt -0.000000 252.390995 0.000000
vt 0.732884 253.349511 0.000000
vt 0.732884 249.378516 0.000000
vt 1.465768 249.378516 0.000000
vt 1.465768 245.407520 0.000000
vt 2.198652 245.407520 0.000000
vt 2.198652 241.436525 0.000000
vt 2.931536 241.436525 0.000000
vt 2.931536 237.465529 0.000000
vt 3.664420 237.465529 0.000000
vt 3.664420 233.494534 0.000000
vt 4.580525 233.494534 0.000000
vt 4.580525 229.523538 0.000000
vt 5.496630 229.523538 0.000000
vt 5.496630 225.552543 0.000000
vt 6.412735 225.552543 0.000000
vt 6.412735 221.581547 0.000000
vt 7.328840 221.581547 0.000000
vt 7.328840 217.610552 0.000000
vt 8.244945 217.610552 0.000000
vt 8.244945 213.639556 0.000000
vt 9.161050 213.639556 0.000000
vt 9.161050 209.668561 0.000000
vt 10.077155 209.668561 0.000000
vt 10.077155 205.697566 0.000000
vt 10.993260 205.697566 0.000000
vt 10.993260 201.726570 0.000000
vt 12.825470 201.726570 0.000000
vt 12.825470 197.755575 0.000000
vt 14.657680 197.755575 0.000000
vt 14.657680 193.784579 0.000000
vt -0.000000 247.132849 0.000000
vt 0.732884 245.407520 0.000000
vt 1.465768 241.436525 0.000000
vt 2.198652 237.465529 0.000000
vt 2.931536 233.494534 0.000000
vt 3.664420 229.523538 0.000000
vt 4.580525 225.552543 0.000000
vt 5.496630 221.581547 0.000000
vt 6.412735 217.610552 0.000000
vt 7.328840 213.639556 0.000000
vt 8.244945 209.668561 0.000000
vt 9.161050 205.697566 0.000000
vt 10.077155 201.726570 0.000000
vt 10.993260 197.755575 0.000000
vt 12.825470 193.784579 0.000000
vt 14.657680 189.813584 0.000000
vt -0.000000 241.874704 0.000000
vt 0.732884 241.436525 0.000000
vt 1.465768 237.465529 0.000000
vt 2.198652 233.494534 0.000000
vt 2.931536 229.523538 0.000000
vt 3.664420 225.552543 0.000000
vt 4.580525 221.581547 0.000000
vt 5.496630 217.610552 0.000000
vt 6.412735 213.639556 0.000000
vt 7.328840 209.668561 0.000000
vt 8.244945 205.697566 0.000000
vt 9.161050 201.726570 0.000000
vt 10.077155 197.755575 0.000000
vt 10.993260 193.784579 0.000000
vt 12.825470 189.813584 0.000000
vt 14.657680 185.842588 0.000000
vt -0.000000 236.616558 0.000000
vt 0.732884 237.465529 0.000000
vt 1.465768 233.494534 0.000000
vt 2.198652 229.523538 0.000000
vt 2.931536 225.552543 0.000000
vt 3.664420 221.581547 0.000000
vt 4.580525 217.610552 0.000000
vt 5.496630 213.639556 0.000000
vt 6.412735 209.668561 0.000000
vt 7.328840 205.697566 0.000000
vt 8.244945 201.726570 0.000000
vt 9.161050 197.755575 0.000000
vt 10.077155 193.784579 0.000000
vt 10.993260 189.813584 0.000000
vt 12.825470 185.842588 0.000000
vt 0.732884 233.494534 0.000000
vt -0.000000 231.358412 0.000000
vt 0.732884 229.523538 0.000000
vt -0.000000 226.100266 0.000000
vt 0.732884 225.552543 0.000000
vt -0.000000 220.842121 0.000000
vt 0.732884 221.581547 0.000000
vt 0.732884 217.610552 0.000000
vt 1.465768 217.610552 0.000000
vt 1.465768 213.639556 0.000000
vt 2.198652 213.639556 0.000000
vt 2.198652 209.668561 0.000000
vt 2.931536 209.668561 0.000000
vt 2.931536 205.697566 0.000000
vt 3.664420 205.697566 0.000000
vt 3.664420 201.726570 0.000000
vt 4.580525 201.726570 0.000000
vt 4.580525 197.755575 0.000000
vt 5.496630 197.755575 0.000000
vt 5.496630 193.784579 0.000000
vt 6.412735 193.784579 0.000000
vt 6.412735 189.813584 0.000000
vt 7.328840 189.813584 0.000000
vt 7.328840 185.842588 0.000000
vt 8.244945 185.842588 0.000000
vt -0.000000 215.583975 0.000000
vt 0.732884 213.639556 0.000000
vt 1.465768 209.668561 0.000000
vt 2.198652 205.697566 0.000000
vt 2.931536 201.726570 0.000000
vt 3.664420 197.755575 0.000000
vt 4.580525 193.784579 0.000000
vt 5.496630 189.813584 0.000000
vt 6.412735 185.842588 0.000000
vt -0.000000 210.325829 0.000000
vt 0.732884 209.668561 0.000000
vt 1.465768 205.697566 0.000000
vt 2.198652 201.726570 0.000000
vt 2.931536 197.755575 0.000000
vt 3.664420 193.784579 0.000000
vt 4.580525 189.813584 0.000000
vt 5.496630 185.842588 0.000000
vt -0.000000 205.067683 0.000000
vt 0.732884 205.697566 0.000000
vt 1.465768 201.726570 0.000000
vt 2.198652 197.755575 0.000000
vt 2.931536 193.784579 0.000000
vt 3.664420 189.813584 0.000000
vt 4.580525 185.842588 0.000000
vt 0.732884 201.726570 0.000000
vt -0.000000 199.809538 0.000000
vt 0.732884 197.755575 0.000000
vt -0.000000 194.551392 0.000000
vt 0.732884 193.784579 0.000000
vt -0.000000 189.293246 0.000000
vt 0.732884 189.813584 0.000000
vt 0.732884 185.842588 0.000000
vt 1.465768 185.842588 0.000000
vt -0.000000 184.035101 0.000000
vt 0.732884 154.074624 0.000000
vt -0.000000 152.486226 0.000000
vt 0.732884 150.103629 0.000000
vt -0.000000 147.228080 0.000000
vt 0.732884 146.132633 0.000000
vt -0.000000 141.969935 0.000000
vt 0.732884 142.161638 0.000000
vt 0.732884 138.190642 0.000000
vt 1.465768 138.190642 0.000000
vt 1.465768 134.219647 0.000000
vt 2.198652 134.219647 0.000000
vt 2.198652 130.248652 0.000000
vt 2.931536 130.248652 0.000000
vt 2.931536 126.277656 0.000000
vt 3.664420 126.277656 0.000000
vt 3.664420 122.306661 0.000000
vt 4.580525 122.306661 0.000000
vt 4.580525 118.338629 0.000000
vt 5.496630 118.339221 0.000000
vt 5.496630 114.364670 0.000000
vt 6.412735 114.364670 0.000000
vt 6.412735 110.790774 0.000000
vt 7.328840 110.790774 0.000000
vt 7.328840 107.216878 0.000000
vt 8.244945 107.216878 0.000000
vt 8.244945 103.642982 0.000000
vt 9.161050 103.642982 0.000000
vt 9.161050 100.069086 0.000000
vt 10.077155 100.069086 0.000000
vt 10.077155 96.495190 0.000000
vt 10.993260 96.495190 0.000000
vt 10.993260 92.921294 0.000000
vt 12.825470 92.921294 0.000000
vt -0.000000 136.711789 0.000000
vt 0.732884 134.219647 0.000000
vt 1.465768 130.248652 0.000000
vt 2.198652 126.277656 0.000000
vt 2.931536 122.306661 0.000000
vt 3.664420 118.338036 0.000000
vt 4.580525 114.364670 0.000000
vt 5.496630 110.790774 0.000000
vt 6.412735 107.216878 0.000000
vt 7.328840 103.642982 0.000000
vt 8.244945 100.069086 0.000000
vt 9.161050 96.495190 0.000000
vt 10.077155 92.921294 0.000000
vt -0.000000 131.453643 0.000000
vt 0.732884 130.248652 0.000000
vt 1.465768 126.277656 0.000000
vt 2.198652 122.306661 0.000000
vt 2.931536 118.337562 0.000000
vt 3.664420 114.364670 0.000000
vt 4.580525 110.790774 0.000000
vt 5.496630 107.216878 0.000000
vt 6.412735 103.642982 0.000000
vt 7.328840 100.069086 0.000000
vt 8.244945 96.495190 0.000000
vt 9.161050 92.921294 0.000000
vt -0.000000 126.195498 0.000000
vt 0.732884 126.277656 0.000000
vt 1.465768 122.306661 0.000000
vt 2.198652 118.337088 0.000000
vt 2.931536 114.364670 0.000000
vt 3.664420 110.790774 0.000000
vt 4.580525 107.216878 0.000000
vt 5.496630 103.642982 0.000000
vt 6.412735 100.069086 0.000000
vt 7.328840 96.495190 0.000000
vt 8.244945 92.921294 0.000000
vt 0.732884 122.306661 0.000000
vt -0.000000 120.937352 0.000000
vt 0.732884 118.336139 0.000000
vt -0.000000 115.679206 0.000000
vt 0.732884 114.364670 0.000000
vt -0.000000 110.421060 0.000000
vt 0.732884 110.790774 0.000000
vt 0.732884 107.216878 0.000000
vt 1.465768 107.216878 0.000000
vt 1.465768 103.642982 0.000000
vt 2.198652 103.642982 0.000000
vt 2.198652 100.069086 0.000000
vt 2.931536 100.069086 0.000000
vt 2.931536 96.495190 0.000000
vt 3.664420 96.495190 0.000000
vt 3.664420 92.921294 0.000000
vt 4.580525 92.921294 0.000000
vt -0.000000 105.162915 0.000000
vt 0.732884 103.642982 0.000000
vt 1.465768 100.069086 0.000000
vt 2.198652 96.495190 0.000000
vt 2.931536 92.921294 0.000000
vt -0.000000 99.904769 0.000000
vt 0.732884 100.069086 0.000000
vt 1.465768 96.495190 0.000000
vt 2.198652 92.921294 0.000000
vt 0.732884 96.495190 0.000000
vt -0.000000 94.646623 0.000000
vt 0.732884 92.921294 0.000000
vt -0.000000 89.388477 0.000000
vt -0.000000 68.355894 0.000000
vt 0.732884 67.904023 0.000000
vt 1.465768 64.330127 0.000000
vt 2.198652 60.756231 0.000000
vt 2.931536 57.182335 0.000000
vt 3.664420 53.608439 0.000000
vt 4.580525 50.043433 0.000000
vt 5.496630 46.460647 0.000000
vt 6.412735 42.886751 0.000000
vt 7.328840 39.312855 0.000000
vt 8.244945 35.738959 0.000000
vt 9.161050 32.165063 0.000000
vt 10.077155 28.591167 0.000000
vt 10.993260 25.017271 0.000000
vt 12.825470 21.443376 0.000000
vt 14.657680 17.869480 0.000000
vt -0.000000 63.097749 0.000000
vt 0.732884 64.330127 0.000000
vt 1.465768 60.756231 0.000000
vt 2.198652 57.182335 0.000000
vt 2.931536 53.608439 0.000000
vt 3.664420 50.041655 0.000000
vt 4.580525 46.460647 0.000000
vt 5.496630 42.886751 0.000000
vt 6.412735 39.312855 0.000000
vt 7.328840 35.738959 0.000000
vt 8.244945 32.165063 0.000000
vt 9.161050 28.591167 0.000000
vt 10.077155 25.017271 0.000000
vt 10.993260 21.443376 0.000000
vt 12.825470 17.869480 0.000000
vt 14.657680 14.295584 0.000000
vt 0.732884 60.756231 0.000000
vt -0.000000 57.839603 0.000000
vt 0.732884 57.182335 0.000000
vt -0.000000 52.581457 0.000000
vt 0.732884 53.608439 0.000000
vt 0.732884 50.035965 0.000000
vt 1.465768 50.037388 0.000000
vt 1.465768 46.460647 0.000000
vt 2.198652 46.460647 0.000000
vt 2.198652 42.886751 0.000000
vt 2.931536 42.886751 0.000000
vt 2.931536 39.312855 0.000000
vt 3.664420 39.312855 0.000000
vt 3.664420 35.738959 0.000000
vt 4.580525 35.738959 0.000000
vt 4.580525 32.165063 0.000000
vt 5.496630 32.165063 0.000000
vt 5.496630 28.591167 0.000000
vt 6.412735 28.591167 0.000000
vt 6.412735 25.017271 0.000000
vt 7.328840 25.017271 0.000000
vt 7.328840 21.443376 0.000000
vt 8.244945 21.443376 0.000000
vt 8.244945 17.869480 0.000000
vt 9.161050 17.869480 0.000000
vt 9.161050 14.295584 0.000000
vt 10.077155 14.295584 0.000000
vt 10.077155 10.721688 0.000000
vt 10.993260 10.721688 0.000000
vt -0.000000 47.323312 0.000000
vt 0.732884 46.460647 0.000000
vt 1.465768 42.886751 0.000000
vt 2.198652 39.312855 0.000000
vt 2.931536 35.738959 0.000000
vt 3.664420 32.165063 0.000000
vt 4.580525 28.591167 0.000000
vt 5.496630 25.017271 0.000000
vt 6.412735 21.443376 0.000000
vt 7.328840 17.869480 0.000000
vt 8.244945 14.295584 0.000000
vt 9.161050 10.721688 0.000000
vt -0.000000 42.065166 0.000000
vt 0.732884 42.886751 0.000000
vt 1.465768 39.312855 0.000000
vt 2.198652 35.738959 0.000000
vt 2.931536 32.165063 0.000000
vt 3.664420 28.591167 0.000000
vt 4.580525 25.017271 0.000000
vt 5.496630 21.443376 0.000000
vt 6.412735 17.869480 0.000000
vt 7.328840 14.295584 0.000000
vt 8.244945 10.721688 0.000000
vt 0.732884 39.312855 0.000000
vt -0.000000 36.807020 0.000000
vt 0.732884 35.738959 0.000000
vt -0.000000 31.548874 0.000000
vt 0.732884 32.165063 0.000000
vt 0.732884 28.591167 0.000000
vt 1.465768 28.591167 0.000000
vt 1.465768 25.017271 0.000000
vt 2.198652 25.017271 0.000000
vt 2.198652 21.443376 0.000000
vt 2.931536 21.443376 0.000000
vt 2.931536 17.869480 0.000000
vt 3.664420 17.869480 0.000000
vt 3.664420 14.295584 0.000000
vt 4.580525 14.295584 0.000000
vt 4.580525 10.721688 0.000000
vt 5.496630 10.721688 0.000000
vt -0.000000 26.290729 0.000000
vt 0.732884 25.017271 0.000000
vt 1.465768 21.443376 0.000000
vt 2.198652 17.869480 0.000000
vt 2.931536 14.295584 0.000000
vt 3.664420 10.721688 0.000000
vt -0.000000 21.032583 0.000000
vt 0.732884 21.443376 0.000000
vt 1.465768 17.869480 0.000000
vt 2.198652 14.295584 0.000000
vt 2.931536 10.721688 0.000000
vt 0.732884 17.869480 0.000000
vt -0.000000 15.774437 0.000000
vt 0.732884 14.295584 0.000000
vt -0.000000 10.516291 0.000000
vt 0.732884 10.721688 0.000000
vt 14.657680 10.721688 0.000000
vt 12.825470 10.721688 0.000000
vt 12.825470 14.295584 0.000000
vt 7.328840 10.721688 0.000000
vt 6.412735 10.721688 0.000000
vt 2.198652 10.721688 0.000000
vt 1.465768 10.721688 0.000000
vt 10.993260 14.295584 0.000000
vt 10.077155 17.869480 0.000000
vt 9.161050 21.443376 0.000000
vt 8.244945 25.017271 0.000000
vt 7.328840 28.591167 0.000000
vt 6.412735 32.165063 0.000000
vt 5.496630 35.738959 0.000000
vt 4.580525 39.312855 0.000000
vt 3.664420 42.886751 0.000000
vt 2.931536 46.460647 0.000000
vt 2.198652 50.038810 0.000000
vt 1.465768 53.608439 0.000000
vt 6.412735 14.295584 0.000000
vt 5.496630 14.295584 0.000000
vt 1.465768 14.295584 0.000000
vt 10.993260 17.869480 0.000000
vt 5.496630 17.869480 0.000000
vt 4.580525 17.869480 0.000000
vt 10.077155 21.443376 0.000000
vt 9.161050 25.017271 0.000000
vt 8.244945 28.591167 0.000000
vt 7.328840 32.165063 0.000000
vt 6.412735 35.738959 0.000000
vt 5.496630 39.312855 0.000000
vt 4.580525 42.886751 0.000000
vt 3.664420 46.460647 0.000000
vt 2.931536 50.040233 0.000000
vt 2.198652 53.608439 0.000000
vt 1.465768 57.182335 0.000000
vt 4.580525 21.443376 0.000000
vt 3.664420 21.443376 0.000000
vt 3.664420 25.017271 0.000000
vt 2.931536 25.017271 0.000000
vt 2.198652 28.591167 0.000000
vt 1.465768 32.165063 0.000000
vt 2.931536 28.591167 0.000000
vt 2.198652 32.165063 0.000000
vt 1.465768 35.738959 0.000000
vt 14.657680 39.312855 0.000000
vt 12.825470 42.886751 0.000000
vt 10.993260 46.460647 0.000000
vt 10.077155 50.054102 0.000000
vt 9.161050 53.608439 0.000000
vt 8.244945 57.182335 0.000000
vt 7.328840 60.756231 0.000000
vt 6.412735 64.330127 0.000000
vt 5.496630 67.904023 0.000000
vt 4.580525 71.477919 0.000000
vt 3.664420 75.051814 0.000000
vt 2.931536 78.625710 0.000000
vt 2.198652 82.199606 0.000000
vt 14.657680 42.886751 0.000000
vt 14.657680 46.460647 0.000000
vt 14.657680 50.062992 0.000000
vt 12.825470 46.460647 0.000000
vt 10.993260 50.055880 0.000000
vt 10.077155 53.608439 0.000000
vt 9.161050 57.182335 0.000000
vt 8.244945 60.756231 0.000000
vt 7.328840 64.330127 0.000000
vt 6.412735 67.904023 0.000000
vt 5.496630 71.477919 0.000000
vt 4.580525 75.051814 0.000000
vt 3.664420 78.625710 0.000000
vt 2.931536 82.199606 0.000000
vt 12.825470 50.059436 0.000000
vt 12.825470 53.608439 0.000000
vt 10.993260 53.608439 0.000000
vt 10.077155 57.182335 0.000000
vt 9.161050 60.756231 0.000000
vt 8.244945 64.330127 0.000000
vt 7.328840 67.904023 0.000000
vt 6.412735 71.477919 0.000000
vt 5.496630 75.051814 0.000000
vt 4.580525 78.625710 0.000000
vt 3.664420 82.199606 0.000000
vt 10.993260 57.182335 0.000000
vt 10.077155 60.756231 0.000000
vt 9.161050 64.330127 0.000000
vt 8.244945 67.904023 0.000000
vt 7.328840 71.477919 0.000000
vt 6.412735 75.051814 0.000000
vt 5.496630 78.625710 0.000000
vt 4.580525 82.199606 0.000000
vt 14.657680 75.051814 0.000000
vt 12.825470 78.625710 0.000000
vt 10.993260 82.199606 0.000000
vt 14.657680 78.625710 0.000000
vt 12.825470 82.199606 0.000000
vt 14.657680 82.199606 0.000000
vt 14.657680 92.921294 0.000000
vt 14.657680 96.495190 0.000000
vt 14.657680 100.069086 0.000000
vt 7.328840 92.921294 0.000000
vt 6.412735 92.921294 0.000000
vt 5.496630 92.921294 0.000000
vt 1.465768 92.921294 0.000000
vt 12.825470 96.495190 0.000000
vt 10.993260 100.069086 0.000000
vt 10.077155 103.642982 0.000000
vt 9.161050 107.216878 0.000000
vt 8.244945 110.790774 0.000000
vt 7.328840 114.364670 0.000000
vt 6.412735 118.339814 0.000000
vt 5.496630 122.306661 0.000000
vt 4.580525 126.277656 0.000000
vt 3.664420 130.248652 0.000000
vt 2.931536 134.219647 0.000000
vt 2.198652 138.190642 0.000000
vt 1.465768 142.161638 0.000000
vt 6.412735 96.495190 0.000000
vt 5.496630 96.495190 0.000000
vt 4.580525 96.495190 0.000000
vt 12.825470 100.069086 0.000000
vt 12.825470 103.642982 0.000000
vt 5.496630 100.069086 0.000000
vt 4.580525 100.069086 0.000000
vt 3.664420 100.069086 0.000000
vt 10.993260 103.642982 0.000000
vt 10.077155 107.216878 0.000000
vt 9.161050 110.790774 0.000000
vt 8.244945 114.364670 0.000000
vt 7.328840 118.340407 0.000000
vt 6.412735 122.306661 0.000000
vt 5.496630 126.277656 0.000000
vt 4.580525 130.248652 0.000000
vt 3.664420 134.219647 0.000000
vt 2.931536 138.190642 0.000000
vt 2.198652 142.161638 0.000000
vt 1.465768 146.132633 0.000000
vt 10.993260 107.216878 0.000000
vt 4.580525 103.642982 0.000000
vt 3.664420 103.642982 0.000000
vt 3.664420 107.216878 0.000000
vt 2.931536 103.642982 0.000000
vt 2.931536 107.216878 0.000000
vt 2.931536 110.790774 0.000000
vt 2.198652 107.216878 0.000000
vt 1.465768 110.790774 0.000000
vt 10.077155 110.790774 0.000000
vt 9.161050 114.364670 0.000000
vt 8.244945 118.340999 0.000000
vt 7.328840 122.306661 0.000000
vt 6.412735 126.277656 0.000000
vt 5.496630 130.248652 0.000000
vt 4.580525 134.219647 0.000000
vt 3.664420 138.190642 0.000000
vt 2.931536 142.161638 0.000000
vt 2.198652 146.132633 0.000000
vt 1.465768 150.103629 0.000000
vt 2.198652 110.790774 0.000000
vt 2.198652 114.364670 0.000000
vt 1.465768 114.364670 0.000000
vt 1.465768 118.336613 0.000000
vt 14.657680 126.277656 0.000000
vt 12.825470 130.248652 0.000000
vt 10.993260 134.219647 0.000000
vt 10.077155 138.190642 0.000000
vt 9.161050 142.161638 0.000000
vt 8.244945 146.132633 0.000000
vt 7.328840 150.103629 0.000000
vt 6.412735 154.074624 0.000000
vt 5.496630 158.045620 0.000000
vt 4.580525 162.016615 0.000000
vt 3.664420 165.987611 0.000000
vt 2.931536 169.958606 0.000000
vt 14.657680 130.248652 0.000000
vt 12.825470 134.219647 0.000000
vt 10.993260 138.190642 0.000000
vt 10.077155 142.161638 0.000000
vt 9.161050 146.132633 0.000000
vt 8.244945 150.103629 0.000000
vt 7.328840 154.074624 0.000000
vt 6.412735 158.045620 0.000000
vt 5.496630 162.016615 0.000000
vt 4.580525 165.987611 0.000000
vt 3.664420 169.958606 0.000000
vt 14.657680 134.219647 0.000000
vt 12.825470 138.190642 0.000000
vt 10.993260 142.161638 0.000000
vt 10.077155 146.132633 0.000000
vt 9.161050 150.103629 0.000000
vt 8.244945 154.074624 0.000000
vt 7.328840 158.045620 0.000000
vt 6.412735 162.016615 0.000000
vt 5.496630 165.987611 0.000000
vt 4.580525 169.958606 0.000000
vt 14.657680 138.190642 0.000000
vt 12.825470 142.161638 0.000000
vt 10.993260 146.132633 0.000000
vt 10.077155 150.103629 0.000000
vt 9.161050 154.074624 0.000000
vt 8.244945 158.045620 0.000000
vt 7.328840 162.016615 0.000000
vt 6.412735 165.987611 0.000000
vt 5.496630 169.958606 0.000000
vt 14.657680 142.161638 0.000000
vt 12.825470 146.132633 0.000000
vt 10.993260 150.103629 0.000000
vt 10.077155 154.074624 0.000000
vt 9.161050 158.045620 0.000000
vt 8.244945 162.016615 0.000000
vt 7.328840 165.987611 0.000000
vt 6.412735 169.958606 0.000000
vt 14.657680 146.132633 0.000000
vt 12.825470 150.103629 0.000000
vt 10.993260 154.074624 0.000000
vt 10.077155 158.045620 0.000000
vt 9.161050 162.016615 0.000000
vt 8.244945 165.987611 0.000000
vt 7.328840 169.958606 0.000000
vt 14.657680 150.103629 0.000000
vt 12.825470 154.074624 0.000000
vt 10.993260 158.045620 0.000000
vt 10.077155 162.016615 0.000000
vt 9.161050 165.987611 0.000000
vt 8.244945 169.958606 0.000000
vt 10.993260 185.842588 0.000000
vt 10.077155 185.842588 0.000000
vt 10.077155 189.813584 0.000000
vt 9.161050 185.842588 0.000000
vt 9.161050 189.813584 0.000000
vt 9.161050 193.784579 0.000000
vt 8.244945 189.813584 0.000000
vt 7.328840 193.784579 0.000000
vt 6.412735 197.755575 0.000000
vt 5.496630 201.726570 0.000000
vt 4.580525 205.697566 0.000000
vt 3.664420 209.668561 0.000000
vt 2.931536 213.639556 0.000000
vt 2.198652 217.610552 0.000000
vt 1.465768 221.581547 0.000000
vt 3.664420 185.842588 0.000000
vt 2.931536 185.842588 0.000000
vt 2.931536 189.813584 0.000000
vt 2.198652 185.842588 0.000000
vt 2.198652 189.813584 0.000000
vt 2.198652 193.784579 0.000000
vt 1.465768 189.813584 0.000000
vt 8.244945 193.784579 0.000000
vt 8.244945 197.755575 0.000000
vt 1.465768 193.784579 0.000000
vt 1.465768 197.755575 0.000000
vt 7.328840 197.755575 0.000000
vt 6.412735 201.726570 0.000000
vt 5.496630 205.697566 0.000000
vt 4.580525 209.668561 0.000000
vt 3.664420 213.639556 0.000000
vt 2.931536 217.610552 0.000000
vt 2.198652 221.581547 0.000000
vt 1.465768 225.552543 0.000000
vt 14.657680 201.726570 0.000000
vt 12.825470 205.697566 0.000000
vt 10.993260 209.668561 0.000000
vt 10.077155 213.639556 0.000000
vt 9.161050 217.610552 0.000000
vt 8.244945 221.581547 0.000000
vt 7.328840 225.552543 0.000000
vt 6.412735 229.523538 0.000000
vt 5.496630 233.494534 0.000000
vt 4.580525 237.465529 0.000000
vt 3.664420 241.436525 0.000000
vt 2.931536 245.407520 0.000000
vt 2.198652 249.378516 0.000000
vt 1.465768 253.349511 0.000000
vt 7.328840 201.726570 0.000000
vt 14.657680 205.697566 0.000000
vt 12.825470 209.668561 0.000000
vt 10.993260 213.639556 0.000000
vt 10.077155 217.610552 0.000000
vt 9.161050 221.581547 0.000000
vt 8.244945 225.552543 0.000000
vt 7.328840 229.523538 0.000000
vt 6.412735 233.494534 0.000000
vt 5.496630 237.465529 0.000000
vt 4.580525 241.436525 0.000000
vt 3.664420 245.407520 0.000000
vt 2.931536 249.378516 0.000000
vt 2.198652 253.349511 0.000000
vt 1.465768 257.320507 0.000000
vt 6.412735 205.697566 0.000000
vt 5.496630 209.668561 0.000000
vt 4.580525 213.639556 0.000000
vt 3.664420 217.610552 0.000000
vt 2.931536 221.581547 0.000000
vt 2.198652 225.552543 0.000000
vt 1.465768 229.523538 0.000000
vt 14.657680 209.668561 0.000000
vt 12.825470 213.639556 0.000000
vt 10.993260 217.610552 0.000000
vt 10.077155 221.581547 0.000000
vt 9.161050 225.552543 0.000000
vt 8.244945 229.523538 0.000000
vt 7.328840 233.494534 0.000000
vt 6.412735 237.465529 0.000000
vt 5.496630 241.436525 0.000000
vt 4.580525 245.407520 0.000000
vt 3.664420 249.378516 0.000000
vt 2.931536 253.349511 0.000000
vt 2.198652 257.320507 0.000000
vt 1.465768 261.291502 0.000000
vt 14.657680 249.378516 0.000000
vt 12.825470 253.349511 0.000000
vt 10.993260 257.320507 0.000000
vt 10.077155 261.291502 0.000000
vt 9.161050 265.262498 0.000000
vt 8.244945 269.233493 0.000000
vt 7.328840 273.204489 0.000000
vt 6.412735 277.175484 0.000000
vt 5.496630 281.146480 0.000000
vt 14.657680 253.349511 0.000000
vt 14.657680 257.320507 0.000000
vt 14.657680 261.291502 0.000000
vt 14.657680 265.262498 0.000000
vt 14.657680 269.233493 0.000000
vt 14.657680 273.204489 0.000000
vt 12.825470 257.320507 0.000000
vt 10.993260 261.291502 0.000000
vt 10.077155 265.262498 0.000000
vt 9.161050 269.233493 0.000000
vt 8.244945 273.204489 0.000000
vt 7.328840 277.175484 0.000000
vt 6.412735 281.146480 0.000000
vt 12.825470 261.291502 0.000000
vt 12.825470 265.262498 0.000000
vt 12.825470 269.233493 0.000000
vt 12.825470 273.204489 0.000000
vt 12.825470 277.175484 0.000000
vt 10.993260 265.262498 0.000000
vt 10.077155 269.233493 0.000000
vt 9.161050 273.204489 0.000000
vt 8.244945 277.175484 0.000000
vt 7.328840 281.146480 0.000000
vt 10.993260 269.233493 0.000000
vt 10.993260 273.204489 0.000000
vt 10.993260 277.175484 0.000000
vt 10.993260 281.146480 0.000000
vt 10.077155 273.204489 0.000000
vt 9.161050 277.175484 0.000000
vt 8.244945 281.146480 0.000000
vt 10.077155 277.175484 0.000000
vt 10.077155 281.146480 0.000000
vt 9.161050 281.146480 0.000000
vt 14.657680 293.059466 0.000000
vt 14.657680 297.030461 0.000000
vt 12.825470 293.059466 0.000000
vt 12.825470 297.030461 0.000000
vt 8.244945 293.059466 0.000000
vt 8.244945 297.030461 0.000000
vt 7.328840 293.059466 0.000000
vt 7.328840 297.030461 0.000000
vt 6.412735 293.059466 0.000000
vt 6.412735 297.030461 0.000000
vt 5.496630 293.059466 0.000000
vt 5.496630 297.030461 0.000000
vt 2.198652 297.030461 0.000000
vn 0.000000 0.000000 -100.000000
vn 0.000000 0.000000 -100.000000
vn 0.000000 0.000000 -100.000000
vn 0.000000 0.000000 -100.000000
vn 0.000000 0.000000 -100.000000
vn 0.000000 0.000000 -100.000000
vn 0.000000 0.000000 -100.000000
vn 0.000000 0.000000 -100.000000
vn 0.000000 0.000000 -100.000000
vn 0.000000 0.000000 -100.000000
vn 0.000000 0.000000 -100.000000
vn 0.000000 0.000000 -100.000000
vn 0.000000 0.000000 -100.000000
vn 0.000000 0.000000 -100.000000
vn 0.000000 0.000000 -100.000000
vn 0.000000 0.000000 -100.000000
vn 0.000000 0.000000 -100.000000
vn 0.000000 0.000000 -100.000000
vn 0.000000 0.000000 -100.000000
vn 0.000000 0.000000 -100.000000
vn 0.000000 0.000000 -100.000000
vn 0.000000 0.000000 -100.000000
vn 0.000000 0.000000 -100.000000
vn 0.000000 0.000000 -100.000000
vn 0.000000 0.000000 -100.000000
vn 0.000000 0.000000 -100.000000
vn 0.000000 0.000000 -100.000000
vn 0.000000 0.000000 -100.000000
vn 0.000000 0.000000 -100.000000
vn 0.000000 0.000000 -100.000000
vn 0.000000 0.000000 -100.000000
vn 0.000000 0.000000 -100.000000
vn 0.000000 0.000000 -100.000000
vn 0.000000 0.000000 -100.000000
vn 0.000000 0.000000 -100.000000
vn 0.000000 0.000000 -100.000000
vn 0.000000 0.000000 -100.000000
vn 0.000000 0.000000 -100.000000
vn 0.000000 0.000000 -100.000000
vn 0.000000 0.000000 -100.000000
vn 0.000000 0.000000 -100.000000
vn 0.000000 0.000000 -100.000000
vn 0.000000 0.000000 -100.000000
vn 0.000000 0.000000 -100.000000
vn 0.000000 0.000000 -100.000000
vn 0.000000 0.000000 -100.000000
vn 0.000000 0.000000 -100.000000
vn 0.000000 0.000000 -100.000000
vn 0.000000 0.000000 -100.000000
vn 0.000000 0.000000 -100.000000
vn 0.000000 0.000000 -100.000000
vn 0.000000 0.000000 -100.000000
vn 0.000000 0.000000 -100.000000
vn 0.000000 0.000000 -100.000000
vn 0.000000 0.000000 -100.000000
vn 0.000000 0.000000 -100.000000
vn 0.000000 0.000000 -100.000000
vn 0.000000 0.000000 -100.000000
vn 0.000000 0.000000 -100.000000
vn 0.000000 0.000000 -100.000000
vn 0.000000 0.000000 -100.000000
vn 0.000000 0.000000 -100.000000
vn 0.000000 0.000000 -100.000000
vn 0.000000 0.000000 -100.000000
vn 0.000000 0.000000 -100.000000
vn 0.000000 0.000000 -100.000000
vn 0.000000 0.000000 -100.000000
vn -34.001521 -3.697888 93.969262
vn -34.001521 -3.697888 93.969262
vn -34.202014 0.000000 93.969262
vn -32.411647 -10.920756 93.969262
vn -32.411647 -10.920756 93.969262
vn -33.402390 -7.352422 93.969262
vn -29.306241 -17.632980 93.969262
vn -29.306241 -17.632980 93.969262
vn -31.040908 -14.361053 93.969262
vn -24.830508 -23.520707 93.969262
vn -24.830508 -23.520707 93.969262
vn -27.227986 -20.698177 93.969262
vn -19.193728 -28.308631 93.969262
vn -19.193728 -28.308631 93.969262
vn -22.141915 -26.067478 93.969262
vn -16.020512 -30.217892 93.969262
vn -16.020512 -30.217892 93.969262
vn -9.150008 -32.955351 93.969262
vn -9.150008 -32.955351 93.969262
vn -12.659470 -31.772875 93.969262
vn -1.851660 -34.151854 93.969262
vn -1.851660 -34.151854 93.969262
vn -5.533270 -33.751455 93.969262
vn 5.533270 -33.751455 93.969262
vn 5.533270 -33.751455 93.969262
vn 1.851660 -34.151854 93.969262
vn 12.659470 -31.772875 93.969262
vn 12.659470 -31.772875 93.969262
vn 9.150008 -32.955351 93.969262
vn 19.193728 -28.308631 93.969262
vn 19.193728 -28.308631 93.969262
vn 16.020512 -30.217892 93.969262
vn 24.830508 -23.520707 93.969262
vn 24.830508 -23.520707 93.969262
vn 22.141915 -26.067478 93.969262
vn 29.306241 -17.632980 93.969262
vn 29.306241 -17.632980 93.969262
vn 27.227986 -20.698177 93.969262
vn 32.411647 -10.920756 93.969262
vn 32.411647 -10.920756 93.969262
vn 31.040908 -14.361053 93.969262
vn 34.001521 -3.697888 93.969262
vn 34.001521 -3.697888 93.969262
vn 33.402390 -7.352422 93.969262
vn 34.001521 3.697888 93.969262
vn 34.001521 3.697888 93.969262
vn 34.202014 0.000000 93.969262
vn 32.411647 10.920756 93.969262
vn 32.411647 10.920756 93.969262
vn 33.402390 7.352422 93.969262
vn 29.306241 17.632980 93.969262
vn 29.306241 17.632980 93.969262
vn 31.040908 14.361053 93.969262
vn 24.830508 23.520707 93.969262
vn 24.830508 23.520707 93.969262
vn 27.227986 20.698177 93.969262
vn 19.193728 28.308631 93.969262
vn 19.193728 28.308631 93.969262
vn 22.141915 26.067478 93.969262
vn 12.659470 31.772875 93.969262
vn 12.659470 31.772875 93.969262
vn 16.020512 30.217892 93.969262
vn 5.533270 33.751455 93.969262
vn 5.533270 33.751455 93.969262
vn 9.150008 32.955351 93.969262
vn -1.851660 34.151854 93.969262
vn -1.851660 34.151854 93.969262
vn 1.851660 34.151854 93.969262
vn -9.150008 32.955351 93.969262
vn -9.150008 32.955351 93.969262
vn -5.533270 33.751455 93.969262
vn -16.020512 30.217892 93.969262
vn -16.020512 30.217892 93.969262
vn -12.659470 31.772875 93.969262
vn -19.193728 28.308631 93.969262
vn -19.193728 28.308631 93.969262
vn -24.830508 23.520707 93.969262
vn -24.830508 23.520707 93.969262
vn -22.141915 26.067478 93.969262
vn -29.306241 17.632980 93.969262
vn -29.306241 17.632980 93.969262
vn -27.227986 20.698177 93.969262
vn -32.411647 10.920756 93.969262
vn -32.411647 10.920756 93.969262
vn -31.040908 14.361053 93.969262
vn -34.001521 3.697888 93.969262
vn -34.001521 3.697888 93.969262
vn -33.402390 7.352422 93.969262
vn 34.202014 0.000000 93.969262
vn 33.402390 -7.352422 93.969262
vn 31.040908 -14.361053 93.969262
vn 27.227986 -20.698177 93.969262
vn 22.141915 -26.067478 93.969262
vn 16.020512 -30.217892 93.969262
vn 9.150008 -32.955351 93.969262
vn 1.851660 -34.151854 93.969262
vn -5.533270 -33.751455 93.969262
vn -12.659470 -31.772875 93.969262
vn -22.141915 -26.067478 93.969262
vn -27.227986 -20.698177 93.969262
vn -31.040908 -14.361053 93.969262
vn -33.402390 -7.352422 93.969262
vn -34.202014 0.000000 93.969262
vn -33.402390 7.352422 93.969262
vn -31.040908 14.361053 93.969262
vn -27.227986 20.698177 93.969262
vn -22.141915 26.067478 93.969262
vn -12.659470 31.772875 93.969262
vn -5.533270 33.751455 93.969262
vn 1.851660 34.151854 93.969262
vn 9.150008 32.955351 93.969262
vn 16.020512 30.217892 93.969262
vn 22.141915 26.067478 93.969262
vn 27.227986 20.698177 93.969262
vn 31.040908 14.361053 93.969262
vn 33.402390 7.352422 93.969262
vn -31.622777 0.000000 94.868330
vn -22.401380 0.000000 97.458597
vn -31.437403 -3.419024 94.868330
vn -19.444856 -1.434339 98.080784
vn -19.286653 -2.860905 98.080784
vn -4.597768 -0.339152 99.893671
vn -4.560361 -0.676466 99.893671
vn 12.090528 0.891851 99.262398
vn 11.992160 1.778869 99.262398
vn 28.971693 2.137080 95.687376
vn 28.735980 4.262580 95.687376
vn 44.298092 3.267624 89.593536
vn 43.937683 6.517540 89.593536
vn 59.714246 4.404787 80.092488
vn 59.228411 8.785705 80.092488
vn 70.836198 5.225192 70.391267
vn 70.259875 10.422068 70.391267
vn 78.580443 5.796442 61.575281
vn 77.941113 11.561472 61.575281
vn 84.055393 6.200298 53.816794
vn 83.371519 12.366997 53.816794
vn 88.129708 6.500838 46.806982
vn 87.412686 12.966447 46.806982
vn 91.318787 6.736078 40.193337
vn 90.575818 13.435653 40.193337
vn 93.847619 6.922616 33.833441
vn 93.084076 13.807718 33.833441
vn 95.797857 7.066474 27.799919
vn 95.018447 14.094655 27.799919
vn 98.172142 7.241612 17.600842
vn 97.373414 14.443982 17.600842
vn 99.163053 7.314706 10.638797
vn 98.356263 14.589773 10.638797
vn 99.545338 7.342905 6.066908
vn 98.735438 14.646019 6.066908
vn 99.524816 9.360783 2.680815
vn 98.210944 18.639304 2.680815
vn -11.424825 0.000000 99.345223
vn 1.005556 0.000000 99.994944
vn 14.267309 0.000000 98.976987
vn 27.505689 0.000000 96.142795
vn 39.867366 0.000000 91.709286
vn 59.876484 0.000000 80.092488
vn 73.242217 0.000000 68.085077
vn 81.761346 0.000000 57.576751
vn 87.444973 0.000000 48.511615
vn 91.566892 0.000000 40.193337
vn 96.831640 0.000000 24.972657
vn 99.051914 0.000000 13.737481
vn 99.750520 0.000000 7.059301
vn 99.964060 0.000000 2.680815
vn 97.390482 21.869764 6.066908
vn 96.033991 27.754022 2.680815
vn 95.517759 28.974995 6.066908
vn 93.013088 36.624836 2.680815
vn 93.127417 35.923209 6.066908
vn 90.232409 42.676751 6.066908
vn 89.885888 42.512859 10.638797
vn 86.514898 49.010084 10.638797
vn 85.650377 48.520339 17.600842
vn 81.848926 54.689704 17.600842
vn 79.869417 53.367038 27.799919
vn 75.727084 59.097997 27.799919
vn 74.185444 57.894889 33.833441
vn 69.725423 63.195440 33.833441
vn 67.846591 61.492566 40.193337
vn 63.139084 66.317054 40.193337
vn 60.934111 64.001098 46.806982
vn 56.060794 68.310276 46.806982
vn 53.469053 65.152230 53.816794
vn 48.531281 68.909125 53.816794
vn 45.370195 64.420728 61.575281
vn 40.490848 67.594201 61.575281
vn 36.502634 60.931332 70.391267
vn 31.935287 63.444519 70.391267
vn 26.921146 53.483130 80.092488
vn 22.913738 55.318658 80.092488
vn 16.998203 41.037292 89.593536
vn 13.933255 42.176565 89.593536
vn 9.112582 27.584180 95.687376
vn 7.058673 28.179802 95.687376
vn 2.945740 11.760055 99.262398
vn 2.072635 11.944892 99.262398
vn -0.788179 -4.542386 99.893671
vn -0.451885 -4.588060 99.893671
vn -1.911107 -19.403799 98.080784
vn -0.478497 -19.491813 98.080784
vn -1.712023 -31.576399 94.868330
vn 0.956706 -19.474200 98.080784
vn 1.712023 -31.576399 94.868330
vn 2.386725 -19.351054 98.080784
vn 5.115996 -31.206195 94.868330
vn 3.803810 -19.123043 98.080784
vn 5.200281 -18.791403 98.080784
vn 0.899417 -4.521675 99.893671
vn 1.229615 -4.443258 99.893671
vn -2.365154 11.890430 99.262398
vn -3.233459 11.684221 99.262398
vn -5.667453 28.492211 95.687376
vn -7.748114 27.998087 95.687376
vn -8.665609 43.564957 89.593536
vn -11.846966 42.809434 89.593536
vn -11.681323 58.725974 80.092488
vn -15.969822 57.707522 80.092488
vn -13.857003 69.663857 70.391267
vn -18.944248 68.455716 70.391267
vn -15.371935 77.279935 61.575281
vn -21.015349 75.939712 61.575281
vn -16.442946 82.664274 53.816794
vn -22.479555 81.230674 53.816794
vn -17.239966 86.671160 46.806982
vn -23.569179 85.168070 46.806982
vn -17.863814 89.807460 40.193337
vn -24.422058 88.249979 40.193337
vn -18.358505 92.294440 33.833441
vn -25.098362 90.693828 33.833441
vn -18.740012 94.212401 27.799919
vn -25.619929 92.578527 27.799919
vn -19.204470 96.547391 17.600842
vn -26.254901 94.873023 17.600842
vn -19.398312 97.521902 10.638797
vn -26.519908 95.830634 10.638797
vn -19.473095 97.897861 6.066908
vn -26.622146 96.200073 6.066908
vn -20.936499 97.747001 2.680815
vn -29.997678 95.356974 2.680815
vn 89.174783 45.173790 2.680815
vn 86.848423 49.199024 6.066908
vn 82.675077 55.241720 10.638797
vn 77.603928 60.562700 17.600842
vn 71.174380 64.508698 27.799919
vn 64.887554 68.153530 33.833441
vn 58.089421 70.782164 40.193337
vn 50.883680 72.249274 46.806982
vn 43.309326 72.305290 53.816794
vn 35.426648 70.380661 61.575281
vn 27.181489 65.621919 70.391267
vn 18.782160 56.854409 80.092488
vn 10.792802 43.087280 89.593536
vn 4.966512 28.622716 95.687376
vn 1.188299 12.065000 99.262398
vn -0.113141 -4.608872 99.893671
vn 84.552806 53.325755 2.680815
vn 82.993799 55.454684 6.066908
vn 78.387232 61.173996 10.638797
vn 72.938389 66.107502 17.600842
vn 66.235976 69.569821 27.799919
vn 59.698054 72.742289 33.833441
vn 52.724966 74.863700 40.193337
vn 45.405830 75.811721 46.806982
vn 37.894935 75.284305 53.816794
vn 30.153135 72.796107 61.575281
vn 22.280392 67.443708 70.391267
vn 14.548799 58.082061 80.092488
vn 7.593861 43.764501 89.593536
vn 2.847438 28.910521 95.687376
vn 0.297523 12.119726 99.262398
vn 0.226215 -4.604707 99.893671
vn 79.187777 61.009091 2.680815
vn 78.689424 61.409829 6.066908
vn 73.674600 66.774765 10.638797
vn 67.877589 71.294062 17.600842
vn 60.938633 74.253939 27.799919
vn 54.185045 76.936852 33.833441
vn 47.046016 78.556782 40.193337
vn 39.731770 78.933471 46.806982
vn 32.254000 77.868044 53.816794
vn 24.716220 74.817065 61.575281
vn 17.258555 68.900013 70.391267
vn 10.236597 58.994961 80.092488
vn 4.353769 44.204558 89.593536
vn 0.712933 29.041657 95.687376
vn -0.594866 12.108774 99.262398
vn 0.564345 -4.575589 99.893671
vn 73.958625 67.032190 6.066908
vn 73.126842 68.156278 2.680815
vn 68.827037 72.291297 6.066908
vn 66.423266 74.704504 2.680815
vn 63.322469 77.158652 6.066908
vn 59.135960 80.596225 2.680815
vn 57.474752 81.607877 6.066908
vn 51.328965 85.779663 2.680815
vn 51.259109 85.648680 6.066908
vn 44.878312 89.157892 6.066908
vn 44.705965 88.815498 10.638797
vn 38.051159 91.863623 10.638797
vn 37.670923 90.945654 17.600842
vn 30.878475 93.470477 17.600842
vn 30.131682 91.209902 27.799919
vn 23.340222 93.179389 27.799919
vn 22.865065 91.282458 33.833441
vn 16.087957 92.717182 33.833441
vn 15.654449 90.218811 40.193337
vn 8.975125 91.125972 40.193337
vn 8.661691 87.943627 46.806982
vn 2.168687 88.342533 46.806982
vn 2.068427 84.258378 53.816794
vn -4.135608 84.182240 53.816794
vn -3.866235 78.699028 61.575281
vn -9.645219 78.201372 61.575281
vn -8.694665 70.494485 70.391267
vn 43.070889 90.209266 2.680815
vn 38.197850 92.217769 6.066908
vn 31.190150 94.413932 10.638797
vn 23.918693 95.488777 17.600842
vn 16.422279 94.643929 27.799919
vn 9.223667 93.649465 33.833441
vn 2.247164 91.539313 40.193337
vn -4.336069 88.262704 46.806982
vn -10.317232 83.649910 53.816794
vn 34.434305 93.846107 2.680815
vn 31.310392 94.777909 6.066908
vn 24.160119 96.452603 10.638797
vn 16.829294 96.989614 17.600842
vn 9.415343 95.595585 27.799919
vn 2.309393 94.074253 33.833441
vn -4.492974 91.456595 40.193337
vn -10.817327 87.704571 46.806982
vn 25.495111 96.658226 2.680815
vn 24.253259 96.824439 6.066908
vn 16.999163 97.968589 10.638797
vn 9.648696 97.964856 17.600842
vn 2.357385 96.029200 27.799919
vn -4.617395 93.989244 33.833441
vn -11.208765 90.878266 40.193337
vn 16.331864 98.620908 2.680815
vn 17.064697 98.346270 6.066908
vn 9.746086 98.953675 10.638797
vn 2.415811 98.409218 17.600842
vn -4.713349 95.942425 27.799919
vn -11.519162 93.394899 33.833441
vn 9.783659 99.335153 6.066908
vn 7.025093 99.716906 2.680815
vn 2.449602 99.785731 6.066908
vn -2.343415 99.936588 2.680815
vn -4.897729 99.695561 6.066908
vn -11.691329 99.278024 2.680815
vn -12.218519 99.065132 6.066908
vn -33.626928 93.980968 6.066908
vn -38.795237 92.128947 2.680815
vn -40.449483 91.252572 6.066908
vn -47.251862 88.091287 2.680815
vn -47.052839 88.029671 6.066908
vn -53.401212 84.329729 6.066908
vn -53.196135 84.005876 10.638797
vn -59.231853 79.864908 10.638797
vn -58.639964 79.066839 17.600842
vn -64.297594 74.538780 17.600842
vn -62.742562 72.736067 27.799919
vn -67.923356 67.923356 27.799919
vn -66.540583 66.540583 33.833441
vn -71.763965 60.870614 33.833441
vn -69.829479 59.231238 40.193337
vn -74.429844 53.335672 40.193337
vn -71.830569 51.473058 46.806982
vn -75.796747 45.430822 46.806982
vn -72.292595 43.330514 53.816794
vn -75.591810 37.277755 53.816794
vn -70.668136 34.849668 61.575281
vn -73.279720 28.958028 61.575281
vn -66.057871 26.104162 70.391267
vn -67.970183 20.618530 70.391267
vn -57.298223 17.381226 80.092488
vn -58.526986 12.640617 80.092488
vn -43.417341 9.377247 89.593536
vn -44.038439 5.797771 89.593536
vn -28.801876 3.791839 95.687376
vn -29.015414 1.425436 95.687376
vn -12.108774 0.594866 99.262398
vn -12.116886 -0.396666 99.262398
vn 4.607792 0.150843 99.893671
vn 4.580053 0.526893 99.893671
vn 19.369932 2.228331 98.080784
vn 19.123043 3.803810 98.080784
vn 31.437403 3.419024 94.868330
vn 30.883454 6.797962 94.868330
vn 18.748230 5.353843 98.080784
vn 29.967425 10.097201 94.868330
vn 18.248000 6.868061 98.080784
vn 28.700055 13.278059 94.868330
vn 17.625699 8.336335 98.080784
vn 16.885491 9.748843 98.080784
vn 4.167626 1.971140 99.893671
vn 3.992602 2.305130 99.893671
vn -10.959403 -5.183412 99.262398
vn -10.499153 -6.061689 99.262398
vn -26.261256 -12.420649 95.687376
vn -25.158390 -14.525203 95.687376
vn -40.153799 -18.991332 89.593536
vn -38.467502 -22.209223 89.593536
vn -54.127700 -25.600496 80.092488
vn -51.854556 -29.938242 80.092488
vn -64.209142 -30.368662 70.391267
vn -61.512618 -35.514327 70.391267
vn -71.228877 -33.688750 61.575281
vn -68.237553 -39.396969 61.575281
vn -76.191619 -36.035952 53.816794
vn -72.991880 -42.141882 53.816794
vn -79.884764 -37.782680 46.806982
vn -76.529927 -44.184574 46.806982
vn -82.775490 -39.149891 40.193337
vn -79.299254 -45.783446 40.193337
vn -85.067738 -40.234044 33.833441
vn -81.495237 -47.051297 33.833441
vn -86.835522 -41.070143 27.799919
vn -83.188782 -48.029065 27.799919
vn -88.987681 -42.088039 17.600842
vn -85.250559 -49.219433 17.600842
vn -89.885888 -42.512859 10.638797
vn -86.111045 -49.716235 10.638797
vn -90.232409 -42.676751 6.066908
vn -86.443013 -49.907897 6.066908
vn -86.959373 -49.303963 2.680815
vn -81.960375 -57.230326 2.680815
vn -55.293236 83.279477 2.680815
vn -59.460199 80.172797 6.066908
vn -64.946589 75.291146 10.638797
vn -69.606790 69.606790 17.600842
vn -73.256043 62.134665 27.799919
vn -76.490982 54.812662 33.833441
vn -78.539543 47.074790 40.193337
vn -79.255880 39.084675 46.806982
vn -78.385351 30.975626 53.816794
vn -75.401098 22.872673 61.575281
vn -69.427807 14.994969 70.391267
vn -59.364232 7.815449 80.092488
vn -44.364941 2.179510 89.593536
vn -29.034853 -0.950503 95.687376
vn -12.043942 -1.385544 99.262398
vn 4.521675 0.899417 99.893671
vn -62.848691 77.735805 2.680815
vn -65.196966 75.581402 6.066908
vn -70.309373 70.309373 10.638797
vn -75.073199 63.672797 17.600842
vn -78.080533 55.951719 27.799919
vn -80.714488 48.378402 33.833441
vn -82.123849 40.499001 40.193337
vn -82.184830 32.477070 46.806982
vn -80.654533 24.466285 53.816794
vn -77.018079 16.634311 61.575281
vn -70.420993 9.271100 70.391267
vn -59.804360 2.938000 80.092488
vn -44.394663 -1.453331 89.593536
vn -28.860062 -3.320083 95.687376
vn -11.890430 -2.365154 99.262398
vn 4.433050 1.265925 99.893671
vn -69.851829 71.508987 2.680815
vn -70.580424 70.580424 6.066908
vn -75.832530 64.313634 10.638797
vn -80.015706 57.338444 17.600842
vn -82.391807 49.383749 27.799919
vn -84.398052 41.620513 33.833441
vn -85.158786 33.652292 40.193337
vn -84.564003 25.652210 46.806982
vn -82.384174 17.793276 53.816794
vn -78.119846 10.284673 61.575281
vn -70.943096 3.485211 70.391267
vn -59.844425 -1.959104 80.092488
vn -44.127406 -5.076449 89.593536
vn -28.492211 -5.667453 95.687376
vn -11.657376 -3.328941 99.262398
vn 4.314770 1.623964 99.893671
vn -76.241107 64.653746 2.680815
vn -76.126450 64.559711 6.066908
vn -80.823353 57.917196 10.638797
vn -84.433832 50.607691 17.600842
vn -86.151919 42.485425 27.799919
vn -87.517034 34.584203 33.833441
vn -87.624052 26.580466 40.193337
vn -86.377482 18.655748 46.806982
vn -83.562704 11.001239 53.816794
vn -78.699028 3.866235 61.575281
vn -70.990623 -2.323992 70.391267
vn -59.484160 -6.843102 80.092488
vn -43.564957 -8.665609 89.593536
vn -27.933761 -7.976911 95.687376
vn -11.346341 -4.270460 99.262398
vn -81.134937 58.140473 6.066908
vn -81.960375 57.230326 2.680815
vn -85.614862 51.315573 6.066908
vn -86.959373 49.303963 2.680815
vn -89.522064 44.147397 6.066908
vn -91.194168 40.944315 2.680815
vn -92.830407 36.683895 6.066908
vn -94.627546 32.224847 2.680815
vn -95.517759 28.974995 6.066908
vn -97.229333 23.222187 2.680815
vn -97.566143 21.072267 6.066908
vn -98.976666 14.015448 2.680815
vn -98.961856 13.028575 6.066908
vn -99.854188 4.685542 2.680815
vn -99.695561 4.897729 6.066908
vn -99.762351 -3.265881 6.066908
vn -99.379232 -3.253339 10.638797
vn -98.780966 -11.363835 10.638797
vn -97.793873 -11.250279 17.600842
vn -96.547391 -19.204470 17.600842
vn -94.212401 -18.740012 27.799919
vn -92.365829 -26.376469 27.799919
vn -90.485460 -25.839501 33.833441
vn -88.071176 -33.147643 33.833441
vn -85.697997 -32.254442 40.193337
vn -99.854188 -4.685542 2.680815
vn -99.161778 -11.407644 6.066908
vn -97.521902 -19.398312 10.638797
vn -94.655053 -27.030192 17.600842
vn -89.901374 -33.836481 27.799919
vn -98.976666 -14.015448 2.680815
vn -97.897861 -19.473095 6.066908
vn -95.610464 -27.303024 10.638797
vn -92.129518 -34.675095 17.600842
vn -97.229333 -23.222187 2.680815
vn -95.979054 -27.408281 6.066908
vn -93.059438 -35.025092 10.638797
vn -94.627546 -32.224847 2.680815
vn -93.418193 -35.160118 6.066908
vn -91.194168 -40.944315 2.680815
vn -76.241107 -64.653746 2.680815
vn -77.158652 -63.322469 6.066908
vn -82.075355 -56.805183 6.066908
vn -81.760160 -56.587033 10.638797
vn -80.943151 -56.021573 17.600842
vn -78.985548 -54.666696 27.799919
vn -77.377573 -53.553800 33.833441
vn -75.292545 -52.110731 40.193337
vn -72.663142 -50.290895 46.806982
vn -69.303860 -47.965902 53.816794
vn -64.789752 -44.841642 61.575281
vn -58.404604 -40.422417 70.391267
vn -49.234530 -34.075716 80.092488
vn -36.523876 -25.278544 89.593536
vn -23.887226 -16.532591 95.687376
vn -9.968668 -6.899416 99.262398
vn 3.790870 2.623700 99.893671
vn 16.032327 11.096136 98.080784
vn 27.096203 16.303244 94.868330
vn -71.725794 -69.416158 6.066908
vn -69.851829 -71.508987 2.680815
vn -65.813126 -75.045487 6.066908
vn -62.848691 -77.735805 2.680815
vn -59.460199 -80.172797 6.066908
vn -55.293236 -83.279477 2.680815
vn -52.709512 -84.763790 6.066908
vn -47.251862 -88.091287 2.680815
vn -45.606223 -88.787753 6.066908
vn -38.795237 -92.128947 2.680815
vn -38.197850 -92.217769 6.066908
vn -30.533953 -95.030892 6.066908
vn -30.416693 -94.665943 10.638797
vn -22.578754 -96.834993 10.638797
vn -22.353130 -95.867346 17.600842
vn -14.443982 -97.373414 17.600842
vn -14.094655 -95.018447 27.799919
vn -6.282502 -95.852463 27.799919
vn -6.154604 -93.901114 33.833441
vn 1.539681 -94.089998 33.833441
vn 1.498193 -91.554634 40.193337
vn 8.975125 -91.125972 40.193337
vn 8.661691 -87.943627 46.806982
vn 15.819568 -86.941634 46.806982
vn 15.088215 -82.922244 53.816794
vn 21.814243 -81.411864 53.816794
vn 20.393372 -76.109100 61.575281
vn 26.544878 -74.187965 61.575281
vn 23.928833 -66.876607 70.391267
vn 29.314024 -64.697431 70.391267
vn 24.711446 -54.539323 80.092488
vn 29.085804 -52.337456 80.092488
vn 21.576855 -38.825734 89.593536
vn 24.677566 -36.932587 89.593536
vn 16.139541 -24.154530 95.687376
vn 18.059492 -22.754799 95.687376
vn 7.536626 -9.496081 99.262398
vn 8.287447 -8.848417 99.262398
vn -3.151538 3.364863 99.893671
vn -3.415977 3.096061 99.893671
vn -14.446832 13.093845 98.080784
vn -15.468554 11.869439 98.080784
vn -22.957993 21.746966 94.868330
vn -25.174673 19.137289 94.868330
vn -16.386799 10.565632 98.080784
vn -27.096203 16.303244 94.868330
vn -17.195424 9.191145 98.080784
vn -28.700055 13.278059 94.868330
vn -17.889019 7.755175 98.080784
vn -18.462946 6.267326 98.080784
vn -4.229888 1.833724 99.893671
vn -4.365594 1.481920 99.893671
vn 11.123132 -4.822055 99.262398
vn 11.479991 -3.896932 99.262398
vn 26.653588 -11.554755 95.687376
vn 27.508705 -9.337947 95.687376
vn 40.753679 -17.667369 89.593536
vn 42.061164 -14.277841 89.593536
vn 54.936344 -23.815780 80.092488
vn 56.698847 -19.246665 80.092488
vn 65.168398 -28.251538 70.391267
vn 67.259172 -22.831412 70.391267
vn 72.293005 -31.340169 61.575281
vn 74.612355 -25.327482 61.575281
vn 77.329889 -33.523738 53.816794
vn 79.810835 -27.092128 53.816794
vn 81.078207 -35.148694 46.806982
vn 83.679409 -28.405332 46.806982
vn 84.012119 -36.420591 40.193337
vn 86.707449 -29.433213 40.193337
vn 86.338613 -37.429163 33.833441
vn 89.108582 -30.248288 33.833441
vn 88.132806 -38.206975 27.799919
vn 90.960338 -30.876874 27.799919
vn 90.317118 -39.153909 17.600842
vn 93.214728 -31.642137 17.600842
vn 91.228744 -39.549113 10.638797
vn 94.155601 -31.961520 10.638797
vn 91.580441 -39.701580 6.066908
vn 94.518582 -32.084735 6.066908
vn 93.013088 -36.624836 2.680815
vn 96.033991 -27.754022 2.680815
vn -29.997678 -95.356974 2.680815
vn -22.665797 -97.208303 6.066908
vn -14.589773 -98.356263 10.638797
vn -6.438210 -98.228101 17.600842
vn 1.571677 -96.045272 27.799919
vn 9.223667 -93.649465 33.833441
vn 16.392018 -90.087721 40.193337
vn 22.871619 -85.358043 46.806982
vn 28.394345 -79.356877 53.816794
vn 32.518812 -71.770548 61.575281
vn 34.503120 -62.085460 70.391267
vn 33.265592 -49.785477 80.092488
vn 27.613196 -34.792380 89.593536
vn 19.858634 -21.202848 95.687376
vn 8.982830 -8.141562 99.262398
vn -3.657565 2.806549 99.893671
vn -20.936499 -97.747001 2.680815
vn -14.646019 -98.735438 6.066908
vn -6.503195 -99.219577 10.638797
vn 1.610630 -98.425689 17.600842
vn 9.415343 -95.595585 27.799919
vn 16.845951 -92.582462 33.833441
vn 23.699255 -88.446826 40.193337
vn 29.770669 -83.203447 46.806982
vn 34.784502 -76.771031 53.816794
vn 38.275211 -68.873021 61.575281
vn 39.461405 -59.058167 70.391267
vn 37.222849 -46.900456 80.092488
vn 30.364107 -32.419427 89.593536
vn 21.524931 -19.509061 95.687376
vn 9.618122 -7.380244 99.262398
vn -3.874686 2.498261 99.893671
vn -11.691329 -99.278024 2.680815
vn -6.528265 -99.602080 6.066908
vn 1.626887 -99.419159 10.638797
vn 9.648696 -97.964856 17.600842
vn 17.196025 -94.506408 27.799919
vn 24.355544 -90.896126 33.833441
vn 30.847957 -86.214263 40.193337
vn 36.470569 -80.492261 46.806982
vn 40.941967 -73.671623 53.816794
vn 43.775567 -65.514766 61.575281
vn 44.155713 -55.635803 70.391267
vn 40.931103 -43.701694 80.092488
vn 32.911897 -29.829605 89.593536
vn 23.047237 -17.684767 95.687376
vn 10.189073 -6.569556 99.262398
vn -4.065886 2.173262 99.893671
vn -2.343415 -99.936588 2.680815
vn 1.633159 -99.802432 6.066908
vn 9.746086 -98.953675 10.638797
vn 17.622217 -96.848685 17.600842
vn 24.861674 -92.785029 27.799919
vn 31.702209 -88.601739 33.833441
vn 37.790300 -83.404969 40.193337
vn 42.926497 -77.242619 46.806982
vn 46.825550 -70.079388 53.816794
vn 48.983085 -61.718248 61.575281
vn 48.554640 -51.841262 70.391267
vn 44.365548 -40.210589 80.092488
vn 35.239522 -27.040236 89.593536
vn 24.415368 -15.742171 95.687376
vn 10.691864 -5.714920 99.262398
vn 7.025093 -99.716906 2.680815
vn 9.783659 -99.335153 6.066908
vn 17.800089 -97.826238 10.638797
vn 25.477853 -95.084643 17.600842
vn 32.361010 -90.442963 27.799919
vn 38.836802 -85.714649 33.833441
vn 44.479844 -80.037736 40.193337
vn 49.095268 -73.476262 46.806982
vn 52.395893 -66.018355 53.816794
vn 53.862930 -57.508865 61.575281
vn 52.628760 -47.699928 70.391267
vn 47.503209 -36.450494 80.092488
vn 37.331411 -24.069981 89.593536
vn 25.620171 -13.694267 95.687376
vn 16.331864 -98.620908 2.680815
vn 17.868710 -98.203370 6.066908
vn 25.735017 -96.044390 10.638797
vn 33.163055 -92.684530 17.600842
vn 39.643866 -87.495877 27.799919
vn 45.711596 -82.254169 33.833441
vn 50.871839 -76.135088 40.193337
vn 54.935616 -69.218383 46.806982
vn 57.615732 -61.515691 53.816794
vn 58.382457 -52.914775 61.575281
vn 56.350819 -43.239504 70.391267
vn 50.323095 -32.446562 80.092488
vn 39.173571 -20.938710 89.593536
vn 25.495111 -96.658226 2.680815
vn 25.834228 -96.414653 6.066908
vn 33.497790 -93.620052 10.638797
vn 40.626412 -89.664402 17.600842
vn 46.661524 -83.963484 27.799919
vn 52.280600 -78.243448 33.833441
vn 56.923526 -71.723133 40.193337
vn 60.408470 -64.497467 46.806982
vn 62.450149 -56.601516 53.816794
vn 62.511434 -47.966711 61.575281
vn 59.695918 -38.489829 70.391267
vn 52.806344 -28.225579 80.092488
vn 33.626928 -93.980968 6.066908
vn 34.434305 -93.846107 2.680815
vn 41.194680 -90.918595 6.066908
vn 43.070889 -90.209266 2.680815
vn 48.486859 -87.248021 6.066908
vn 51.328965 -85.779663 2.680815
vn 55.454684 -82.993799 6.066908
vn 59.135960 -80.596225 2.680815
vn 62.051543 -78.184388 6.066908
vn 66.423266 -74.704504 2.680815
vn 68.233308 -72.851962 6.066908
vn 73.126842 -68.156278 2.680815
vn 73.958625 -67.032190 6.066908
vn 79.187777 -61.009091 2.680815
vn 79.189193 -60.764005 6.066908
vn 83.890024 -54.089338 6.066908
vn 83.567860 -53.881618 10.638797
vn 87.691609 -46.872142 10.638797
vn 86.815329 -46.403760 17.600842
vn 84.552806 -53.325755 2.680815
vn 88.029671 -47.052839 6.066908
vn 89.174783 -45.173790 2.680815
vn 96.824439 -24.253259 6.066908
vn 98.210944 -18.639304 2.680815
vn 98.482587 -16.259541 6.066908
vn 99.524816 -9.360783 2.680815
vn 99.481934 -8.157054 6.066908
vn 99.099892 -8.125728 10.638797
vn 98.109612 -8.044530 17.600842
vn 95.736839 -7.849974 27.799919
vn 93.787844 -7.690165 33.833441
vn 94.775114 -15.647435 27.799919
vn 92.845697 -15.328887 33.833441
vn 93.179389 -23.340222 27.799919
vn 91.282458 -22.865065 33.833441
vn 91.260622 -7.482945 40.193337
vn 90.343863 -14.915832 40.193337
vn 88.822747 -22.248940 40.193337
vn 88.073575 -7.221622 46.806982
vn 84.001854 -6.887760 53.816794
vn 78.530392 -6.439125 61.575281
vn 70.791079 -5.804538 70.391267
vn 59.676211 -4.893171 80.092488
vn 44.269876 -3.629923 89.593536
vn 59.076734 -9.753608 80.092488
vn 43.825163 -7.235564 89.593536
vn 58.082061 -14.548799 80.092488
vn 43.087280 -10.792802 89.593536
vn 28.953240 -2.374030 95.687376
vn 28.662390 -4.732180 95.687376
vn 28.179802 -7.058673 95.687376
vn 12.082827 -0.990735 99.262398
vn -4.594840 0.376755 99.893671
vn -19.432471 1.593372 98.080784
vn -31.437403 3.419024 94.868330
vn -19.237262 3.176085 98.080784
vn -4.548682 0.750991 99.893671
vn -4.472096 1.120202 99.893671
vn 11.760055 -2.945740 99.262398
vn -30.883454 6.797962 94.868330
vn -18.913364 4.737551 98.080784
vn -29.967425 10.097201 94.868330
vn -13.328468 14.230660 98.080784
vn -20.472152 24.101680 94.868330
vn -12.120942 15.272279 98.080784
vn -17.746293 26.173824 94.868330
vn -10.832334 16.211733 98.080784
vn -14.812375 27.939104 94.868330
vn -9.471262 17.042739 98.080784
vn -8.046832 17.759736 98.080784
vn -1.902687 4.199319 99.893671
vn -1.553150 4.340763 99.893671
vn 4.084243 -11.414694 99.262398
vn 3.137761 -11.710283 99.262398
vn 7.518798 -28.060538 95.687376
vn 5.200513 -28.581126 95.687376
vn 7.951651 -43.700910 89.593536
vn 4.353769 -44.204558 89.593536
vn 5.868922 -59.588162 80.092488
vn 0.979683 -59.868469 80.092488
vn 1.162152 -71.019145 70.391267
vn -4.645496 -70.876575 70.391267
vn -5.153370 -78.625235 61.575281
vn -11.561472 -77.941113 61.575281
vn -12.366997 -83.371519 53.816794
vn -19.138842 -82.082017 53.816794
vn -20.066536 -86.060679 46.806982
vn -27.032389 -84.132968 46.806982
vn -28.010589 -87.177420 40.193337
vn -35.041132 -84.596777 40.193337
vn -36.011504 -86.939461 33.833441
vn -42.995840 -83.705771 33.833441
vn -43.889332 -85.445252 27.799919
vn -50.725211 -81.572774 27.799919
vn -51.982400 -83.594500 17.600842
vn -58.639964 -79.066839 17.600842
vn -59.231853 -79.864908 10.638797
vn -65.560383 -74.757289 10.638797
vn -11.704796 29.376823 94.868330
vn -6.568572 18.357930 98.080784
vn -1.193223 4.453169 99.893671
vn 2.170289 -11.927536 99.262398
vn 2.847438 -28.910521 95.687376
vn 0.726763 -44.412499 89.593536
vn -3.916109 -59.748284 80.092488
vn -10.422068 -70.259875 70.391267
vn -17.892233 -76.735603 61.575281
vn -25.782658 -80.243425 53.816794
vn -33.817409 -81.642448 46.806982
vn -41.837268 -81.450222 40.193337
vn -49.692555 -79.912129 33.833441
vn -57.221762 -77.154614 27.799919
vn -64.905254 -74.010258 17.600842
vn -71.450345 -69.149579 10.638797
vn -8.459989 30.470126 94.868330
vn -5.046372 18.833318 98.080784
vn -0.825314 4.535786 99.893671
vn 1.188299 -12.065000 99.262398
vn 0.475315 -29.046518 95.687376
vn -2.905105 -44.323342 89.593536
vn -8.785705 -59.228411 80.092488
vn -16.128921 -69.173170 70.391267
vn -24.103304 -75.016768 61.575281
vn -32.254000 -77.868044 53.816794
vn -40.376206 -78.605778 46.806982
vn -48.353532 -77.758804 40.193337
vn -56.056850 -75.583913 33.833441
vn -63.335527 -72.220327 27.799919
vn -70.736360 -68.458584 17.600842
vn -76.862338 -63.079291 10.638797
vn -5.115996 31.206195 94.868330
vn -3.490414 19.182720 98.080784
vn -0.451885 4.588060 99.893671
vn 0.198359 -12.121754 99.262398
vn -1.899987 -28.988207 95.687376
vn -6.517540 -43.937683 89.593536
vn -13.596528 -58.312329 80.092488
vn -21.727879 -67.623730 70.391267
vn -30.153135 -72.796107 61.575281
vn -38.509578 -74.971762 53.816794
vn -46.664906 -75.043274 46.806982
vn -54.546334 -73.547217 40.193337
vn -62.046152 -70.750077 33.833441
vn -69.025607 -66.802920 27.799919
vn -76.094273 -62.448956 17.600842
vn -1.911107 19.403799 98.080784
vn -1.712023 31.576399 94.868330
vn -0.319016 19.495076 98.080784
vn 1.712023 31.576399 94.868330
vn 1.275210 19.455940 98.080784
vn 5.115996 31.206195 94.868330
vn 2.860905 19.286653 98.080784
vn 4.427462 18.988347 98.080784
vn 1.046881 4.489826 99.893671
vn 1.410292 4.389257 99.893671
vn -3.708578 -11.542215 99.262398
vn -4.639416 -11.200540 99.262398
vn -11.117109 -26.839076 95.687376
vn -13.273243 -25.840804 95.687376
vn -20.294960 -39.510921 89.593536
vn -23.455953 -37.720241 89.593536
vn -31.618846 -50.847241 80.092488
vn -35.668380 -48.093243 80.092488
vn -42.311719 -57.050749 70.391267
vn -46.832445 -53.402169 70.391267
vn -51.952454 -59.240420 61.575281
vn -56.619876 -54.796664 61.575281
vn -60.564763 -58.614522 53.816794
vn -65.152230 -53.469053 53.816794
vn -68.310276 -56.060794 46.806982
vn 8.459989 30.470126 94.868330
vn 5.964401 18.563019 98.080784
vn 1.764270 4.259325 99.893671
vn -5.539218 -10.783939 99.262398
vn -15.340586 -24.669669 95.687376
vn -26.460037 -35.677230 89.593536
vn -39.479309 -45.017524 80.092488
vn -51.039884 -49.396354 70.391267
vn -60.908538 -49.986345 61.575281
vn 11.704796 29.376823 94.868330
vn 7.461441 18.013513 98.080784
vn 2.106446 4.100901 99.893671
vn -6.401966 -10.295198 99.262398
vn -17.305307 -23.333505 95.687376
vn -29.287116 -33.395555 89.593536
vn -43.026141 -41.640660 80.092488
vn -54.905891 -45.060100 70.391267
vn 14.812375 27.939104 94.868330
vn 8.908568 17.343505 98.080784
vn 2.434530 3.915043 99.893671
vn -7.221887 -9.737588 99.262398
vn -19.154264 -21.841252 95.687376
vn -31.918278 -30.890481 89.593536
vn -46.285148 -37.985239 80.092488
vn 10.296101 16.557477 98.080784
vn 17.746293 26.173824 94.868330
vn 11.614758 15.660688 98.080784
vn 20.472152 24.101680 94.868330
vn 12.855717 14.659136 98.080784
vn 22.957993 21.746966 94.868330
vn 14.010678 13.559522 98.080784
vn 15.071915 12.369201 98.080784
vn 3.563779 2.924718 99.893671
vn 25.174673 19.137289 94.868330
vn 19.487246 0.637946 98.080784
vn 31.622777 0.000000 94.868330
vn 19.474200 -0.956706 98.080784
vn 31.437403 -3.419024 94.868330
vn 19.330880 -2.544959 98.080784
vn 30.883454 -6.797962 94.868330
vn 19.058246 -4.116187 98.080784
vn 18.658122 -5.659879 98.080784
vn 4.411744 -1.338288 99.893671
vn 4.287621 -1.694344 99.893671
vn -11.274950 4.455534 99.262398
vn -10.873127 5.362033 99.262398
vn -26.054518 12.848666 95.687376
vn -24.917365 14.934894 95.687376
vn -38.098971 22.835645 89.593536
vn -36.105386 25.872754 89.593536
vn -48.670401 34.876716 80.092488
vn -45.659813 38.734672 80.092488
vn -54.164647 45.948456 70.391267
vn -50.224842 50.224842 70.391267
vn -55.715728 55.715728 61.575281
vn -51.466061 59.663467 61.575281
vn -55.051865 63.820411 53.816794
vn -50.207779 67.697353 53.816794
vn -52.641440 70.978766 46.806982
vn -47.277284 74.658990 46.806982
vn -48.988069 77.360615 40.193337
vn -43.164334 80.754789 40.193337
vn -44.359656 82.991079 33.833441
vn -38.134259 86.029510 33.833441
vn -38.926723 87.817280 27.799919
vn -32.361010 90.442963 27.799919
vn -33.163055 92.684530 17.600842
vn 29.967425 -10.097201 94.868330
vn 18.133183 -7.165710 98.080784
vn 4.134817 -2.039066 99.893671
vn -10.398567 6.232661 99.262398
vn -23.613527 16.921214 95.687376
vn -33.871676 28.735132 89.593536
vn -42.339068 42.339068 80.092488
vn -46.393987 53.783524 70.391267
vn -46.937494 63.287885 61.575281
vn -45.091613 71.207438 53.816794
vn -41.656928 77.934631 46.806982
vn -37.106688 83.711346 40.193337
vn -31.702209 88.601739 33.833441
vn 28.700055 -13.278059 94.868330
vn 17.486943 -8.623606 98.080784
vn 3.954352 -2.370147 99.893671
vn -9.854447 7.061597 99.262398
vn -22.152460 18.793474 95.687376
vn -31.408584 31.408584 89.593536
vn -39.109693 45.339003 80.092488
vn -42.311719 57.050749 70.391267
vn -42.154570 66.569340 61.575281
vn -39.731091 74.331643 53.816794
vn -35.810830 80.787938 46.806982
vn -30.847957 86.214263 40.193337
vn 27.096203 -16.303244 94.868330
vn 16.723723 -10.023814 98.080784
vn 3.747435 -2.685374 99.893671
vn -9.244635 7.843023 99.262398
vn -20.541739 20.541739 95.687376
vn -29.012922 33.634040 89.593536
vn -35.668380 48.093243 80.092488
vn -38.000160 60.008811 70.391267
vn -37.143206 69.490050 61.575281
vn -34.155263 77.053038 53.816794
vn -29.770669 83.203447 46.806982
vn 15.848629 -11.356967 98.080784
vn 25.174673 -19.137289 94.868330
vn 14.867639 -12.614002 98.080784
vn 22.957993 -21.746966 94.868330
vn 13.786946 -13.786946 98.080784
vn 20.472152 -24.101680 94.868330
vn 12.735359 -14.763820 98.080784
vn 11.614758 -15.660688 98.080784
vn 2.746329 -3.702996 99.893671
vn 2.466478 -3.894995 99.893671
vn -6.485978 10.242478 99.262398
vn -5.714920 10.691864 99.262398
vn -13.694267 25.620171 95.687376
vn -11.772425 26.558165 95.687376
vn -18.000189 40.607776 89.593536
vn -14.964123 41.821923 89.593536
vn -20.171780 56.376348 80.092488
vn 17.746293 -26.173824 94.868330
vn 10.431215 -16.472689 98.080784
vn 2.173262 -4.065886 99.893671
vn -4.912893 11.083310 99.262398
vn -9.786787 27.352238 95.687376
vn 14.812375 -27.939104 94.868330
vn 9.191145 -17.195424 98.080784
vn 1.868268 -4.214745 99.893671
vn -4.084243 11.414694 99.262398
vn 7.901268 -17.824974 98.080784
vn 11.704796 -29.376823 94.868330
vn 6.568572 -18.357930 98.080784
vn 8.459989 -30.470126 94.868330
vn -5.115996 -31.206195 94.868330
vn -3.333361 -19.210634 98.080784
vn -1.120202 -4.472096 99.893671
vn 3.802882 11.511488 99.262398
vn 11.117109 26.839076 95.687376
vn 19.971036 39.675635 89.593536
vn 30.773257 51.363411 80.092488
vn 40.898880 58.071948 70.391267
vn 49.986345 60.908538 61.575281
vn 58.117072 61.042270 53.816794
vn 65.477220 59.345093 46.806982
vn 72.186432 56.334844 40.193337
vn 78.243448 52.280600 33.833441
vn 83.578930 47.346879 27.799919
vn 88.987681 42.088039 17.600842
vn 92.769778 35.785252 10.638797
vn -8.459989 -30.470126 94.868330
vn -4.737551 -18.913364 98.080784
vn -1.446154 -4.377572 99.893671
vn 4.639416 11.200540 99.262398
vn 13.061392 25.948529 95.687376
vn 22.830062 38.102317 89.593536
vn 34.477370 48.954104 80.092488
vn 45.060100 54.905891 70.391267
vn 54.331615 57.066280 61.575281
vn 62.450149 56.601516 53.816794
vn 69.665503 54.367492 46.806982
vn 76.135088 50.871839 40.193337
vn 81.877443 46.382999 33.833441
vn 86.835522 41.070143 27.799919
vn 91.842753 35.427659 17.600842
vn 95.150941 28.863722 10.638797
vn -6.116068 -18.513602 98.080784
vn -11.704796 -29.376823 94.868330
vn -7.461441 -18.013513 98.080784
vn -14.812375 -27.939104 94.868330
vn -8.766380 -17.415807 98.080784
vn -10.023324 -16.724017 98.080784
vn -2.369916 -3.954491 99.893671
vn -2.654626 -3.769279 99.893671
vn 6.980740 9.911889 99.262398
vn 7.690989 9.371497 99.262398
vn 18.429383 22.456268 95.687376
vn 20.031433 21.039672 95.687376
vn 30.628319 32.169929 89.593536
vn 32.911897 29.829605 89.593536
vn 44.365548 40.210589 80.092488
vn 47.203412 36.837904 80.092488
vn 55.995185 43.699071 70.391267
vn 59.058167 39.461405 70.391267
vn 65.514766 43.775567 61.575281
vn 68.557581 38.837390 61.575281
vn 73.334206 41.543314 53.816794
vn 76.191619 36.035952 53.816794
vn 79.884764 37.782680 46.806982
vn 82.447779 31.803618 46.806982
vn 85.431251 32.954470 40.193337
vn 87.624052 26.580466 40.193337
vn 90.050568 27.316541 33.833441
vn 91.816102 20.617995 33.833441
vn 93.724123 21.046456 27.799919
vn -17.746293 -26.173824 94.868330
vn -11.226927 -15.941012 98.080784
vn -2.924718 -3.563779 99.893671
vn 8.359560 8.780321 99.262398
vn 21.524931 19.509061 95.687376
vn 35.017123 27.327631 89.593536
vn 49.785477 33.265592 80.092488
vn 61.801107 35.009895 70.391267
vn 71.228877 33.688750 61.575281
vn 78.636144 30.333308 53.816794
vn 84.564003 25.652210 46.806982
vn 89.342011 20.062420 40.193337
vn -20.472152 -24.101680 94.868330
vn -12.369201 -15.071915 98.080784
vn -3.178961 -3.338967 99.893671
vn 8.982830 8.141562 99.262398
vn 22.901784 17.872728 95.687376
vn 36.932587 24.677566 89.593536
vn 52.097750 29.513011 80.092488
vn 64.209142 30.368662 70.391267
vn 73.514177 28.357547 61.575281
vn 80.654533 24.466285 53.816794
vn 86.221966 19.361790 46.806982
vn -13.444445 -14.121142 98.080784
vn -22.957993 -21.746966 94.868330
vn -14.446832 -13.093845 98.080784
vn -25.174673 -19.137289 94.868330
vn -15.370931 -11.995592 98.080784
vn -16.211733 -10.832334 98.080784
vn -3.833291 -2.561323 99.893671
vn -4.011327 -2.272389 99.893671
vn 10.548393 5.975591 99.262398
vn 10.959403 5.183412 99.262398
vn 26.261256 12.420649 95.687376
vn 27.103820 10.455097 95.687376
vn 41.442090 15.985978 89.593536
vn 42.505802 12.893994 89.593536
vn 57.298223 17.381226 80.092488
vn 58.421613 13.119012 80.092488
vn 69.302808 15.562466 70.391267
vn -27.096203 -16.303244 94.868330
vn -16.964683 -9.610374 98.080784
vn -4.167626 -1.971140 99.893671
vn 11.311024 4.363143 99.262398
vn 27.799506 8.432888 95.687376
vn 43.339172 9.732136 89.593536
vn -28.700055 -13.278059 94.868330
vn -17.625699 -8.336335 98.080784
vn -4.301340 -1.659210 99.893671
vn 11.601349 3.519231 99.262398
vn 28.344544 6.364980 95.687376
vn -18.191200 -7.017120 98.080784
vn -29.967425 -10.097201 94.868330
vn -18.658122 -5.659879 98.080784
vn -30.883454 -6.797962 94.868330
vn -19.023933 -4.271967 98.080784
vn 97.016472 21.785777 10.638797
vn 96.047011 21.568078 17.600842
vn 94.200122 28.575294 17.600842
vn 82.235847 18.466677 53.816794
vn 76.879414 17.263850 61.575281
vn 11.828805 2.656247 99.262398
vn -4.498241 -1.010114 99.893671
vn 91.921900 27.884204 27.799919
vn 87.797043 33.867057 33.833441
vn 82.775490 39.149891 40.193337
vn 76.888846 43.556994 46.806982
vn 70.079388 46.825550 53.816794
vn 62.116920 48.476520 61.575281
vn 52.628760 47.699928 70.391267
vn 41.287263 43.365369 80.092488
vn 28.178763 34.335922 89.593536
vn 16.727462 23.751171 95.687376
vn 6.231747 10.399115 99.262398
vn -2.072825 -4.117996 99.893671
vn 75.401098 22.872673 61.575281
vn 67.970183 20.618530 70.391267
vn -4.411744 -1.338288 99.893671
vn 89.621544 34.570845 27.799919
vn 66.269222 25.562860 70.391267
vn 55.864328 21.549249 80.092488
vn 85.067738 40.234044 33.833441
vn 79.671161 45.133155 40.193337
vn 73.476262 49.095268 46.806982
vn 66.444804 51.854034 53.816794
vn 58.382457 52.914775 61.575281
vn 48.977136 51.442295 70.391267
vn 37.985239 46.285148 80.092488
vn 25.576505 36.315846 89.593536
vn 14.931973 24.919115 95.687376
vn 5.450808 10.828895 99.262398
vn -1.764270 -4.259325 99.893671
vn 54.127700 25.600496 80.092488
vn 40.153799 18.991332 89.593536
vn 38.647911 21.893771 89.593536
vn 25.276381 14.318893 95.687376
vn 10.080220 6.735387 99.262398
vn -3.634482 -2.836378 99.893671
vn 24.154530 16.139541 95.687376
vn 9.557421 7.458685 99.262398
vn -3.415977 -3.096061 99.893671
vn 68.562719 72.013676 10.638797
vn 62.448956 76.094273 17.600842
vn 55.311059 78.535669 27.799919
vn 48.345874 80.733975 33.833441
vn 41.169512 81.789773 40.193337
vn 33.817409 81.642448 46.806982
vn 26.438278 80.029808 53.816794
vn 19.145365 76.432583 61.575281
vn 12.143193 69.982944 70.391267
vn 5.868922 59.588162 80.092488
vn 1.090083 44.405067 89.593536
vn -1.425436 29.015414 95.687376
vn -1.484031 12.032204 99.262398
vn 63.079291 76.862338 10.638797
vn 57.254030 81.294477 10.638797
vn 51.068509 85.316021 10.638797
vn 56.681905 80.482122 17.600842
vn 49.347525 82.413508 27.799919
vn 42.309593 84.054724 33.833441
vn 35.041132 84.596777 40.193337
vn 27.719788 83.908997 46.806982
vn 20.479284 81.757884 53.816794
vn 13.470761 77.633906 61.575281
vn 6.962025 70.686631 70.391267
vn 1.469442 59.858450 80.092488
vn -2.179510 44.364941 89.593536
vn -3.556080 28.831934 95.687376
vn 50.564382 84.459775 17.600842
vn 44.259230 87.927987 17.600842
vn 43.188824 85.801457 27.799919
vn 36.011504 86.939461 33.833441
vn 28.722862 86.945344 40.193337
vn 21.471952 85.720836 46.806982
vn 14.409311 83.042907 53.816794
vn 7.723157 78.414524 61.575281
vn 1.743130 71.007261 70.391267
vn -2.938000 59.804360 80.092488
vn -5.437292 44.084398 89.593536
vn 36.759855 88.746141 27.799919
vn 29.518266 89.353065 33.833441
vn 22.248940 88.822747 40.193337
vn 15.107757 87.068146 46.806982
vn 8.261253 83.877914 53.816794
vn 1.933700 78.770207 61.575281
vn -3.485211 70.943096 70.391267
vn -7.329521 59.426185 80.092488
vn 2.440195 99.402522 10.638797
vn -4.830166 98.320292 17.600842
vn -11.758541 95.335729 27.799919
vn -4.878920 99.312699 10.638797
vn -12.049968 97.698560 17.600842
vn -12.171596 98.684691 10.638797
vn -33.497790 93.620052 10.638797
vn -40.294145 90.902134 10.638797
vn -46.872142 87.691609 10.638797
vn -28.394345 79.356877 53.816794
vn -26.544878 74.187965 61.575281
vn -23.928833 66.876607 70.391267
vn 1.553150 -4.340763 99.893671
vn -39.891495 89.993772 17.600842
vn -45.281489 84.715708 27.799919
vn -50.344664 79.502912 33.833441
vn -54.546334 73.547217 40.193337
vn -57.720328 66.913901 46.806982
vn -59.597620 59.597620 53.816794
vn -60.086879 50.971088 61.575281
vn -57.735405 41.372606 70.391267
vn -51.357773 30.782665 80.092488
vn -39.837693 19.645776 89.593536
vn -27.017378 10.676487 95.687376
vn -11.601349 3.519231 99.262398
vn 4.506354 -0.973279 99.893671
vn -31.930559 72.034187 61.575281
vn -28.783745 64.935088 70.391267
vn -24.264425 54.739666 80.092488
vn -46.403760 86.815329 17.600842
vn -52.664559 83.166427 17.600842
vn -33.482675 62.641680 70.391267
vn -28.225579 52.806344 80.092488
vn -20.938710 39.173571 89.593536
vn -51.390871 81.155054 27.799919
vn -56.056850 75.583913 33.833441
vn -59.809007 69.335260 40.193337
vn -62.486424 62.486424 46.806982
vn -64.273989 54.521621 53.816794
vn -64.047392 45.895712 61.575281
vn -60.923308 36.516025 70.391267
vn -53.701586 26.482692 80.092488
vn -41.309919 16.324486 89.593536
vn -27.799506 8.432888 95.687376
vn -11.850140 2.559385 99.262398
vn 4.570819 -0.601760 99.893671
vn -57.221762 77.154614 27.799919
vn -32.033776 50.586861 80.092488
vn -23.763762 37.527082 89.593536
vn -26.460037 35.677230 89.593536
vn -15.541898 24.543340 95.687376
vn -17.305307 23.333505 95.687376
vn -18.974937 21.997225 95.687376
vn -7.221887 9.737588 99.262398
vn 3.011297 -3.490930 99.893671
vn -61.465259 71.255317 33.833441
vn -64.747570 64.747570 40.193337
vn -67.390162 57.163559 46.806982
vn -68.509777 49.093412 53.816794
vn -67.583815 40.508180 61.575281
vn -63.703663 31.415170 70.391267
vn -55.686161 22.005562 80.092488
vn -42.505802 12.893994 89.593536
vn -28.395668 6.132876 95.687376
vn -12.019660 1.582418 99.262398
vn 4.604707 -0.226215 99.893671
vn -7.918661 9.179928 99.262398
vn -8.572522 8.572522 99.262398
vn 3.259946 -3.259946 99.893671
vn 3.515507 -2.982567 99.893671
vn -85.286074 51.118505 10.638797
vn -88.287136 43.538397 17.600842
vn -89.335716 35.302894 27.799919
vn -90.050568 27.316541 33.833441
vn -89.503155 19.330829 40.193337
vn -87.613138 11.534488 46.806982
vn -84.182240 4.135608 53.816794
vn -78.751751 -2.578065 61.575281
vn -70.563258 -8.117649 70.391267
vn -58.725974 -11.681323 80.092488
vn -42.711080 -12.196799 89.593536
vn -27.188448 -10.233007 95.687376
vn -89.178272 43.977857 10.638797
vn -91.549841 36.177852 17.600842
vn -91.921900 27.884204 27.799919
vn -91.981708 19.866145 33.833441
vn -90.783524 11.951878 40.193337
vn -88.262704 4.336069 46.806982
vn -84.238637 -2.757687 53.816794
vn -78.277663 -9.005120 61.575281
vn -69.663857 -13.857003 70.391267
vn -57.574939 -16.441401 80.092488
vn -41.571486 -15.646399 89.593536
vn -92.473909 36.543017 10.638797
vn -94.200122 28.575294 17.600842
vn -93.893170 20.278981 27.799919
vn -93.297534 12.282853 33.833441
vn -91.456595 4.492974 40.193337
vn -88.321835 -2.891357 46.806982
vn -83.731517 -9.632535 53.816794
vn -77.279935 -15.371935 61.575281
vn -68.298439 -19.503660 70.391267
vn -56.038756 -21.091494 80.092488
vn -95.150941 28.863722 10.638797
vn -96.220249 20.781582 17.600842
vn -95.236340 12.538102 27.799919
vn -93.989244 4.617395 33.833441
vn -91.517866 -2.995985 40.193337
vn -87.790134 -10.099442 46.806982
vn -82.664274 -16.442946 53.816794
vn -75.765241 -21.635919 61.575281
vn -66.476137 -25.019846 70.391267
vn -97.191458 20.991343 10.638797
vn -97.596708 12.848850 17.600842
vn -95.942425 4.713349 27.799919
vn -94.052211 -3.078951 33.833441
vn -90.966925 -10.464902 40.193337
vn -86.671160 -17.239966 46.806982
vn -81.044047 -23.143362 53.816794
vn -73.743714 -27.755169 61.575281
vn -98.581811 12.978542 10.638797
vn -98.320292 4.830166 17.600842
vn -96.006700 -3.142934 27.799919
vn -93.486013 -10.754700 33.833441
vn -89.807460 -17.863814 40.193337
vn -84.972397 -24.265162 46.806982
vn -78.881673 -29.688960 53.816794
vn -99.312699 4.878920 10.638797
vn -98.386161 -3.220829 17.600842
vn -95.428737 -10.978192 27.799919
vn -92.294440 -18.358505 33.833441
vn -88.047225 -25.143226 40.193337
vn -82.705210 -31.128037 46.806982
vn -74.253939 -60.938633 27.799919
vn -72.742289 -59.698054 33.833441
vn -67.620395 -65.442956 33.833441
vn -70.782164 -58.089421 40.193337
vn -65.798285 -63.679520 40.193337
vn -60.374247 -68.843634 40.193337
vn -63.500446 -61.455673 46.806982
vn -55.572146 -63.367888 53.816794
vn -46.937494 -63.287885 61.575281
vn -37.507948 -60.317687 70.391267
vn -27.357798 -53.261095 80.092488
vn -16.998203 -41.037292 89.593536
vn -8.886607 -27.657808 95.687376
vn -2.752931 -11.806678 99.262398
vn 0.676466 4.560361 99.893671
vn -34.335922 -28.178763 89.593536
vn -22.456268 -18.429383 95.687376
vn -20.875088 -20.202891 95.687376
vn -9.371497 -7.690989 99.262398
vn -8.711636 -8.431113 99.262398
vn -7.993498 -9.114838 99.262398
vn 3.312848 3.206171 99.893671
vn -58.265828 -66.439444 46.806982
vn -52.641440 -70.978766 46.806982
vn 3.039756 3.466177 99.893671
vn 2.746329 3.702996 99.893671
vn -50.207779 -67.697353 53.816794
vn -41.608546 -66.911985 61.575281
vn -32.453267 -63.181129 70.391267
vn -22.913738 -55.318658 80.092488
vn -13.587737 -42.289144 89.593536
vn -6.596658 -28.291522 95.687376
vn -1.778869 -11.992160 99.262398
vn 0.301525 4.600389 99.893671
vn -52.507090 -84.438270 10.638797
vn -44.977099 -87.562954 17.600842
vn -36.759855 -88.746141 27.799919
vn -28.786268 -89.591568 33.833441
vn -20.792668 -89.174888 40.193337
vn -12.966447 -87.412686 46.806982
vn -5.512422 -84.103305 53.816794
vn 1.289205 -78.783391 61.575281
vn 6.962025 -70.686631 70.391267
vn 10.718900 -58.909240 80.092488
vn 11.496340 -42.904923 89.593536
vn 9.786787 -27.352238 95.687376
vn 5.003403 -11.042746 99.262398
vn -2.239496 4.029784 99.893671
vn -44.507546 -71.573956 53.816794
vn -45.431081 -88.446780 10.638797
vn -37.670923 -90.945654 17.600842
vn -29.384472 -91.453361 27.799919
vn -21.368465 -91.644350 33.833441
vn -13.435653 -90.575818 40.193337
vn -5.779619 -88.179943 46.806982
vn 1.379028 -84.272481 53.816794
vn 7.723157 -78.414524 61.575281
vn 12.715327 -69.881257 70.391267
vn 15.497174 -57.836242 80.092488
vn 14.964123 -41.821923 89.593536
vn 11.989307 -26.460964 95.687376
vn 5.889093 -10.596927 99.262398
vn -2.561323 3.833291 99.893671
vn -36.001256 -70.088475 61.575281
vn -27.181489 -65.621919 70.391267
vn -18.316397 -57.006166 80.092488
vn -10.086375 -43.258101 89.593536
vn -4.262580 -28.735980 95.687376
vn -0.792907 -12.097420 99.262398
vn -0.075432 4.609643 99.893671
vn -38.051159 -91.863623 10.638797
vn -30.112746 -93.719971 17.600842
vn -21.812521 -93.548802 27.799919
vn -13.807718 -93.084076 33.833441
vn -5.988761 -91.370840 40.193337
vn 1.445872 -88.357319 46.806982
vn 8.261253 -83.877914 53.816794
vn 14.105444 -77.521102 61.575281
vn 18.383568 -68.608410 70.391267
vn 20.171780 -56.376348 80.092488
vn 18.331805 -40.459155 89.593536
vn 14.111624 -25.392680 95.687376
vn 6.735387 -10.080220 99.262398
vn -2.866017 3.611156 99.893671
vn 41.036479 -90.569440 10.638797
vn 47.817998 -86.044462 17.600842
vn 53.367038 -79.869417 27.799919
vn 58.499873 -73.709315 33.833441
vn 62.594422 -66.831384 40.193337
vn 65.477220 -59.345093 46.806982
vn 66.866805 -51.308704 53.816794
vn 66.222240 -42.697772 61.575281
vn 62.641680 -33.482675 70.391267
vn 48.300654 -86.912961 10.638797
vn 55.241720 -82.675077 10.638797
vn 61.813246 -77.884136 10.638797
vn 67.971271 -72.572187 10.638797
vn 73.674600 -66.774765 10.638797
vn 78.885082 -60.530652 10.638797
vn 54.689704 -81.848926 17.600842
vn 59.715553 -75.241061 27.799919
vn 64.327809 -68.682103 33.833441
vn 67.846591 -61.492566 40.193337
vn 70.107959 -53.795729 46.806982
vn 70.836154 -45.672662 53.816794
vn 69.490050 -37.143206 61.575281
vn 61.195562 -77.105859 17.600842
vn 67.292051 -71.846992 17.600842
vn 72.938389 -66.107502 17.600842
vn 78.096803 -59.925785 17.600842
vn 82.732788 -53.343193 17.600842
vn 65.664599 -70.109379 27.799919
vn 69.725423 -63.195440 33.833441
vn 72.644899 -55.742392 40.193337
vn 74.269710 -47.886498 46.806982
vn 74.331643 -39.731091 53.816794
vn 71.174380 -64.508698 27.799919
vn 76.208039 -58.476485 27.799919
vn 80.731903 -52.053092 27.799919
vn 84.715708 -45.281489 27.799919
vn 74.656608 -57.286030 33.833441
vn 76.957248 -49.619328 40.193337
vn 77.934631 -41.656928 46.806982
vn 79.088375 -50.993404 33.833441
vn 82.991079 -44.359656 33.833441
vn 80.754789 -43.164334 40.193337
vn 96.452603 -24.160119 10.638797
vn 98.104383 -16.197099 10.638797
vn 95.488777 -23.918693 17.600842
vn 97.124051 -16.035246 17.600842
vn 85.720836 -21.471952 46.806982
vn 87.188831 -14.394934 46.806982
vn 81.757884 -20.479284 53.816794
vn 83.158013 -13.729443 53.816794
vn 76.432583 -19.145365 61.575281
vn 77.741514 -12.835176 61.575281
vn 68.900013 -17.258555 70.391267
vn 70.079947 -11.570246 70.391267
vn 11.961449 -1.974843 99.262398
# usemtl Steel_-_Satin
f 2/1/1 34/2/2 1/3/3
f 1/3/3 34/2/2 35/4/4
f 1/3/3 35/4/4 36/5/5
f 34/2/2 2/1/1 33/6/6
f 33/6/6 2/1/1 3/7/7
f 33/6/6 3/7/7 32/8/8
f 32/8/8 3/7/7 4/9/9
f 32/8/8 4/9/9 31/10/10
f 31/10/10 4/9/9 5/11/11
f 31/10/10 5/11/11 30/12/12
f 30/12/12 5/11/11 6/13/13
f 30/12/12 6/13/13 29/14/14
f 29/14/14 6/13/13 7/15/15
f 29/14/14 7/15/15 28/16/16
f 28/16/16 7/15/15 8/17/17
f 28/16/16 8/17/17 27/18/18
f 27/18/18 8/17/17 9/19/19
f 27/18/18 9/19/19 26/20/20
f 26/20/20 9/19/19 10/21/21
f 26/20/20 10/21/21 25/22/22
f 25/22/22 10/21/21 11/23/23
f 25/22/22 11/23/23 24/24/24
f 24/24/24 11/23/23 12/25/25
f 24/24/24 12/25/25 23/26/26
f 23/26/26 12/25/25 13/27/27
f 23/26/26 13/27/27 22/28/28
f 22/28/28 13/27/27 14/29/29
f 22/28/28 14/29/29 21/30/30
f 21/30/30 14/29/29 15/31/31
f 21/30/30 15/31/31 20/32/32
f 20/32/32 15/31/31 16/33/33
f 20/32/32 16/33/33 19/34/34
f 19/34/34 16/33/33 17/35/35
f 19/34/34 17/35/35 18/36/36
f 36/5/5 37/37/37 1/3/3
f 1/3/3 37/37/37 38/38/38
f 1/3/3 38/38/38 39/39/39
f 39/39/39 40/40/40 1/3/3
f 1/3/3 40/40/40 41/41/41
f 1/3/3 41/41/41 42/42/42
f 42/42/42 43/43/43 1/3/3
f 1/3/3 43/43/43 44/44/44
f 1/3/3 44/44/44 45/45/45
f 45/45/45 46/46/46 1/3/3
f 1/3/3 46/46/46 47/47/47
f 1/3/3 47/47/47 48/48/48
f 48/48/48 49/49/49 1/3/3
f 1/3/3 49/49/49 50/50/50
f 1/3/3 50/50/50 51/51/51
f 51/51/51 52/52/52 1/3/3
f 1/3/3 52/52/52 53/53/53
f 1/3/3 53/53/53 54/54/54
f 54/54/54 55/55/55 1/3/3
f 1/3/3 55/55/55 56/56/56
f 1/3/3 56/56/56 57/57/57
f 57/57/57 58/58/58 1/3/3
f 1/3/3 58/58/58 59/59/59
f 1/3/3 59/59/59 60/60/60
f 60/60/60 61/61/61 1/3/3
f 1/3/3 61/61/61 62/62/62
f 1/3/3 62/62/62 63/63/63
f 63/63/63 64/64/64 1/3/3
f 1/3/3 64/64/64 65/65/65
f 1/3/3 65/65/65 66/66/66
f 66/66/66 67/67/67 1/3/3
f 69/68/68 126/69/69 68/70/70
f 71/71/71 126/72/72 70/73/73
f 73/74/74 126/75/75 72/76/76
f 75/77/77 126/78/78 74/79/79
f 77/80/80 126/81/81 76/82/82
f 78/83/83 126/84/84 77/80/80
f 80/85/85 126/86/86 79/87/87
f 82/88/88 126/89/89 81/90/90
f 84/91/91 126/92/92 83/93/93
f 86/94/94 126/95/95 85/96/96
f 88/97/97 126/98/98 87/99/99
f 90/100/100 126/101/101 89/102/102
f 92/103/103 126/104/104 91/105/105
f 94/106/106 126/107/107 93/108/108
f 96/109/109 126/110/110 95/111/111
f 98/112/112 126/113/113 97/114/114
f 100/115/115 126/116/116 99/117/117
f 102/118/118 126/119/119 101/120/120
f 104/121/121 126/122/122 103/123/123
f 106/124/124 126/125/125 105/126/126
f 108/127/127 126/128/128 107/129/129
f 110/130/130 126/131/131 109/132/132
f 112/133/133 126/134/134 111/135/135
f 114/136/136 126/137/137 113/138/138
f 116/139/139 126/140/140 115/141/141
f 117/142/142 126/143/143 116/139/139
f 119/144/144 126/145/145 118/146/146
f 121/147/147 126/148/148 120/149/149
f 123/150/150 126/151/151 122/152/152
f 125/153/153 126/154/154 124/155/155
f 97/156/114 126/157/156 96/109/109
f 95/111/111 126/158/157 94/106/106
f 93/108/108 126/159/158 92/103/103
f 91/105/105 126/160/159 90/100/100
f 89/102/102 126/161/160 88/97/97
f 87/99/99 126/162/161 86/94/94
f 85/96/96 126/163/162 84/91/91
f 83/93/93 126/164/163 82/88/88
f 81/90/90 126/165/164 80/85/85
f 79/87/87 126/166/165 78/83/83
f 76/82/82 126/167/166 75/77/77
f 74/79/79 126/168/167 73/74/74
f 72/76/76 126/169/168 71/71/71
f 70/73/73 126/170/169 69/68/68
f 68/70/70 126/171/170 125/153/153
f 124/155/155 126/172/171 123/150/150
f 122/152/152 126/173/172 121/147/147
f 120/149/149 126/174/173 119/144/144
f 118/146/146 126/175/174 117/142/142
f 115/141/141 126/176/175 114/136/136
f 113/138/138 126/177/176 112/133/133
f 111/135/135 126/178/177 110/130/130
f 109/132/132 126/179/178 108/127/127
f 107/129/129 126/180/179 106/124/124
f 105/126/126 126/181/180 104/121/121
f 103/123/123 126/182/181 102/118/118
f 101/120/120 126/183/182 100/115/115
f 99/117/117 126/184/183 98/112/112
f 68/185/184 127/186/185 69/187/186
f 69/187/186 127/186/185 187/188/187
f 69/187/186 187/188/187 203/189/188
f 203/189/188 187/188/187 186/190/189
f 203/189/188 186/190/189 202/191/190
f 202/191/190 186/190/189 185/192/191
f 202/191/190 185/192/191 201/193/192
f 201/193/192 185/192/191 184/194/193
f 201/193/192 184/194/193 200/195/194
f 200/195/194 184/194/193 183/196/195
f 200/195/194 183/196/195 199/197/196
f 199/197/196 183/196/195 182/198/197
f 199/197/196 182/198/197 198/199/198
f 198/199/198 182/198/197 181/200/199
f 198/199/198 181/200/199 197/201/200
f 197/201/200 181/200/199 180/202/201
f 197/201/200 180/202/201 196/203/202
f 196/203/202 180/202/201 179/204/203
f 196/203/202 179/204/203 195/205/204
f 195/205/204 179/204/203 178/206/205
f 195/205/204 178/206/205 194/207/206
f 194/207/206 178/206/205 177/208/207
f 194/207/206 177/208/207 193/209/208
f 193/209/208 177/208/207 176/210/209
f 193/209/208 176/210/209 192/211/210
f 192/211/210 176/210/209 175/212/211
f 192/211/210 175/212/211 191/213/212
f 191/213/212 175/212/211 174/214/213
f 191/213/212 174/214/213 190/215/214
f 190/215/214 174/214/213 173/216/215
f 190/215/214 173/216/215 189/217/216
f 189/217/216 173/216/215 172/218/217
f 189/217/216 172/218/217 188/219/218
f 188/219/218 172/218/217 67/220/219
f 188/219/218 67/220/219 66/221/220
f 127/186/185 128/222/221 187/188/187
f 187/188/187 128/222/221 186/190/189
f 128/222/221 129/223/222 186/190/189
f 186/190/189 129/223/222 185/192/191
f 129/223/222 130/224/223 185/192/191
f 185/192/191 130/224/223 184/194/193
f 130/224/223 131/225/224 184/194/193
f 184/194/193 131/225/224 132/226/225
f 184/194/193 132/226/225 183/196/195
f 183/196/195 132/226/225 133/227/226
f 183/196/195 133/227/226 182/198/197
f 182/198/197 133/227/226 181/200/199
f 133/227/226 134/228/227 181/200/199
f 181/200/199 134/228/227 180/202/201
f 134/228/227 135/229/228 180/202/201
f 180/202/201 135/229/228 179/204/203
f 135/229/228 136/230/229 179/204/203
f 179/204/203 136/230/229 178/206/205
f 136/230/229 137/231/230 178/206/205
f 178/206/205 137/231/230 177/208/207
f 177/208/207 137/231/230 176/210/209
f 176/210/209 137/231/230 138/232/231
f 176/210/209 138/232/231 175/212/211
f 175/212/211 138/232/231 174/214/213
f 138/232/231 139/233/232 174/214/213
f 174/214/213 139/233/232 173/216/215
f 139/233/232 140/234/233 173/216/215
f 173/216/215 140/234/233 172/218/217
f 140/234/233 1/235/234 172/218/217
f 172/218/217 1/235/234 67/220/219
f 188/219/218 66/221/220 204/236/235
f 204/236/235 66/221/220 65/237/236
f 204/236/235 65/237/236 142/238/237
f 142/238/237 65/237/236 64/239/238
f 142/238/237 64/239/238 265/240/239
f 265/240/239 64/239/238 234/241/240
f 265/240/239 234/241/240 235/242/241
f 235/242/241 234/241/240 267/243/242
f 235/242/241 267/243/242 268/244/243
f 268/244/243 267/243/242 283/245/244
f 268/244/243 283/245/244 284/246/245
f 284/246/245 283/245/244 300/247/246
f 284/246/245 300/247/246 301/248/247
f 301/248/247 300/247/246 339/249/248
f 301/248/247 339/249/248 338/250/249
f 338/250/249 339/249/248 318/251/250
f 338/250/249 318/251/250 319/252/251
f 319/252/251 318/251/250 349/253/252
f 319/252/251 349/253/252 350/254/253
f 350/254/253 349/253/252 366/255/254
f 350/254/253 366/255/254 367/256/255
f 367/256/255 366/255/254 397/257/256
f 367/256/255 397/257/256 396/258/257
f 396/258/257 397/257/256 383/259/258
f 396/258/257 383/259/258 384/260/259
f 384/260/259 383/259/258 416/261/260
f 384/260/259 416/261/260 417/262/261
f 417/262/261 416/261/260 432/263/262
f 417/262/261 432/263/262 433/264/263
f 433/264/263 432/263/262 448/265/264
f 433/264/263 448/265/264 449/266/265
f 449/266/265 448/265/264 469/267/266
f 449/266/265 469/267/266 468/268/267
f 468/268/267 469/267/266 466/269/268
f 468/268/267 466/269/268 467/270/269
f 467/270/269 466/269/268 498/271/270
f 467/270/269 498/271/270 82/272/271
f 82/272/271 498/271/270 150/273/272
f 82/272/271 150/273/272 83/274/273
f 83/274/273 150/273/272 529/275/274
f 83/274/273 529/275/274 84/276/275
f 84/276/275 529/275/274 545/277/276
f 84/276/275 545/277/276 151/278/277
f 151/278/277 545/277/276 546/279/278
f 151/278/277 546/279/278 544/280/279
f 544/280/279 546/279/278 547/281/280
f 544/280/279 547/281/280 543/282/281
f 543/282/281 547/281/280 548/283/282
f 543/282/281 548/283/282 542/284/283
f 542/284/283 548/283/282 549/285/284
f 542/284/283 549/285/284 541/286/285
f 541/286/285 549/285/284 550/287/286
f 541/286/285 550/287/286 540/288/287
f 540/288/287 550/287/286 551/289/288
f 540/288/287 551/289/288 539/290/289
f 539/290/289 551/289/288 552/291/290
f 539/290/289 552/291/290 538/292/291
f 538/292/291 552/291/290 553/293/292
f 538/292/291 553/293/292 537/294/293
f 537/294/293 553/293/292 554/295/294
f 537/294/293 554/295/294 536/296/295
f 536/296/295 554/295/294 555/297/296
f 536/296/295 555/297/296 535/298/297
f 535/298/297 555/297/296 556/299/298
f 535/298/297 556/299/298 534/300/299
f 534/300/299 556/299/298 557/301/300
f 534/300/299 557/301/300 533/302/301
f 533/302/301 557/301/300 558/303/302
f 533/302/301 558/303/302 532/304/303
f 532/304/303 558/303/302 559/305/304
f 532/304/303 559/305/304 531/306/305
f 531/306/305 559/305/304 152/307/306
f 531/306/305 152/307/306 530/308/307
f 530/308/307 152/307/306 49/309/308
f 530/308/307 49/309/308 48/310/309
f 64/239/238 63/311/310 234/241/240
f 234/241/240 63/311/310 266/312/311
f 234/241/240 266/312/311 267/243/242
f 267/243/242 266/312/311 282/313/312
f 267/243/242 282/313/312 283/245/244
f 283/245/244 282/313/312 299/314/313
f 283/245/244 299/314/313 300/247/246
f 300/247/246 299/314/313 340/315/314
f 300/247/246 340/315/314 339/249/248
f 339/249/248 340/315/314 317/316/315
f 339/249/248 317/316/315 318/251/250
f 318/251/250 317/316/315 348/317/316
f 318/251/250 348/317/316 349/253/252
f 349/253/252 348/317/316 365/318/317
f 349/253/252 365/318/317 366/255/254
f 366/255/254 365/318/317 398/319/318
f 366/255/254 398/319/318 397/257/256
f 397/257/256 398/319/318 382/320/319
f 397/257/256 382/320/319 383/259/258
f 383/259/258 382/320/319 415/321/320
f 383/259/258 415/321/320 416/261/260
f 416/261/260 415/321/320 431/322/321
f 416/261/260 431/322/321 432/263/262
f 432/263/262 431/322/321 447/323/322
f 432/263/262 447/323/322 448/265/264
f 448/265/264 447/323/322 470/324/323
f 448/265/264 470/324/323 469/267/266
f 469/267/266 470/324/323 465/325/324
f 469/267/266 465/325/324 466/269/268
f 466/269/268 465/325/324 497/326/325
f 466/269/268 497/326/325 498/271/270
f 498/271/270 497/326/325 150/273/272
f 63/311/310 62/327/326 266/312/311
f 266/312/311 62/327/326 281/328/327
f 266/312/311 281/328/327 282/313/312
f 282/313/312 281/328/327 298/329/328
f 282/313/312 298/329/328 299/314/313
f 299/314/313 298/329/328 341/330/329
f 299/314/313 341/330/329 340/315/314
f 340/315/314 341/330/329 316/331/330
f 340/315/314 316/331/330 317/316/315
f 317/316/315 316/331/330 347/332/331
f 317/316/315 347/332/331 348/317/316
f 348/317/316 347/332/331 364/333/332
f 348/317/316 364/333/332 365/318/317
f 365/318/317 364/333/332 399/334/333
f 365/318/317 399/334/333 398/319/318
f 398/319/318 399/334/333 381/335/334
f 398/319/318 381/335/334 382/320/319
f 382/320/319 381/335/334 414/336/335
f 382/320/319 414/336/335 415/321/320
f 415/321/320 414/336/335 430/337/336
f 415/321/320 430/337/336 431/322/321
f 431/322/321 430/337/336 446/338/337
f 431/322/321 446/338/337 447/323/322
f 447/323/322 446/338/337 471/339/338
f 447/323/322 471/339/338 470/324/323
f 470/324/323 471/339/338 464/340/339
f 470/324/323 464/340/339 465/325/324
f 465/325/324 464/340/339 496/341/340
f 465/325/324 496/341/340 497/326/325
f 497/326/325 496/341/340 513/342/341
f 497/326/325 513/342/341 150/273/272
f 150/273/272 513/342/341 529/275/274
f 62/327/326 61/343/342 281/328/327
f 281/328/327 61/343/342 297/344/343
f 281/328/327 297/344/343 298/329/328
f 298/329/328 297/344/343 342/345/344
f 298/329/328 342/345/344 341/330/329
f 341/330/329 342/345/344 315/346/345
f 341/330/329 315/346/345 316/331/330
f 316/331/330 315/346/345 346/347/346
f 316/331/330 346/347/346 347/332/331
f 347/332/331 346/347/346 363/348/347
f 347/332/331 363/348/347 364/333/332
f 364/333/332 363/348/347 400/349/348
f 364/333/332 400/349/348 399/334/333
f 399/334/333 400/349/348 380/350/349
f 399/334/333 380/350/349 381/335/334
f 381/335/334 380/350/349 413/351/350
f 381/335/334 413/351/350 414/336/335
f 414/336/335 413/351/350 429/352/351
f 414/336/335 429/352/351 430/337/336
f 430/337/336 429/352/351 445/353/352
f 430/337/336 445/353/352 446/338/337
f 446/338/337 445/353/352 472/354/353
f 446/338/337 472/354/353 471/339/338
f 471/339/338 472/354/353 463/355/354
f 471/339/338 463/355/354 464/340/339
f 464/340/339 463/355/354 495/356/355
f 464/340/339 495/356/355 496/341/340
f 496/341/340 495/356/355 512/357/356
f 496/341/340 512/357/356 513/342/341
f 513/342/341 512/357/356 528/358/357
f 513/342/341 528/358/357 529/275/274
f 529/275/274 528/358/357 545/277/276
f 297/344/343 61/343/342 145/359/358
f 145/359/358 61/343/342 60/360/359
f 145/359/358 60/360/359 313/361/360
f 313/361/360 60/360/359 59/362/361
f 313/361/360 59/362/361 343/363/362
f 343/363/362 59/362/361 58/364/363
f 343/363/362 58/364/363 359/365/364
f 359/365/364 58/364/363 57/366/365
f 359/365/364 57/366/365 405/367/366
f 405/367/366 57/366/365 374/368/367
f 405/367/366 374/368/367 375/369/368
f 375/369/368 374/368/367 407/370/369
f 375/369/368 407/370/369 408/371/370
f 408/371/370 407/370/369 423/372/371
f 408/371/370 423/372/371 424/373/372
f 424/373/372 423/372/371 439/374/373
f 424/373/372 439/374/373 440/375/374
f 440/375/374 439/374/373 478/376/375
f 440/375/374 478/376/375 477/377/376
f 477/377/376 478/376/375 457/378/377
f 477/377/376 457/378/377 458/379/378
f 458/379/378 457/378/377 489/380/379
f 458/379/378 489/380/379 490/381/380
f 490/381/380 489/380/379 506/382/381
f 490/381/380 506/382/381 507/383/382
f 507/383/382 506/382/381 522/384/383
f 507/383/382 522/384/383 523/385/384
f 523/385/384 522/384/383 551/289/288
f 523/385/384 551/289/288 550/287/286
f 57/366/365 56/386/385 374/368/367
f 374/368/367 56/386/385 406/387/386
f 374/368/367 406/387/386 407/370/369
f 407/370/369 406/387/386 422/388/387
f 407/370/369 422/388/387 423/372/371
f 423/372/371 422/388/387 438/389/388
f 423/372/371 438/389/388 439/374/373
f 439/374/373 438/389/388 479/390/389
f 439/374/373 479/390/389 478/376/375
f 478/376/375 479/390/389 456/391/390
f 478/376/375 456/391/390 457/378/377
f 457/378/377 456/391/390 488/392/391
f 457/378/377 488/392/391 489/380/379
f 489/380/379 488/392/391 505/393/392
f 489/380/379 505/393/392 506/382/381
f 506/382/381 505/393/392 521/394/393
f 506/382/381 521/394/393 522/384/383
f 522/384/383 521/394/393 552/291/290
f 522/384/383 552/291/290 551/289/288
f 56/386/385 55/395/394 406/387/386
f 406/387/386 55/395/394 421/396/395
f 406/387/386 421/396/395 422/388/387
f 422/388/387 421/396/395 437/397/396
f 422/388/387 437/397/396 438/389/388
f 438/389/388 437/397/396 480/398/397
f 438/389/388 480/398/397 479/390/389
f 479/390/389 480/398/397 455/399/398
f 479/390/389 455/399/398 456/391/390
f 456/391/390 455/399/398 487/400/399
f 456/391/390 487/400/399 488/392/391
f 488/392/391 487/400/399 504/401/400
f 488/392/391 504/401/400 505/393/392
f 505/393/392 504/401/400 520/402/401
f 505/393/392 520/402/401 521/394/393
f 521/394/393 520/402/401 553/293/292
f 521/394/393 553/293/292 552/291/290
f 55/395/394 54/403/402 421/396/395
f 421/396/395 54/403/402 149/404/403
f 421/396/395 149/404/403 437/397/396
f 437/397/396 149/404/403 481/405/404
f 437/397/396 481/405/404 480/398/397
f 480/398/397 481/405/404 454/406/405
f 480/398/397 454/406/405 455/399/398
f 455/399/398 454/406/405 486/407/406
f 455/399/398 486/407/406 487/400/399
f 487/400/399 486/407/406 503/408/407
f 487/400/399 503/408/407 504/401/400
f 504/401/400 503/408/407 519/409/408
f 504/401/400 519/409/408 520/402/401
f 520/402/401 519/409/408 554/295/294
f 520/402/401 554/295/294 553/293/292
f 54/403/402 53/410/409 149/404/403
f 149/404/403 53/410/409 482/411/410
f 149/404/403 482/411/410 481/405/404
f 481/405/404 482/411/410 453/412/411
f 481/405/404 453/412/411 454/406/405
f 454/406/405 453/412/411 485/413/412
f 454/406/405 485/413/412 486/407/406
f 486/407/406 485/413/412 502/414/413
f 486/407/406 502/414/413 503/408/407
f 503/408/407 502/414/413 518/415/414
f 503/408/407 518/415/414 519/409/408
f 519/409/408 518/415/414 555/297/296
f 519/409/408 555/297/296 554/295/294
f 482/411/410 53/410/409 452/416/415
f 452/416/415 53/410/409 52/417/416
f 452/416/415 52/417/416 483/418/417
f 483/418/417 52/417/416 51/419/418
f 483/418/417 51/419/418 499/420/419
f 499/420/419 51/419/418 50/421/420
f 499/420/419 50/421/420 514/422/421
f 514/422/421 50/421/420 152/307/306
f 514/422/421 152/307/306 559/305/304
f 50/421/420 49/309/308 152/307/306
f 530/308/307 48/310/309 560/423/422
f 560/423/422 48/310/309 47/424/423
f 560/423/422 47/424/423 154/425/424
f 154/425/424 47/424/423 46/426/425
f 154/425/424 46/426/425 621/427/426
f 621/427/426 46/426/425 591/428/427
f 621/427/426 591/428/427 592/429/428
f 592/429/428 591/428/427 623/430/429
f 592/429/428 623/430/429 624/431/430
f 624/431/430 623/430/429 640/432/431
f 624/431/430 640/432/431 641/433/432
f 641/433/432 640/432/431 657/434/433
f 641/433/432 657/434/433 658/435/434
f 658/435/434 657/434/433 696/436/435
f 658/435/434 696/436/435 695/437/436
f 695/437/436 696/436/435 674/438/437
f 695/437/436 674/438/437 675/439/438
f 675/439/438 674/438/437 707/440/439
f 675/439/438 707/440/439 708/441/440
f 708/441/440 707/440/439 724/442/441
f 708/441/440 724/442/441 725/443/442
f 725/443/442 724/442/441 740/444/443
f 725/443/442 740/444/443 741/445/444
f 741/445/444 740/444/443 757/446/445
f 741/445/444 757/446/445 758/447/446
f 758/447/446 757/446/445 774/448/447
f 758/447/446 774/448/447 775/449/448
f 775/449/448 774/448/447 790/450/449
f 775/449/448 790/450/449 791/451/450
f 791/451/450 790/450/449 813/452/451
f 791/451/450 813/452/451 812/453/452
f 812/453/452 813/452/451 807/454/453
f 812/453/452 807/454/453 808/455/454
f 808/455/454 807/454/453 840/456/455
f 808/455/454 840/456/455 841/457/456
f 841/457/456 840/456/455 159/458/457
f 841/457/456 159/458/457 98/459/458
f 98/459/458 159/458/457 99/460/459
f 99/460/459 159/458/457 872/461/460
f 99/460/459 872/461/460 100/462/461
f 100/462/461 872/461/460 888/463/462
f 100/462/461 888/463/462 101/464/463
f 101/464/463 888/463/462 904/465/464
f 101/464/463 904/465/464 160/466/465
f 160/466/465 904/465/464 903/467/466
f 160/466/465 903/467/466 918/468/467
f 918/468/467 903/467/466 902/469/468
f 918/468/467 902/469/468 917/470/469
f 917/470/469 902/469/468 901/471/470
f 917/470/469 901/471/470 916/472/471
f 916/472/471 901/471/470 900/473/472
f 916/472/471 900/473/472 915/474/473
f 915/474/473 900/473/472 899/475/474
f 915/474/473 899/475/474 914/476/475
f 914/476/475 899/475/474 898/477/476
f 914/476/475 898/477/476 913/478/477
f 913/478/477 898/477/476 897/479/478
f 913/478/477 897/479/478 912/480/479
f 912/480/479 897/479/478 896/481/480
f 912/480/479 896/481/480 911/482/481
f 911/482/481 896/481/480 895/483/482
f 911/482/481 895/483/482 910/484/483
f 910/484/483 895/483/482 894/485/484
f 910/484/483 894/485/484 909/486/485
f 909/486/485 894/485/484 893/487/486
f 909/486/485 893/487/486 908/488/487
f 908/488/487 893/487/486 892/489/488
f 908/488/487 892/489/488 907/490/489
f 907/490/489 892/489/488 891/491/490
f 907/490/489 891/491/490 906/492/491
f 906/492/491 891/491/490 890/493/492
f 906/492/491 890/493/492 905/494/493
f 905/494/493 890/493/492 889/495/494
f 905/494/493 889/495/494 161/496/495
f 161/496/495 889/495/494 29/497/496
f 161/496/495 29/497/496 28/498/497
f 46/426/425 45/499/498 591/428/427
f 591/428/427 45/499/498 622/500/499
f 591/428/427 622/500/499 623/430/429
f 623/430/429 622/500/499 639/501/500
f 623/430/429 639/501/500 640/432/431
f 640/432/431 639/501/500 656/502/501
f 640/432/431 656/502/501 657/434/433
f 657/434/433 656/502/501 697/503/502
f 657/434/433 697/503/502 696/436/435
f 696/436/435 697/503/502 673/504/503
f 696/436/435 673/504/503 674/438/437
f 674/438/437 673/504/503 706/505/504
f 674/438/437 706/505/504 707/440/439
f 707/440/439 706/505/504 723/506/505
f 707/440/439 723/506/505 724/442/441
f 724/442/441 723/506/505 739/507/506
f 724/442/441 739/507/506 740/444/443
f 740/444/443 739/507/506 756/508/507
f 740/444/443 756/508/507 757/446/445
f 757/446/445 756/508/507 773/509/508
f 757/446/445 773/509/508 774/448/447
f 774/448/447 773/509/508 789/510/509
f 774/448/447 789/510/509 790/450/449
f 790/450/449 789/510/509 814/511/510
f 790/450/449 814/511/510 813/452/451
f 813/452/451 814/511/510 806/512/511
f 813/452/451 806/512/511 807/454/453
f 807/454/453 806/512/511 839/513/512
f 807/454/453 839/513/512 840/456/455
f 840/456/455 839/513/512 856/514/513
f 840/456/455 856/514/513 159/458/457
f 159/458/457 856/514/513 872/461/460
f 45/499/498 44/515/514 622/500/499
f 622/500/499 44/515/514 638/516/515
f 622/500/499 638/516/515 639/501/500
f 639/501/500 638/516/515 655/517/516
f 639/501/500 655/517/516 656/502/501
f 656/502/501 655/517/516 698/518/517
f 656/502/501 698/518/517 697/503/502
f 697/503/502 698/518/517 672/519/518
f 697/503/502 672/519/518 673/504/503
f 673/504/503 672/519/518 705/520/519
f 673/504/503 705/520/519 706/505/504
f 706/505/504 705/520/519 722/521/520
f 706/505/504 722/521/520 723/506/505
f 723/506/505 722/521/520 738/522/521
f 723/506/505 738/522/521 739/507/506
f 739/507/506 738/522/521 755/523/522
f 739/507/506 755/523/522 756/508/507
f 756/508/507 755/523/522 772/524/523
f 756/508/507 772/524/523 773/509/508
f 773/509/508 772/524/523 788/525/524
f 773/509/508 788/525/524 789/510/509
f 789/510/509 788/525/524 815/526/525
f 789/510/509 815/526/525 814/511/510
f 814/511/510 815/526/525 805/527/526
f 814/511/510 805/527/526 806/512/511
f 806/512/511 805/527/526 838/528/527
f 806/512/511 838/528/527 839/513/512
f 839/513/512 838/528/527 855/529/528
f 839/513/512 855/529/528 856/514/513
f 856/514/513 855/529/528 871/530/529
f 856/514/513 871/530/529 872/461/460
f 872/461/460 871/530/529 888/463/462
f 44/515/514 43/531/530 638/516/515
f 638/516/515 43/531/530 654/532/531
f 638/516/515 654/532/531 655/517/516
f 655/517/516 654/532/531 699/533/532
f 655/517/516 699/533/532 698/518/517
f 698/518/517 699/533/532 671/534/533
f 698/518/517 671/534/533 672/519/518
f 672/519/518 671/534/533 704/535/534
f 672/519/518 704/535/534 705/520/519
f 705/520/519 704/535/534 721/536/535
f 705/520/519 721/536/535 722/521/520
f 722/521/520 721/536/535 737/537/536
f 722/521/520 737/537/536 738/522/521
f 738/522/521 737/537/536 754/538/537
f 738/522/521 754/538/537 755/523/522
f 755/523/522 754/538/537 771/539/538
f 755/523/522 771/539/538 772/524/523
f 772/524/523 771/539/538 787/540/539
f 772/524/523 787/540/539 788/525/524
f 788/525/524 787/540/539 816/541/540
f 788/525/524 816/541/540 815/526/525
f 815/526/525 816/541/540 804/542/541
f 815/526/525 804/542/541 805/527/526
f 805/527/526 804/542/541 837/543/542
f 805/527/526 837/543/542 838/528/527
f 838/528/527 837/543/542 854/544/543
f 838/528/527 854/544/543 855/529/528
f 855/529/528 854/544/543 870/545/544
f 855/529/528 870/545/544 871/530/529
f 871/530/529 870/545/544 887/546/545
f 871/530/529 887/546/545 888/463/462
f 888/463/462 887/546/545 904/465/464
f 43/531/530 42/547/546 654/532/531
f 654/532/531 42/547/546 700/548/547
f 654/532/531 700/548/547 699/533/532
f 699/533/532 700/548/547 670/549/548
f 699/533/532 670/549/548 671/534/533
f 671/534/533 670/549/548 703/550/549
f 671/534/533 703/550/549 704/535/534
f 704/535/534 703/550/549 720/551/550
f 704/535/534 720/551/550 721/536/535
f 721/536/535 720/551/550 736/552/551
f 721/536/535 736/552/551 737/537/536
f 737/537/536 736/552/551 753/553/552
f 737/537/536 753/553/552 754/538/537
f 754/538/537 753/553/552 770/554/553
f 754/538/537 770/554/553 771/539/538
f 771/539/538 770/554/553 786/555/554
f 771/539/538 786/555/554 787/540/539
f 787/540/539 786/555/554 817/556/555
f 787/540/539 817/556/555 816/541/540
f 816/541/540 817/556/555 803/557/556
f 816/541/540 803/557/556 804/542/541
f 804/542/541 803/557/556 836/558/557
f 804/542/541 836/558/557 837/543/542
f 837/543/542 836/558/557 853/559/558
f 837/543/542 853/559/558 854/544/543
f 854/544/543 853/559/558 869/560/559
f 854/544/543 869/560/559 870/545/544
f 870/545/544 869/560/559 886/561/560
f 870/545/544 886/561/560 887/546/545
f 887/546/545 886/561/560 903/467/466
f 887/546/545 903/467/466 904/465/464
f 700/548/547 42/547/546 669/562/561
f 669/562/561 42/547/546 41/563/562
f 669/562/561 41/563/562 701/564/563
f 701/564/563 41/563/562 40/565/564
f 701/564/563 40/565/564 717/566/565
f 717/566/565 40/565/564 39/567/566
f 717/566/565 39/567/566 732/568/567
f 732/568/567 39/567/566 38/569/568
f 732/568/567 38/569/568 748/570/569
f 748/570/569 38/569/568 37/571/570
f 748/570/569 37/571/570 764/572/571
f 764/572/571 37/571/570 36/573/572
f 764/572/571 36/573/572 158/574/573
f 158/574/573 36/573/572 35/575/574
f 158/574/573 35/575/574 825/576/575
f 825/576/575 35/575/574 794/577/576
f 825/576/575 794/577/576 795/578/577
f 795/578/577 794/577/576 827/579/578
f 795/578/577 827/579/578 828/580/579
f 828/580/579 827/579/578 844/581/580
f 828/580/579 844/581/580 845/582/581
f 845/582/581 844/581/580 860/583/582
f 845/582/581 860/583/582 861/584/583
f 861/584/583 860/583/582 877/585/584
f 861/584/583 877/585/584 878/586/585
f 878/586/585 877/585/584 894/485/484
f 878/586/585 894/485/484 895/483/482
f 35/575/574 34/587/586 794/577/576
f 794/577/576 34/587/586 826/588/587
f 794/577/576 826/588/587 827/579/578
f 827/579/578 826/588/587 843/589/588
f 827/579/578 843/589/588 844/581/580
f 844/581/580 843/589/588 859/590/589
f 844/581/580 859/590/589 860/583/582
f 860/583/582 859/590/589 876/591/590
f 860/583/582 876/591/590 877/585/584
f 877/585/584 876/591/590 893/487/486
f 877/585/584 893/487/486 894/485/484
f 34/587/586 33/592/591 826/588/587
f 826/588/587 33/592/591 842/593/592
f 826/588/587 842/593/592 843/589/588
f 843/589/588 842/593/592 858/594/593
f 843/589/588 858/594/593 859/590/589
f 859/590/589 858/594/593 875/595/594
f 859/590/589 875/595/594 876/591/590
f 876/591/590 875/595/594 892/489/488
f 876/591/590 892/489/488 893/487/486
f 33/592/591 32/596/595 842/593/592
f 842/593/592 32/596/595 857/597/596
f 842/593/592 857/597/596 858/594/593
f 858/594/593 857/597/596 874/598/597
f 858/594/593 874/598/597 875/595/594
f 875/595/594 874/598/597 891/491/490
f 875/595/594 891/491/490 892/489/488
f 32/596/595 31/599/598 857/597/596
f 857/597/596 31/599/598 873/600/599
f 857/597/596 873/600/599 874/598/597
f 874/598/597 873/600/599 890/493/492
f 874/598/597 890/493/492 891/491/490
f 31/599/598 30/601/600 873/600/599
f 873/600/599 30/601/600 889/495/494
f 873/600/599 889/495/494 890/493/492
f 30/601/600 29/497/496 889/495/494
f 27/602/601 919/603/602 28/498/497
f 28/498/497 919/603/602 950/604/603
f 28/498/497 950/604/603 161/496/495
f 161/496/495 950/604/603 949/605/604
f 161/496/495 949/605/604 905/494/493
f 905/494/493 949/605/604 948/606/605
f 905/494/493 948/606/605 906/492/491
f 906/492/491 948/606/605 947/607/606
f 906/492/491 947/607/606 907/490/489
f 907/490/489 947/607/606 946/608/607
f 907/490/489 946/608/607 908/488/487
f 908/488/487 946/608/607 945/609/608
f 908/488/487 945/609/608 909/486/485
f 909/486/485 945/609/608 944/610/609
f 909/486/485 944/610/609 910/484/483
f 910/484/483 944/610/609 943/611/610
f 910/484/483 943/611/610 911/482/481
f 911/482/481 943/611/610 942/612/611
f 911/482/481 942/612/611 912/480/479
f 912/480/479 942/612/611 941/613/612
f 912/480/479 941/613/612 913/478/477
f 913/478/477 941/613/612 940/614/613
f 913/478/477 940/614/613 914/476/475
f 914/476/475 940/614/613 939/615/614
f 914/476/475 939/615/614 915/474/473
f 915/474/473 939/615/614 938/616/615
f 915/474/473 938/616/615 916/472/471
f 916/472/471 938/616/615 937/617/616
f 916/472/471 937/617/616 917/470/469
f 917/470/469 937/617/616 936/618/617
f 917/470/469 936/618/617 918/468/467
f 918/468/467 936/618/617 935/619/618
f 918/468/467 935/619/618 160/466/465
f 160/466/465 935/619/618 102/620/619
f 160/466/465 102/620/619 101/464/463
f 919/603/602 27/602/601 951/621/620
f 951/621/620 27/602/601 26/622/621
f 951/621/620 26/622/621 967/623/622
f 967/623/622 26/622/621 25/624/623
f 967/623/622 25/624/623 982/625/624
f 982/625/624 25/624/623 24/626/625
f 982/625/624 24/626/625 998/627/626
f 998/627/626 24/626/625 23/628/627
f 998/627/626 23/628/627 1014/629/628
f 1014/629/628 23/628/627 22/630/629
f 1014/629/628 22/630/629 1030/631/630
f 1030/631/630 22/630/629 164/632/631
f 1030/631/630 164/632/631 1075/633/632
f 1075/633/632 164/632/631 1046/634/633
f 1075/633/632 1046/634/633 1047/635/634
f 1047/635/634 1046/634/633 1078/636/635
f 1047/635/634 1078/636/635 1079/637/636
f 1079/637/636 1078/636/635 1095/638/637
f 1079/637/636 1095/638/637 1096/639/638
f 1096/639/638 1095/638/637 1111/640/639
f 1096/639/638 1111/640/639 1112/641/640
f 1112/641/640 1111/640/639 1128/642/641
f 1112/641/640 1128/642/641 1129/643/642
f 1129/643/642 1128/642/641 1145/644/643
f 1129/643/642 1145/644/643 1146/645/644
f 1146/645/644 1145/644/643 1162/646/645
f 1146/645/644 1162/646/645 1163/647/646
f 1163/647/646 1162/646/645 1193/648/647
f 1163/647/646 1193/648/647 1192/649/648
f 1192/649/648 1193/648/647 1179/650/649
f 1192/649/648 1179/650/649 1180/651/650
f 1180/651/650 1179/650/649 1211/652/651
f 1180/651/650 1211/652/651 1212/653/652
f 1212/653/652 1211/652/651 1228/654/653
f 1212/653/652 1228/654/653 1229/655/654
f 1229/655/654 1228/654/653 1244/656/655
f 1229/655/654 1244/656/655 1245/657/656
f 1245/657/656 1244/656/655 1261/658/657
f 1245/657/656 1261/658/657 1262/659/658
f 1262/659/658 1261/658/657 1278/660/659
f 1262/659/658 1278/660/659 1279/661/660
f 1279/661/660 1278/660/659 169/662/661
f 1279/661/660 169/662/661 119/663/662
f 119/663/662 169/662/661 120/664/663
f 120/664/663 169/662/661 1311/665/664
f 120/664/663 1311/665/664 121/666/665
f 121/666/665 1311/665/664 1310/667/666
f 121/666/665 1310/667/666 122/668/667
f 122/668/667 1310/667/666 1341/669/668
f 122/668/667 1341/669/668 171/670/669
f 171/670/669 1341/669/668 1340/671/670
f 171/670/669 1340/671/670 1356/672/671
f 1356/672/671 1340/671/670 1339/673/672
f 1356/672/671 1339/673/672 1355/674/673
f 1355/674/673 1339/673/672 1338/675/674
f 1355/674/673 1338/675/674 1354/676/675
f 1354/676/675 1338/675/674 1337/677/676
f 1354/676/675 1337/677/676 1353/678/677
f 1353/678/677 1337/677/676 1336/679/678
f 1353/678/677 1336/679/678 1352/680/679
f 1352/680/679 1336/679/678 1335/681/680
f 1352/680/679 1335/681/680 1351/682/681
f 1351/682/681 1335/681/680 1334/683/682
f 1351/682/681 1334/683/682 1350/684/683
f 1350/684/683 1334/683/682 1333/685/684
f 1350/684/683 1333/685/684 1349/686/685
f 1349/686/685 1333/685/684 1332/687/686
f 1349/686/685 1332/687/686 1348/688/687
f 1348/688/687 1332/687/686 1331/689/688
f 1348/688/687 1331/689/688 1347/690/689
f 1347/690/689 1331/689/688 1330/691/690
f 1347/690/689 1330/691/690 1346/692/691
f 1346/692/691 1330/691/690 1329/693/692
f 1346/692/691 1329/693/692 1345/694/693
f 1345/694/693 1329/693/692 1328/695/694
f 1345/694/693 1328/695/694 1344/696/695
f 1344/696/695 1328/695/694 1327/697/696
f 1344/696/695 1327/697/696 1343/698/697
f 1343/698/697 1327/697/696 1326/699/698
f 1343/698/697 1326/699/698 1342/700/699
f 1342/700/699 1326/699/698 5/701/700
f 1342/700/699 5/701/700 4/702/701
f 22/630/629 21/703/702 164/632/631
f 164/632/631 21/703/702 1045/704/703
f 164/632/631 1045/704/703 1046/634/633
f 1046/634/633 1045/704/703 1077/705/704
f 1046/634/633 1077/705/704 1078/636/635
f 1078/636/635 1077/705/704 1094/706/705
f 1078/636/635 1094/706/705 1095/638/637
f 1095/638/637 1094/706/705 1110/707/706
f 1095/638/637 1110/707/706 1111/640/639
f 1111/640/639 1110/707/706 1127/708/707
f 1111/640/639 1127/708/707 1128/642/641
f 1128/642/641 1127/708/707 1144/709/708
f 1128/642/641 1144/709/708 1145/644/643
f 1145/644/643 1144/709/708 1161/710/709
f 1145/644/643 1161/710/709 1162/646/645
f 1162/646/645 1161/710/709 1194/711/710
f 1162/646/645 1194/711/710 1193/648/647
f 1193/648/647 1194/711/710 1178/712/711
f 1193/648/647 1178/712/711 1179/650/649
f 1179/650/649 1178/712/711 1210/713/712
f 1179/650/649 1210/713/712 1211/652/651
f 1211/652/651 1210/713/712 1227/714/713
f 1211/652/651 1227/714/713 1228/654/653
f 1228/654/653 1227/714/713 1243/715/714
f 1228/654/653 1243/715/714 1244/656/655
f 1244/656/655 1243/715/714 1260/716/715
f 1244/656/655 1260/716/715 1261/658/657
f 1261/658/657 1260/716/715 1277/717/716
f 1261/658/657 1277/717/716 1278/660/659
f 1278/660/659 1277/717/716 1294/718/717
f 1278/660/659 1294/718/717 169/662/661
f 169/662/661 1294/718/717 1311/665/664
f 21/703/702 20/719/718 1045/704/703
f 1045/704/703 20/719/718 1076/720/719
f 1045/704/703 1076/720/719 1077/705/704
f 1077/705/704 1076/720/719 1093/721/720
f 1077/705/704 1093/721/720 1094/706/705
f 1094/706/705 1093/721/720 1109/722/721
f 1094/706/705 1109/722/721 1110/707/706
f 1110/707/706 1109/722/721 1126/723/722
f 1110/707/706 1126/723/722 1127/708/707
f 1127/708/707 1126/723/722 1143/724/723
f 1127/708/707 1143/724/723 1144/709/708
f 1144/709/708 1143/724/723 1160/725/724
f 1144/709/708 1160/725/724 1161/710/709
f 1161/710/709 1160/725/724 1195/726/725
f 1161/710/709 1195/726/725 1194/711/710
f 1194/711/710 1195/726/725 1177/727/726
f 1194/711/710 1177/727/726 1178/712/711
f 1178/712/711 1177/727/726 1209/728/727
f 1178/712/711 1209/728/727 1210/713/712
f 1210/713/712 1209/728/727 1226/729/728
f 1210/713/712 1226/729/728 1227/714/713
f 1227/714/713 1226/729/728 1242/730/729
f 1227/714/713 1242/730/729 1243/715/714
f 1243/715/714 1242/730/729 1259/731/730
f 1243/715/714 1259/731/730 1260/716/715
f 1260/716/715 1259/731/730 1276/732/731
f 1260/716/715 1276/732/731 1277/717/716
f 1277/717/716 1276/732/731 1293/733/732
f 1277/717/716 1293/733/732 1294/718/717
f 1294/718/717 1293/733/732 1312/734/733
f 1294/718/717 1312/734/733 1311/665/664
f 1311/665/664 1312/734/733 1310/667/666
f 20/719/718 19/735/734 1076/720/719
f 1076/720/719 19/735/734 1092/736/735
f 1076/720/719 1092/736/735 1093/721/720
f 1093/721/720 1092/736/735 1108/737/736
f 1093/721/720 1108/737/736 1109/722/721
f 1109/722/721 1108/737/736 1125/738/737
f 1109/722/721 1125/738/737 1126/723/722
f 1126/723/722 1125/738/737 1142/739/738
f 1126/723/722 1142/739/738 1143/724/723
f 1143/724/723 1142/739/738 1159/740/739
f 1143/724/723 1159/740/739 1160/725/724
f 1160/725/724 1159/740/739 1196/741/740
f 1160/725/724 1196/741/740 1195/726/725
f 1195/726/725 1196/741/740 1176/742/741
f 1195/726/725 1176/742/741 1177/727/726
f 1177/727/726 1176/742/741 1208/743/742
f 1177/727/726 1208/743/742 1209/728/727
f 1209/728/727 1208/743/742 1225/744/743
f 1209/728/727 1225/744/743 1226/729/728
f 1226/729/728 1225/744/743 1241/745/744
f 1226/729/728 1241/745/744 1242/730/729
f 1242/730/729 1241/745/744 1258/746/745
f 1242/730/729 1258/746/745 1259/731/730
f 1259/731/730 1258/746/745 1275/747/746
f 1259/731/730 1275/747/746 1276/732/731
f 1276/732/731 1275/747/746 1292/748/747
f 1276/732/731 1292/748/747 1293/733/732
f 1293/733/732 1292/748/747 1313/749/748
f 1293/733/732 1313/749/748 1312/734/733
f 1312/734/733 1313/749/748 1309/750/749
f 1312/734/733 1309/750/749 1310/667/666
f 1310/667/666 1309/750/749 1341/669/668
f 19/735/734 18/751/750 1092/736/735
f 1092/736/735 18/751/750 1107/752/751
f 1092/736/735 1107/752/751 1108/737/736
f 1108/737/736 1107/752/751 1124/753/752
f 1108/737/736 1124/753/752 1125/738/737
f 1125/738/737 1124/753/752 1141/754/753
f 1125/738/737 1141/754/753 1142/739/738
f 1142/739/738 1141/754/753 1158/755/754
f 1142/739/738 1158/755/754 1159/740/739
f 1159/740/739 1158/755/754 1197/756/755
f 1159/740/739 1197/756/755 1196/741/740
f 1196/741/740 1197/756/755 1175/757/756
f 1196/741/740 1175/757/756 1176/742/741
f 1176/742/741 1175/757/756 1207/758/757
f 1176/742/741 1207/758/757 1208/743/742
f 1208/743/742 1207/758/757 1224/759/758
f 1208/743/742 1224/759/758 1225/744/743
f 1225/744/743 1224/759/758 1240/760/759
f 1225/744/743 1240/760/759 1241/745/744
f 1241/745/744 1240/760/759 1257/761/760
f 1241/745/744 1257/761/760 1258/746/745
f 1258/746/745 1257/761/760 1274/762/761
f 1258/746/745 1274/762/761 1275/747/746
f 1275/747/746 1274/762/761 1291/763/762
f 1275/747/746 1291/763/762 1292/748/747
f 1292/748/747 1291/763/762 1314/764/763
f 1292/748/747 1314/764/763 1313/749/748
f 1313/749/748 1314/764/763 1308/765/764
f 1313/749/748 1308/765/764 1309/750/749
f 1309/750/749 1308/765/764 1340/671/670
f 1309/750/749 1340/671/670 1341/669/668
f 18/751/750 17/766/765 1107/752/751
f 1107/752/751 17/766/765 1123/767/766
f 1107/752/751 1123/767/766 1124/753/752
f 1124/753/752 1123/767/766 1140/768/767
f 1124/753/752 1140/768/767 1141/754/753
f 1141/754/753 1140/768/767 1157/769/768
f 1141/754/753 1157/769/768 1158/755/754
f 1158/755/754 1157/769/768 1198/770/769
f 1158/755/754 1198/770/769 1197/756/755
f 1197/756/755 1198/770/769 1174/771/770
f 1197/756/755 1174/771/770 1175/757/756
f 1175/757/756 1174/771/770 1206/772/771
f 1175/757/756 1206/772/771 1207/758/757
f 1207/758/757 1206/772/771 1223/773/772
f 1207/758/757 1223/773/772 1224/759/758
f 1224/759/758 1223/773/772 1239/774/773
f 1224/759/758 1239/774/773 1240/760/759
f 1240/760/759 1239/774/773 1256/775/774
f 1240/760/759 1256/775/774 1257/761/760
f 1257/761/760 1256/775/774 1273/776/775
f 1257/761/760 1273/776/775 1274/762/761
f 1274/762/761 1273/776/775 1290/777/776
f 1274/762/761 1290/777/776 1291/763/762
f 1291/763/762 1290/777/776 1315/778/777
f 1291/763/762 1315/778/777 1314/764/763
f 1314/764/763 1315/778/777 1307/779/778
f 1314/764/763 1307/779/778 1308/765/764
f 1308/765/764 1307/779/778 1339/673/672
f 1308/765/764 1339/673/672 1340/671/670
f 17/766/765 16/780/779 1123/767/766
f 1123/767/766 16/780/779 1139/781/780
f 1123/767/766 1139/781/780 1140/768/767
f 1140/768/767 1139/781/780 1156/782/781
f 1140/768/767 1156/782/781 1157/769/768
f 1157/769/768 1156/782/781 1199/783/782
f 1157/769/768 1199/783/782 1198/770/769
f 1198/770/769 1199/783/782 1173/784/783
f 1198/770/769 1173/784/783 1174/771/770
f 1174/771/770 1173/784/783 1205/785/784
f 1174/771/770 1205/785/784 1206/772/771
f 1206/772/771 1205/785/784 1222/786/785
f 1206/772/771 1222/786/785 1223/773/772
f 1223/773/772 1222/786/785 1238/787/786
f 1223/773/772 1238/787/786 1239/774/773
f 1239/774/773 1238/787/786 1255/788/787
f 1239/774/773 1255/788/787 1256/775/774
f 1256/775/774 1255/788/787 1272/789/788
f 1256/775/774 1272/789/788 1273/776/775
f 1273/776/775 1272/789/788 1289/790/789
f 1273/776/775 1289/790/789 1290/777/776
f 1290/777/776 1289/790/789 1316/791/790
f 1290/777/776 1316/791/790 1315/778/777
f 1315/778/777 1316/791/790 1306/792/791
f 1315/778/777 1306/792/791 1307/779/778
f 1307/779/778 1306/792/791 1338/675/674
f 1307/779/778 1338/675/674 1339/673/672
f 16/780/779 15/793/792 1139/781/780
f 1139/781/780 15/793/792 1155/794/793
f 1139/781/780 1155/794/793 1156/782/781
f 1156/782/781 1155/794/793 1200/795/794
f 1156/782/781 1200/795/794 1199/783/782
f 1199/783/782 1200/795/794 1172/796/795
f 1199/783/782 1172/796/795 1173/784/783
f 1173/784/783 1172/796/795 1204/797/796
f 1173/784/783 1204/797/796 1205/785/784
f 1205/785/784 1204/797/796 1221/798/797
f 1205/785/784 1221/798/797 1222/786/785
f 1222/786/785 1221/798/797 1237/799/798
f 1222/786/785 1237/799/798 1238/787/786
f 1238/787/786 1237/799/798 1254/800/799
f 1238/787/786 1254/800/799 1255/788/787
f 1255/788/787 1254/800/799 1271/801/800
f 1255/788/787 1271/801/800 1272/789/788
f 1272/789/788 1271/801/800 1288/802/801
f 1272/789/788 1288/802/801 1289/790/789
f 1289/790/789 1288/802/801 1317/803/802
f 1289/790/789 1317/803/802 1316/791/790
f 1316/791/790 1317/803/802 1305/804/803
f 1316/791/790 1305/804/803 1306/792/791
f 1306/792/791 1305/804/803 1337/677/676
f 1306/792/791 1337/677/676 1338/675/674
f 1155/794/793 15/793/792 167/805/804
f 167/805/804 15/793/792 14/806/805
f 167/805/804 14/806/805 1170/807/806
f 1170/807/806 14/806/805 13/808/807
f 1170/807/806 13/808/807 1201/809/808
f 1201/809/808 13/808/807 12/810/809
f 1201/809/808 12/810/809 1217/811/810
f 1217/811/810 12/810/809 11/812/811
f 1217/811/810 11/812/811 1232/813/812
f 1232/813/812 11/812/811 10/814/813
f 1232/813/812 10/814/813 1248/815/814
f 1248/815/814 10/814/813 9/816/815
f 1248/815/814 9/816/815 1264/817/816
f 1264/817/816 9/816/815 8/818/817
f 1264/817/816 8/818/817 1280/819/818
f 1280/819/818 8/818/817 170/820/819
f 1280/819/818 170/820/819 1325/821/820
f 1325/821/820 170/820/819 1296/822/821
f 1325/821/820 1296/822/821 1297/823/822
f 1297/823/822 1296/822/821 1328/695/694
f 1297/823/822 1328/695/694 1329/693/692
f 8/818/817 7/824/823 170/820/819
f 170/820/819 7/824/823 1295/825/824
f 170/820/819 1295/825/824 1296/822/821
f 1296/822/821 1295/825/824 1327/697/696
f 1296/822/821 1327/697/696 1328/695/694
f 7/824/823 6/826/825 1295/825/824
f 1295/825/824 6/826/825 1326/699/698
f 1295/825/824 1326/699/698 1327/697/696
f 6/826/825 5/701/700 1326/699/698
f 1342/700/699 4/702/701 1357/827/826
f 1357/827/826 4/702/701 3/828/827
f 1357/827/826 3/828/827 1373/829/828
f 1373/829/828 3/828/827 2/830/829
f 1373/829/828 2/830/829 1389/831/830
f 1389/831/830 2/830/829 1/832/234
f 1389/831/830 1/832/234 140/833/233
f 1389/831/830 140/833/233 1390/834/831
f 1390/834/831 140/833/233 139/835/232
f 1390/834/831 139/835/232 1391/836/832
f 1391/836/832 139/835/232 138/837/231
f 1391/836/832 138/837/231 1392/838/833
f 1392/838/833 138/837/231 1393/839/834
f 1392/838/833 1393/839/834 1376/840/835
f 1376/840/835 1393/839/834 1377/841/836
f 1376/840/835 1377/841/836 1360/842/837
f 1360/842/837 1377/841/836 1361/843/838
f 1360/842/837 1361/843/838 1345/694/693
f 1345/694/693 1361/843/838 1346/692/691
f 138/837/231 137/844/230 1393/839/834
f 1393/839/834 137/844/230 1394/845/839
f 1393/839/834 1394/845/839 1377/841/836
f 1377/841/836 1394/845/839 1378/846/840
f 1377/841/836 1378/846/840 1361/843/838
f 1361/843/838 1378/846/840 1362/847/841
f 1361/843/838 1362/847/841 1346/692/691
f 1346/692/691 1362/847/841 1347/690/689
f 1394/845/839 137/844/230 1395/848/842
f 1395/848/842 137/844/230 136/849/229
f 1395/848/842 136/849/229 1396/850/843
f 1396/850/843 136/849/229 135/851/228
f 1396/850/843 135/851/228 1397/852/844
f 1397/852/844 135/851/228 134/853/227
f 1397/852/844 134/853/227 1398/854/845
f 1398/854/845 134/853/227 133/855/226
f 1398/854/845 133/855/226 1399/856/846
f 1399/856/846 133/855/226 1400/857/847
f 1399/856/846 1400/857/847 1383/858/848
f 1383/858/848 1400/857/847 1384/859/849
f 1383/858/848 1384/859/849 1367/860/850
f 1367/860/850 1384/859/849 1368/861/851
f 1367/860/850 1368/861/851 1352/680/679
f 1352/680/679 1368/861/851 1353/678/677
f 133/855/226 132/862/225 1400/857/847
f 1400/857/847 132/862/225 1401/863/852
f 1400/857/847 1401/863/852 1384/859/849
f 1384/859/849 1401/863/852 1385/864/853
f 1384/859/849 1385/864/853 1368/861/851
f 1368/861/851 1385/864/853 1369/865/854
f 1368/861/851 1369/865/854 1353/678/677
f 1353/678/677 1369/865/854 1354/676/675
f 132/862/225 131/866/224 1401/863/852
f 1401/863/852 131/866/224 130/867/223
f 1401/863/852 130/867/223 1402/868/855
f 1402/868/855 130/867/223 129/869/222
f 1402/868/855 129/869/222 1403/870/856
f 1403/870/856 129/869/222 128/871/221
f 1403/870/856 128/871/221 1404/872/857
f 1404/872/857 128/871/221 127/873/185
f 1404/872/857 127/873/185 68/874/184
f 68/874/184 125/875/858 1404/872/857
f 1404/872/857 125/875/858 1388/876/859
f 1404/872/857 1388/876/859 1387/877/860
f 1387/877/860 1388/876/859 1371/878/861
f 1387/877/860 1371/878/861 1370/879/862
f 1370/879/862 1371/878/861 1355/674/673
f 1370/879/862 1355/674/673 1354/676/675
f 125/875/858 124/880/863 1388/876/859
f 1388/876/859 124/880/863 1372/881/864
f 1388/876/859 1372/881/864 1371/878/861
f 1371/878/861 1372/881/864 1356/672/671
f 1371/878/861 1356/672/671 1355/674/673
f 124/880/863 123/882/865 1372/881/864
f 1372/881/864 123/882/865 171/670/669
f 1372/881/864 171/670/669 1356/672/671
f 123/882/865 122/668/667 171/670/669
f 1279/661/660 119/663/662 1263/883/866
f 1263/883/866 119/663/662 118/884/867
f 1263/883/866 118/884/867 1247/885/868
f 1247/885/868 118/884/867 117/886/869
f 1247/885/868 117/886/869 168/887/870
f 168/887/870 117/886/869 116/888/871
f 168/887/870 116/888/871 1216/889/872
f 1216/889/872 116/888/871 1185/890/873
f 1216/889/872 1185/890/873 1184/891/874
f 1184/891/874 1185/890/873 1187/892/875
f 1184/891/874 1187/892/875 1188/893/876
f 1188/893/876 1187/892/875 1168/894/877
f 1188/893/876 1168/894/877 1167/895/878
f 1167/895/878 1168/894/877 1151/896/879
f 1167/895/878 1151/896/879 1150/897/880
f 1150/897/880 1151/896/879 1134/898/881
f 1150/897/880 1134/898/881 1133/899/882
f 1133/899/882 1134/898/881 1117/900/883
f 1133/899/882 1117/900/883 1116/901/884
f 1116/901/884 1117/900/883 1101/902/885
f 1116/901/884 1101/902/885 1100/903/886
f 1100/903/886 1101/902/885 1084/904/887
f 1100/903/886 1084/904/887 1083/905/888
f 1083/905/888 1084/904/887 1052/906/889
f 1083/905/888 1052/906/889 1051/907/890
f 1051/907/890 1052/906/889 1070/908/891
f 1051/907/890 1070/908/891 1071/909/892
f 1071/909/892 1070/908/891 1035/910/893
f 1071/909/892 1035/910/893 1034/911/894
f 1034/911/894 1035/910/893 1018/912/895
f 1034/911/894 1018/912/895 1017/913/896
f 1017/913/896 1018/912/895 1001/914/897
f 1017/913/896 1001/914/897 1000/915/898
f 1000/915/898 1001/914/897 984/916/899
f 1000/915/898 984/916/899 983/917/900
f 983/917/900 984/916/899 968/918/901
f 983/917/900 968/918/901 967/623/622
f 967/623/622 968/918/901 951/621/620
f 116/888/871 115/919/902 1185/890/873
f 1185/890/873 115/919/902 1186/920/903
f 1185/890/873 1186/920/903 1187/892/875
f 1187/892/875 1186/920/903 1169/921/904
f 1187/892/875 1169/921/904 1168/894/877
f 1168/894/877 1169/921/904 1152/922/905
f 1168/894/877 1152/922/905 1151/896/879
f 1151/896/879 1152/922/905 1135/923/906
f 1151/896/879 1135/923/906 1134/898/881
f 1134/898/881 1135/923/906 1118/924/907
f 1134/898/881 1118/924/907 1117/900/883
f 1117/900/883 1118/924/907 1102/925/908
f 1117/900/883 1102/925/908 1101/902/885
f 1101/902/885 1102/925/908 1085/926/909
f 1101/902/885 1085/926/909 1084/904/887
f 1084/904/887 1085/926/909 1053/927/910
f 1084/904/887 1053/927/910 1052/906/889
f 1052/906/889 1053/927/910 1069/928/911
f 1052/906/889 1069/928/911 1070/908/891
f 1070/908/891 1069/928/911 1036/929/912
f 1070/908/891 1036/929/912 1035/910/893
f 1035/910/893 1036/929/912 1019/930/913
f 1035/910/893 1019/930/913 1018/912/895
f 1018/912/895 1019/930/913 1002/931/914
f 1018/912/895 1002/931/914 1001/914/897
f 1001/914/897 1002/931/914 985/932/915
f 1001/914/897 985/932/915 984/916/899
f 984/916/899 985/932/915 969/933/916
f 984/916/899 969/933/916 968/918/901
f 968/918/901 969/933/916 952/934/917
f 968/918/901 952/934/917 951/621/620
f 951/621/620 952/934/917 919/603/602
f 115/919/902 114/935/918 1186/920/903
f 1186/920/903 114/935/918 166/936/919
f 1186/920/903 166/936/919 1169/921/904
f 1169/921/904 166/936/919 1153/937/920
f 1169/921/904 1153/937/920 1152/922/905
f 1152/922/905 1153/937/920 1136/938/921
f 1152/922/905 1136/938/921 1135/923/906
f 1135/923/906 1136/938/921 1119/939/922
f 1135/923/906 1119/939/922 1118/924/907
f 1118/924/907 1119/939/922 1103/940/923
f 1118/924/907 1103/940/923 1102/925/908
f 1102/925/908 1103/940/923 1086/941/924
f 1102/925/908 1086/941/924 1085/926/909
f 1085/926/909 1086/941/924 1054/942/925
f 1085/926/909 1054/942/925 1053/927/910
f 1053/927/910 1054/942/925 1068/943/926
f 1053/927/910 1068/943/926 1069/928/911
f 1069/928/911 1068/943/926 1037/944/927
f 1069/928/911 1037/944/927 1036/929/912
f 1036/929/912 1037/944/927 1020/945/928
f 1036/929/912 1020/945/928 1019/930/913
f 1019/930/913 1020/945/928 1003/946/929
f 1019/930/913 1003/946/929 1002/931/914
f 1002/931/914 1003/946/929 986/947/930
f 1002/931/914 986/947/930 985/932/915
f 985/932/915 986/947/930 970/948/931
f 985/932/915 970/948/931 969/933/916
f 969/933/916 970/948/931 953/949/932
f 969/933/916 953/949/932 952/934/917
f 952/934/917 953/949/932 920/950/933
f 952/934/917 920/950/933 919/603/602
f 919/603/602 920/950/933 950/604/603
f 114/935/918 113/951/934 166/936/919
f 166/936/919 113/951/934 1154/952/935
f 166/936/919 1154/952/935 1153/937/920
f 1153/937/920 1154/952/935 1137/953/936
f 1153/937/920 1137/953/936 1136/938/921
f 1136/938/921 1137/953/936 1120/954/937
f 1136/938/921 1120/954/937 1119/939/922
f 1119/939/922 1120/954/937 1104/955/938
f 1119/939/922 1104/955/938 1103/940/923
f 1103/940/923 1104/955/938 1087/956/939
f 1103/940/923 1087/956/939 1086/941/924
f 1086/941/924 1087/956/939 1055/957/940
f 1086/941/924 1055/957/940 1054/942/925
f 1054/942/925 1055/957/940 1067/958/941
f 1054/942/925 1067/958/941 1068/943/926
f 1068/943/926 1067/958/941 1038/959/942
f 1068/943/926 1038/959/942 1037/944/927
f 1037/944/927 1038/959/942 1021/960/943
f 1037/944/927 1021/960/943 1020/945/928
f 1020/945/928 1021/960/943 1004/961/944
f 1020/945/928 1004/961/944 1003/946/929
f 1003/946/929 1004/961/944 987/962/945
f 1003/946/929 987/962/945 986/947/930
f 986/947/930 987/962/945 971/963/946
f 986/947/930 971/963/946 970/948/931
f 970/948/931 971/963/946 954/964/947
f 970/948/931 954/964/947 953/949/932
f 953/949/932 954/964/947 921/965/948
f 953/949/932 921/965/948 920/950/933
f 920/950/933 921/965/948 949/605/604
f 920/950/933 949/605/604 950/604/603
f 1154/952/935 113/951/934 1138/966/949
f 1138/966/949 113/951/934 112/967/950
f 1138/966/949 112/967/950 1122/968/951
f 1122/968/951 112/967/950 111/969/952
f 1122/968/951 111/969/952 165/970/953
f 165/970/953 111/969/952 110/971/954
f 165/970/953 110/971/954 1091/972/955
f 1091/972/955 110/971/954 1060/973/956
f 1091/972/955 1060/973/956 1059/974/957
f 1059/974/957 1060/973/956 1062/975/958
f 1059/974/957 1062/975/958 1063/976/959
f 1063/976/959 1062/975/958 1043/977/960
f 1063/976/959 1043/977/960 1042/978/961
f 1042/978/961 1043/977/960 1026/979/962
f 1042/978/961 1026/979/962 1025/980/963
f 1025/980/963 1026/979/962 1009/981/964
f 1025/980/963 1009/981/964 1008/982/965
f 1008/982/965 1009/981/964 992/983/966
f 1008/982/965 992/983/966 991/984/967
f 991/984/967 992/983/966 976/985/968
f 991/984/967 976/985/968 975/986/969
f 975/986/969 976/985/968 959/987/970
f 975/986/969 959/987/970 958/988/971
f 958/988/971 959/987/970 926/989/972
f 958/988/971 926/989/972 925/990/973
f 925/990/973 926/989/972 944/610/609
f 925/990/973 944/610/609 945/609/608
f 110/971/954 109/991/974 1060/973/956
f 1060/973/956 109/991/974 1061/992/975
f 1060/973/956 1061/992/975 1062/975/958
f 1062/975/958 1061/992/975 1044/993/976
f 1062/975/958 1044/993/976 1043/977/960
f 1043/977/960 1044/993/976 1027/994/977
f 1043/977/960 1027/994/977 1026/979/962
f 1026/979/962 1027/994/977 1010/995/978
f 1026/979/962 1010/995/978 1009/981/964
f 1009/981/964 1010/995/978 993/996/979
f 1009/981/964 993/996/979 992/983/966
f 992/983/966 993/996/979 977/997/980
f 992/983/966 977/997/980 976/985/968
f 976/985/968 977/997/980 960/998/981
f 976/985/968 960/998/981 959/987/970
f 959/987/970 960/998/981 927/999/982
f 959/987/970 927/999/982 926/989/972
f 926/989/972 927/999/982 943/611/610
f 926/989/972 943/611/610 944/610/609
f 109/991/974 108/1000/983 1061/992/975
f 1061/992/975 108/1000/983 163/1001/984
f 1061/992/975 163/1001/984 1044/993/976
f 1044/993/976 163/1001/984 1028/1002/985
f 1044/993/976 1028/1002/985 1027/994/977
f 1027/994/977 1028/1002/985 1011/1003/986
f 1027/994/977 1011/1003/986 1010/995/978
f 1010/995/978 1011/1003/986 994/1004/987
f 1010/995/978 994/1004/987 993/996/979
f 993/996/979 994/1004/987 978/1005/988
f 993/996/979 978/1005/988 977/997/980
f 977/997/980 978/1005/988 961/1006/989
f 977/997/980 961/1006/989 960/998/981
f 960/998/981 961/1006/989 928/1007/990
f 960/998/981 928/1007/990 927/999/982
f 927/999/982 928/1007/990 942/612/611
f 927/999/982 942/612/611 943/611/610
f 108/1000/983 107/1008/991 163/1001/984
f 163/1001/984 107/1008/991 1029/1009/992
f 163/1001/984 1029/1009/992 1028/1002/985
f 1028/1002/985 1029/1009/992 1012/1010/993
f 1028/1002/985 1012/1010/993 1011/1003/986
f 1011/1003/986 1012/1010/993 995/1011/994
f 1011/1003/986 995/1011/994 994/1004/987
f 994/1004/987 995/1011/994 979/1012/995
f 994/1004/987 979/1012/995 978/1005/988
f 978/1005/988 979/1012/995 962/1013/996
f 978/1005/988 962/1013/996 961/1006/989
f 961/1006/989 962/1013/996 929/1014/997
f 961/1006/989 929/1014/997 928/1007/990
f 928/1007/990 929/1014/997 941/613/612
f 928/1007/990 941/613/612 942/612/611
f 1029/1009/992 107/1008/991 1013/1015/998
f 1013/1015/998 107/1008/991 106/1016/999
f 1013/1015/998 106/1016/999 997/1017/1000
f 997/1017/1000 106/1016/999 105/1018/1001
f 997/1017/1000 105/1018/1001 162/1019/1002
f 162/1019/1002 105/1018/1001 104/1020/1003
f 162/1019/1002 104/1020/1003 966/1021/1004
f 966/1021/1004 104/1020/1003 934/1022/1005
f 966/1021/1004 934/1022/1005 933/1023/1006
f 933/1023/1006 934/1022/1005 936/618/617
f 933/1023/1006 936/618/617 937/617/616
f 104/1020/1003 103/1024/1007 934/1022/1005
f 934/1022/1005 103/1024/1007 935/619/618
f 934/1022/1005 935/619/618 936/618/617
f 103/1024/1007 102/620/619 935/619/618
f 841/457/456 98/459/458 809/1025/1008
f 809/1025/1008 98/459/458 97/1026/1009
f 809/1025/1008 97/1026/1009 810/1027/1010
f 810/1027/1010 97/1026/1009 96/1028/1011
f 810/1027/1010 96/1028/1011 157/1029/1012
f 157/1029/1012 96/1028/1011 95/1030/1013
f 157/1029/1012 95/1030/1013 779/1031/1014
f 779/1031/1014 95/1030/1013 763/1032/1015
f 779/1031/1014 763/1032/1015 762/1033/1016
f 762/1033/1016 763/1032/1015 746/1034/1017
f 762/1033/1016 746/1034/1017 745/1035/1018
f 745/1035/1018 746/1034/1017 730/1036/1019
f 745/1035/1018 730/1036/1019 729/1037/1020
f 729/1037/1020 730/1036/1019 713/1038/1021
f 729/1037/1020 713/1038/1021 712/1039/1022
f 712/1039/1022 713/1038/1021 680/1040/1023
f 712/1039/1022 680/1040/1023 679/1041/1024
f 679/1041/1024 680/1040/1023 690/1042/1025
f 679/1041/1024 690/1042/1025 691/1043/1026
f 691/1043/1026 690/1042/1025 663/1044/1027
f 691/1043/1026 663/1044/1027 662/1045/1028
f 662/1045/1028 663/1044/1027 646/1046/1029
f 662/1045/1028 646/1046/1029 645/1047/1030
f 645/1047/1030 646/1046/1029 629/1048/1031
f 645/1047/1030 629/1048/1031 628/1049/1032
f 628/1049/1032 629/1048/1031 597/1050/1033
f 628/1049/1032 597/1050/1033 596/1051/1034
f 596/1051/1034 597/1050/1033 616/1052/1035
f 596/1051/1034 616/1052/1035 617/1053/1036
f 617/1053/1036 616/1052/1035 579/1054/1037
f 617/1053/1036 579/1054/1037 578/1055/1038
f 578/1055/1038 579/1054/1037 563/1056/1039
f 578/1055/1038 563/1056/1039 562/1057/1040
f 562/1057/1040 563/1056/1039 532/304/303
f 562/1057/1040 532/304/303 531/306/305
f 95/1030/1013 94/1058/1041 763/1032/1015
f 763/1032/1015 94/1058/1041 747/1059/1042
f 763/1032/1015 747/1059/1042 746/1034/1017
f 746/1034/1017 747/1059/1042 731/1060/1043
f 746/1034/1017 731/1060/1043 730/1036/1019
f 730/1036/1019 731/1060/1043 714/1061/1044
f 730/1036/1019 714/1061/1044 713/1038/1021
f 713/1038/1021 714/1061/1044 681/1062/1045
f 713/1038/1021 681/1062/1045 680/1040/1023
f 680/1040/1023 681/1062/1045 689/1063/1046
f 680/1040/1023 689/1063/1046 690/1042/1025
f 690/1042/1025 689/1063/1046 664/1064/1047
f 690/1042/1025 664/1064/1047 663/1044/1027
f 663/1044/1027 664/1064/1047 647/1065/1048
f 663/1044/1027 647/1065/1048 646/1046/1029
f 646/1046/1029 647/1065/1048 630/1066/1049
f 646/1046/1029 630/1066/1049 629/1048/1031
f 629/1048/1031 630/1066/1049 598/1067/1050
f 629/1048/1031 598/1067/1050 597/1050/1033
f 597/1050/1033 598/1067/1050 615/1068/1051
f 597/1050/1033 615/1068/1051 616/1052/1035
f 616/1052/1035 615/1068/1051 580/1069/1052
f 616/1052/1035 580/1069/1052 579/1054/1037
f 579/1054/1037 580/1069/1052 564/1070/1053
f 579/1054/1037 564/1070/1053 563/1056/1039
f 563/1056/1039 564/1070/1053 533/302/301
f 563/1056/1039 533/302/301 532/304/303
f 94/1058/1041 93/1071/1054 747/1059/1042
f 747/1059/1042 93/1071/1054 156/1072/1055
f 747/1059/1042 156/1072/1055 731/1060/1043
f 731/1060/1043 156/1072/1055 715/1073/1056
f 731/1060/1043 715/1073/1056 714/1061/1044
f 714/1061/1044 715/1073/1056 682/1074/1057
f 714/1061/1044 682/1074/1057 681/1062/1045
f 681/1062/1045 682/1074/1057 688/1075/1058
f 681/1062/1045 688/1075/1058 689/1063/1046
f 689/1063/1046 688/1075/1058 665/1076/1059
f 689/1063/1046 665/1076/1059 664/1064/1047
f 664/1064/1047 665/1076/1059 648/1077/1060
f 664/1064/1047 648/1077/1060 647/1065/1048
f 647/1065/1048 648/1077/1060 631/1078/1061
f 647/1065/1048 631/1078/1061 630/1066/1049
f 630/1066/1049 631/1078/1061 599/1079/1062
f 630/1066/1049 599/1079/1062 598/1067/1050
f 598/1067/1050 599/1079/1062 614/1080/1063
f 598/1067/1050 614/1080/1063 615/1068/1051
f 615/1068/1051 614/1080/1063 581/1081/1064
f 615/1068/1051 581/1081/1064 580/1069/1052
f 580/1069/1052 581/1081/1064 565/1082/1065
f 580/1069/1052 565/1082/1065 564/1070/1053
f 564/1070/1053 565/1082/1065 534/300/299
f 564/1070/1053 534/300/299 533/302/301
f 93/1071/1054 92/1083/1066 156/1072/1055
f 156/1072/1055 92/1083/1066 716/1084/1067
f 156/1072/1055 716/1084/1067 715/1073/1056
f 715/1073/1056 716/1084/1067 683/1085/1068
f 715/1073/1056 683/1085/1068 682/1074/1057
f 682/1074/1057 683/1085/1068 687/1086/1069
f 682/1074/1057 687/1086/1069 688/1075/1058
f 688/1075/1058 687/1086/1069 666/1087/1070
f 688/1075/1058 666/1087/1070 665/1076/1059
f 665/1076/1059 666/1087/1070 649/1088/1071
f 665/1076/1059 649/1088/1071 648/1077/1060
f 648/1077/1060 649/1088/1071 632/1089/1072
f 648/1077/1060 632/1089/1072 631/1078/1061
f 631/1078/1061 632/1089/1072 600/1090/1073
f 631/1078/1061 600/1090/1073 599/1079/1062
f 599/1079/1062 600/1090/1073 613/1091/1074
f 599/1079/1062 613/1091/1074 614/1080/1063
f 614/1080/1063 613/1091/1074 582/1092/1075
f 614/1080/1063 582/1092/1075 581/1081/1064
f 581/1081/1064 582/1092/1075 566/1093/1076
f 581/1081/1064 566/1093/1076 565/1082/1065
f 565/1082/1065 566/1093/1076 535/298/297
f 565/1082/1065 535/298/297 534/300/299
f 716/1084/1067 92/1083/1066 684/1094/1077
f 684/1094/1077 92/1083/1066 91/1095/1078
f 684/1094/1077 91/1095/1078 685/1096/1079
f 685/1096/1079 91/1095/1078 90/1097/1080
f 685/1096/1079 90/1097/1080 155/1098/1081
f 155/1098/1081 90/1097/1080 89/1099/1082
f 155/1098/1081 89/1099/1082 653/1100/1083
f 653/1100/1083 89/1099/1082 637/1101/1084
f 653/1100/1083 637/1101/1084 636/1102/1085
f 636/1102/1085 637/1101/1084 605/1103/1086
f 636/1102/1085 605/1103/1086 604/1104/1087
f 604/1104/1087 605/1103/1086 608/1105/1088
f 604/1104/1087 608/1105/1088 609/1106/1089
f 609/1106/1089 608/1105/1088 587/1107/1090
f 609/1106/1089 587/1107/1090 586/1108/1091
f 586/1108/1091 587/1107/1090 571/1109/1092
f 586/1108/1091 571/1109/1092 570/1110/1093
f 570/1110/1093 571/1109/1092 540/288/287
f 570/1110/1093 540/288/287 539/290/289
f 89/1099/1082 88/1111/1094 637/1101/1084
f 637/1101/1084 88/1111/1094 153/1112/1095
f 637/1101/1084 153/1112/1095 605/1103/1086
f 605/1103/1086 153/1112/1095 607/1113/1096
f 605/1103/1086 607/1113/1096 608/1105/1088
f 608/1105/1088 607/1113/1096 588/1114/1097
f 608/1105/1088 588/1114/1097 587/1107/1090
f 587/1107/1090 588/1114/1097 572/1115/1098
f 587/1107/1090 572/1115/1098 571/1109/1092
f 571/1109/1092 572/1115/1098 541/286/285
f 571/1109/1092 541/286/285 540/288/287
f 88/1111/1094 87/1116/1099 153/1112/1095
f 153/1112/1095 87/1116/1099 606/1117/1100
f 153/1112/1095 606/1117/1100 607/1113/1096
f 607/1113/1096 606/1117/1100 589/1118/1101
f 607/1113/1096 589/1118/1101 588/1114/1097
f 588/1114/1097 589/1118/1101 573/1119/1102
f 588/1114/1097 573/1119/1102 572/1115/1098
f 572/1115/1098 573/1119/1102 542/284/283
f 572/1115/1098 542/284/283 541/286/285
f 606/1117/1100 87/1116/1099 590/1120/1103
f 590/1120/1103 87/1116/1099 86/1121/1104
f 590/1120/1103 86/1121/1104 575/1122/1105
f 575/1122/1105 86/1121/1104 85/1123/1106
f 575/1122/1105 85/1123/1106 151/278/277
f 151/278/277 85/1123/1106 84/276/275
f 82/272/271 81/1124/1107 467/270/269
f 467/270/269 81/1124/1107 148/1125/1108
f 467/270/269 148/1125/1108 468/268/267
f 468/268/267 148/1125/1108 450/1126/1109
f 468/268/267 450/1126/1109 449/266/265
f 449/266/265 450/1126/1109 434/1127/1110
f 449/266/265 434/1127/1110 433/264/263
f 433/264/263 434/1127/1110 418/1128/1111
f 433/264/263 418/1128/1111 417/262/261
f 417/262/261 418/1128/1111 385/1129/1112
f 417/262/261 385/1129/1112 384/260/259
f 384/260/259 385/1129/1112 395/1130/1113
f 384/260/259 395/1130/1113 396/258/257
f 396/258/257 395/1130/1113 368/1131/1114
f 396/258/257 368/1131/1114 367/256/255
f 367/256/255 368/1131/1114 351/1132/1115
f 367/256/255 351/1132/1115 350/254/253
f 350/254/253 351/1132/1115 320/1133/1116
f 350/254/253 320/1133/1116 319/252/251
f 319/252/251 320/1133/1116 337/1134/1117
f 319/252/251 337/1134/1117 338/250/249
f 338/250/249 337/1134/1117 302/1135/1118
f 338/250/249 302/1135/1118 301/248/247
f 301/248/247 302/1135/1118 285/1136/1119
f 301/248/247 285/1136/1119 284/246/245
f 284/246/245 285/1136/1119 269/1137/1120
f 284/246/245 269/1137/1120 268/244/243
f 268/244/243 269/1137/1120 236/1138/1121
f 268/244/243 236/1138/1121 235/242/241
f 235/242/241 236/1138/1121 264/1139/1122
f 235/242/241 264/1139/1122 265/240/239
f 265/240/239 264/1139/1122 142/238/237
f 81/1124/1107 80/1140/1123 148/1125/1108
f 148/1125/1108 80/1140/1123 451/1141/1124
f 148/1125/1108 451/1141/1124 450/1126/1109
f 450/1126/1109 451/1141/1124 435/1142/1125
f 450/1126/1109 435/1142/1125 434/1127/1110
f 434/1127/1110 435/1142/1125 419/1143/1126
f 434/1127/1110 419/1143/1126 418/1128/1111
f 418/1128/1111 419/1143/1126 386/1144/1127
f 418/1128/1111 386/1144/1127 385/1129/1112
f 385/1129/1112 386/1144/1127 394/1145/1128
f 385/1129/1112 394/1145/1128 395/1130/1113
f 395/1130/1113 394/1145/1128 369/1146/1129
f 395/1130/1113 369/1146/1129 368/1131/1114
f 368/1131/1114 369/1146/1129 352/1147/1130
f 368/1131/1114 352/1147/1130 351/1132/1115
f 351/1132/1115 352/1147/1130 321/1148/1131
f 351/1132/1115 321/1148/1131 320/1133/1116
f 320/1133/1116 321/1148/1131 336/1149/1132
f 320/1133/1116 336/1149/1132 337/1134/1117
f 337/1134/1117 336/1149/1132 303/1150/1133
f 337/1134/1117 303/1150/1133 302/1135/1118
f 302/1135/1118 303/1150/1133 286/1151/1134
f 302/1135/1118 286/1151/1134 285/1136/1119
f 285/1136/1119 286/1151/1134 270/1152/1135
f 285/1136/1119 270/1152/1135 269/1137/1120
f 269/1137/1120 270/1152/1135 237/1153/1136
f 269/1137/1120 237/1153/1136 236/1138/1121
f 236/1138/1121 237/1153/1136 263/1154/1137
f 236/1138/1121 263/1154/1137 264/1139/1122
f 264/1139/1122 263/1154/1137 220/1155/1138
f 264/1139/1122 220/1155/1138 142/238/237
f 142/238/237 220/1155/1138 204/236/235
f 451/1141/1124 80/1140/1123 436/1156/1139
f 436/1156/1139 80/1140/1123 79/1157/1140
f 436/1156/1139 79/1157/1140 147/1158/1141
f 147/1158/1141 79/1157/1140 78/1159/1142
f 147/1158/1141 78/1159/1142 389/1160/1143
f 389/1160/1143 78/1159/1142 390/1161/1144
f 389/1160/1143 390/1161/1144 391/1162/1145
f 391/1162/1145 390/1161/1144 373/1163/1146
f 391/1162/1145 373/1163/1146 372/1164/1147
f 372/1164/1147 373/1163/1146 356/1165/1148
f 372/1164/1147 356/1165/1148 355/1166/1149
f 355/1166/1149 356/1165/1148 325/1167/1150
f 355/1166/1149 325/1167/1150 324/1168/1151
f 324/1168/1151 325/1167/1150 332/1169/1152
f 324/1168/1151 332/1169/1152 333/1170/1153
f 333/1170/1153 332/1169/1152 307/1171/1154
f 333/1170/1153 307/1171/1154 306/1172/1155
f 306/1172/1155 307/1171/1154 290/1173/1156
f 306/1172/1155 290/1173/1156 289/1174/1157
f 289/1174/1157 290/1173/1156 274/1175/1158
f 289/1174/1157 274/1175/1158 273/1176/1159
f 273/1176/1159 274/1175/1158 241/1177/1160
f 273/1176/1159 241/1177/1160 240/1178/1161
f 240/1178/1161 241/1177/1160 259/1179/1162
f 240/1178/1161 259/1179/1162 260/1180/1163
f 260/1180/1163 259/1179/1162 224/1181/1164
f 260/1180/1163 224/1181/1164 223/1182/1165
f 223/1182/1165 224/1181/1164 208/1183/1166
f 223/1182/1165 208/1183/1166 207/1184/1167
f 207/1184/1167 208/1183/1166 191/213/212
f 207/1184/1167 191/213/212 190/215/214
f 78/1159/1142 77/1185/1168 390/1161/1144
f 390/1161/1144 77/1185/1168 146/1186/1169
f 390/1161/1144 146/1186/1169 373/1163/1146
f 373/1163/1146 146/1186/1169 357/1187/1170
f 373/1163/1146 357/1187/1170 356/1165/1148
f 356/1165/1148 357/1187/1170 326/1188/1171
f 356/1165/1148 326/1188/1171 325/1167/1150
f 325/1167/1150 326/1188/1171 331/1189/1172
f 325/1167/1150 331/1189/1172 332/1169/1152
f 332/1169/1152 331/1189/1172 308/1190/1173
f 332/1169/1152 308/1190/1173 307/1171/1154
f 307/1171/1154 308/1190/1173 291/1191/1174
f 307/1171/1154 291/1191/1174 290/1173/1156
f 290/1173/1156 291/1191/1174 275/1192/1175
f 290/1173/1156 275/1192/1175 274/1175/1158
f 274/1175/1158 275/1192/1175 242/1193/1176
f 274/1175/1158 242/1193/1176 241/1177/1160
f 241/1177/1160 242/1193/1176 258/1194/1177
f 241/1177/1160 258/1194/1177 259/1179/1162
f 259/1179/1162 258/1194/1177 225/1195/1178
f 259/1179/1162 225/1195/1178 224/1181/1164
f 224/1181/1164 225/1195/1178 209/1196/1179
f 224/1181/1164 209/1196/1179 208/1183/1166
f 208/1183/1166 209/1196/1179 192/211/210
f 208/1183/1166 192/211/210 191/213/212
f 77/1185/1168 76/1197/1180 146/1186/1169
f 146/1186/1169 76/1197/1180 358/1198/1181
f 146/1186/1169 358/1198/1181 357/1187/1170
f 357/1187/1170 358/1198/1181 327/1199/1182
f 357/1187/1170 327/1199/1182 326/1188/1171
f 326/1188/1171 327/1199/1182 330/1200/1183
f 326/1188/1171 330/1200/1183 331/1189/1172
f 331/1189/1172 330/1200/1183 309/1201/1184
f 331/1189/1172 309/1201/1184 308/1190/1173
f 308/1190/1173 309/1201/1184 292/1202/1185
f 308/1190/1173 292/1202/1185 291/1191/1174
f 291/1191/1174 292/1202/1185 276/1203/1186
f 291/1191/1174 276/1203/1186 275/1192/1175
f 275/1192/1175 276/1203/1186 243/1204/1187
f 275/1192/1175 243/1204/1187 242/1193/1176
f 242/1193/1176 243/1204/1187 257/1205/1188
f 242/1193/1176 257/1205/1188 258/1194/1177
f 258/1194/1177 257/1205/1188 226/1206/1189
f 258/1194/1177 226/1206/1189 225/1195/1178
f 225/1195/1178 226/1206/1189 210/1207/1190
f 225/1195/1178 210/1207/1190 209/1196/1179
f 209/1196/1179 210/1207/1190 193/209/208
f 209/1196/1179 193/209/208 192/211/210
f 358/1198/1181 76/1197/1180 328/1208/1191
f 328/1208/1191 76/1197/1180 75/1209/1192
f 328/1208/1191 75/1209/1192 144/1210/1193
f 144/1210/1193 75/1209/1192 74/1211/1194
f 144/1210/1193 74/1211/1194 312/1212/1195
f 312/1212/1195 74/1211/1194 296/1213/1196
f 312/1212/1195 296/1213/1196 295/1214/1197
f 295/1214/1197 296/1213/1196 280/1215/1198
f 295/1214/1197 280/1215/1198 279/1216/1199
f 279/1216/1199 280/1215/1198 247/1217/1200
f 279/1216/1199 247/1217/1200 246/1218/1201
f 246/1218/1201 247/1217/1200 253/1219/1202
f 246/1218/1201 253/1219/1202 254/1220/1203
f 254/1220/1203 253/1219/1202 230/1221/1204
f 254/1220/1203 230/1221/1204 229/1222/1205
f 229/1222/1205 230/1221/1204 214/1223/1206
f 229/1222/1205 214/1223/1206 213/1224/1207
f 213/1224/1207 214/1223/1206 197/201/200
f 213/1224/1207 197/201/200 196/203/202
f 74/1211/1194 73/1225/1208 296/1213/1196
f 296/1213/1196 73/1225/1208 143/1226/1209
f 296/1213/1196 143/1226/1209 280/1215/1198
f 280/1215/1198 143/1226/1209 248/1227/1210
f 280/1215/1198 248/1227/1210 247/1217/1200
f 247/1217/1200 248/1227/1210 252/1228/1211
f 247/1217/1200 252/1228/1211 253/1219/1202
f 253/1219/1202 252/1228/1211 231/1229/1212
f 253/1219/1202 231/1229/1212 230/1221/1204
f 230/1221/1204 231/1229/1212 215/1230/1213
f 230/1221/1204 215/1230/1213 214/1223/1206
f 214/1223/1206 215/1230/1213 198/199/198
f 214/1223/1206 198/199/198 197/201/200
f 73/1225/1208 72/1231/1214 143/1226/1209
f 143/1226/1209 72/1231/1214 249/1232/1215
f 143/1226/1209 249/1232/1215 248/1227/1210
f 248/1227/1210 249/1232/1215 251/1233/1216
f 248/1227/1210 251/1233/1216 252/1228/1211
f 252/1228/1211 251/1233/1216 232/1234/1217
f 252/1228/1211 232/1234/1217 231/1229/1212
f 231/1229/1212 232/1234/1217 216/1235/1218
f 231/1229/1212 216/1235/1218 215/1230/1213
f 215/1230/1213 216/1235/1218 199/197/196
f 215/1230/1213 199/197/196 198/199/198
f 249/1232/1215 72/1231/1214 250/1236/1219
f 250/1236/1219 72/1231/1214 71/1237/1220
f 250/1236/1219 71/1237/1220 141/1238/1221
f 141/1238/1221 71/1237/1220 70/1239/1222
f 141/1238/1221 70/1239/1222 219/1240/1223
f 219/1240/1223 70/1239/1222 203/189/188
f 219/1240/1223 203/189/188 202/191/190
f 70/1239/1222 69/187/186 203/189/188
f 189/217/216 188/219/218 205/1241/1224
f 205/1241/1224 188/219/218 204/236/235
f 205/1241/1224 204/236/235 220/1155/1138
f 190/215/214 189/217/216 206/1242/1225
f 206/1242/1225 189/217/216 205/1241/1224
f 206/1242/1225 205/1241/1224 221/1243/1226
f 221/1243/1226 205/1241/1224 220/1155/1138
f 221/1243/1226 220/1155/1138 263/1154/1137
f 193/209/208 210/1207/1190 194/207/206
f 194/207/206 210/1207/1190 211/1244/1227
f 194/207/206 211/1244/1227 195/205/204
f 195/205/204 211/1244/1227 212/1245/1228
f 195/205/204 212/1245/1228 196/203/202
f 196/203/202 212/1245/1228 213/1224/1207
f 199/197/196 216/1235/1218 200/195/194
f 200/195/194 216/1235/1218 217/1246/1229
f 200/195/194 217/1246/1229 201/193/192
f 201/193/192 217/1246/1229 218/1247/1230
f 201/193/192 218/1247/1230 202/191/190
f 202/191/190 218/1247/1230 219/1240/1223
f 190/215/214 206/1242/1225 207/1184/1167
f 207/1184/1167 206/1242/1225 222/1248/1231
f 207/1184/1167 222/1248/1231 223/1182/1165
f 223/1182/1165 222/1248/1231 261/1249/1232
f 223/1182/1165 261/1249/1232 260/1180/1163
f 260/1180/1163 261/1249/1232 239/1250/1233
f 260/1180/1163 239/1250/1233 240/1178/1161
f 240/1178/1161 239/1250/1233 272/1251/1234
f 240/1178/1161 272/1251/1234 273/1176/1159
f 273/1176/1159 272/1251/1234 288/1252/1235
f 273/1176/1159 288/1252/1235 289/1174/1157
f 289/1174/1157 288/1252/1235 305/1253/1236
f 289/1174/1157 305/1253/1236 306/1172/1155
f 306/1172/1155 305/1253/1236 334/1254/1237
f 306/1172/1155 334/1254/1237 333/1170/1153
f 333/1170/1153 334/1254/1237 323/1255/1238
f 333/1170/1153 323/1255/1238 324/1168/1151
f 324/1168/1151 323/1255/1238 354/1256/1239
f 324/1168/1151 354/1256/1239 355/1166/1149
f 355/1166/1149 354/1256/1239 371/1257/1240
f 355/1166/1149 371/1257/1240 372/1164/1147
f 372/1164/1147 371/1257/1240 392/1258/1241
f 372/1164/1147 392/1258/1241 391/1162/1145
f 391/1162/1145 392/1258/1241 388/1259/1242
f 391/1162/1145 388/1259/1242 389/1160/1143
f 389/1160/1143 388/1259/1242 147/1158/1141
f 222/1248/1231 206/1242/1225 221/1243/1226
f 210/1207/1190 226/1206/1189 211/1244/1227
f 211/1244/1227 226/1206/1189 227/1260/1243
f 211/1244/1227 227/1260/1243 212/1245/1228
f 212/1245/1228 227/1260/1243 228/1261/1244
f 212/1245/1228 228/1261/1244 213/1224/1207
f 213/1224/1207 228/1261/1244 229/1222/1205
f 216/1235/1218 232/1234/1217 217/1246/1229
f 217/1246/1229 232/1234/1217 233/1262/1245
f 217/1246/1229 233/1262/1245 218/1247/1230
f 218/1247/1230 233/1262/1245 141/1238/1221
f 218/1247/1230 141/1238/1221 219/1240/1223
f 222/1248/1231 221/1243/1226 262/1263/1246
f 262/1263/1246 221/1243/1226 263/1154/1137
f 262/1263/1246 263/1154/1137 237/1153/1136
f 226/1206/1189 257/1205/1188 227/1260/1243
f 227/1260/1243 257/1205/1188 256/1264/1247
f 227/1260/1243 256/1264/1247 228/1261/1244
f 228/1261/1244 256/1264/1247 255/1265/1248
f 228/1261/1244 255/1265/1248 229/1222/1205
f 229/1222/1205 255/1265/1248 254/1220/1203
f 250/1236/1219 141/1238/1221 233/1262/1245
f 250/1236/1219 233/1262/1245 251/1233/1216
f 251/1233/1216 233/1262/1245 232/1234/1217
f 237/1153/1136 238/1266/1249 262/1263/1246
f 262/1263/1246 238/1266/1249 261/1249/1232
f 262/1263/1246 261/1249/1232 222/1248/1231
f 261/1249/1232 238/1266/1249 239/1250/1233
f 239/1250/1233 238/1266/1249 271/1267/1250
f 239/1250/1233 271/1267/1250 272/1251/1234
f 272/1251/1234 271/1267/1250 287/1268/1251
f 272/1251/1234 287/1268/1251 288/1252/1235
f 288/1252/1235 287/1268/1251 304/1269/1252
f 288/1252/1235 304/1269/1252 305/1253/1236
f 305/1253/1236 304/1269/1252 335/1270/1253
f 305/1253/1236 335/1270/1253 334/1254/1237
f 334/1254/1237 335/1270/1253 322/1271/1254
f 334/1254/1237 322/1271/1254 323/1255/1238
f 323/1255/1238 322/1271/1254 353/1272/1255
f 323/1255/1238 353/1272/1255 354/1256/1239
f 354/1256/1239 353/1272/1255 370/1273/1256
f 354/1256/1239 370/1273/1256 371/1257/1240
f 371/1257/1240 370/1273/1256 393/1274/1257
f 371/1257/1240 393/1274/1257 392/1258/1241
f 392/1258/1241 393/1274/1257 387/1275/1258
f 392/1258/1241 387/1275/1258 388/1259/1242
f 388/1259/1242 387/1275/1258 420/1276/1259
f 388/1259/1242 420/1276/1259 147/1158/1141
f 147/1158/1141 420/1276/1259 436/1156/1139
f 271/1267/1250 238/1266/1249 270/1152/1135
f 270/1152/1135 238/1266/1249 237/1153/1136
f 256/1264/1247 257/1205/1188 243/1204/1187
f 255/1265/1248 256/1264/1247 244/1277/1260
f 244/1277/1260 256/1264/1247 243/1204/1187
f 244/1277/1260 243/1204/1187 276/1203/1186
f 254/1220/1203 255/1265/1248 245/1278/1261
f 245/1278/1261 255/1265/1248 244/1277/1260
f 245/1278/1261 244/1277/1260 277/1279/1262
f 277/1279/1262 244/1277/1260 276/1203/1186
f 277/1279/1262 276/1203/1186 292/1202/1185
f 254/1220/1203 245/1278/1261 246/1218/1201
f 246/1218/1201 245/1278/1261 278/1280/1263
f 246/1218/1201 278/1280/1263 279/1216/1199
f 279/1216/1199 278/1280/1263 294/1281/1264
f 279/1216/1199 294/1281/1264 295/1214/1197
f 295/1214/1197 294/1281/1264 311/1282/1265
f 295/1214/1197 311/1282/1265 312/1212/1195
f 312/1212/1195 311/1282/1265 144/1210/1193
f 278/1280/1263 245/1278/1261 277/1279/1262
f 250/1236/1219 251/1233/1216 249/1232/1215
f 287/1268/1251 271/1267/1250 286/1151/1134
f 286/1151/1134 271/1267/1250 270/1152/1135
f 278/1280/1263 277/1279/1262 293/1283/1266
f 293/1283/1266 277/1279/1262 292/1202/1185
f 293/1283/1266 292/1202/1185 309/1201/1184
f 304/1269/1252 287/1268/1251 303/1150/1133
f 303/1150/1133 287/1268/1251 286/1151/1134
f 278/1280/1263 293/1283/1266 294/1281/1264
f 294/1281/1264 293/1283/1266 310/1284/1267
f 294/1281/1264 310/1284/1267 311/1282/1265
f 311/1282/1265 310/1284/1267 329/1285/1268
f 311/1282/1265 329/1285/1268 144/1210/1193
f 144/1210/1193 329/1285/1268 328/1208/1191
f 310/1284/1267 293/1283/1266 309/1201/1184
f 335/1270/1253 304/1269/1252 336/1149/1132
f 336/1149/1132 304/1269/1252 303/1150/1133
f 329/1285/1268 310/1284/1267 330/1200/1183
f 330/1200/1183 310/1284/1267 309/1201/1184
f 313/361/360 314/1286/1269 145/359/358
f 145/359/358 314/1286/1269 342/345/344
f 145/359/358 342/345/344 297/344/343
f 342/345/344 314/1286/1269 315/346/345
f 315/346/345 314/1286/1269 345/1287/1270
f 315/346/345 345/1287/1270 346/347/346
f 346/347/346 345/1287/1270 362/1288/1271
f 346/347/346 362/1288/1271 363/348/347
f 363/348/347 362/1288/1271 401/1289/1272
f 363/348/347 401/1289/1272 400/349/348
f 400/349/348 401/1289/1272 379/1290/1273
f 400/349/348 379/1290/1273 380/350/349
f 380/350/349 379/1290/1273 412/1291/1274
f 380/350/349 412/1291/1274 413/351/350
f 413/351/350 412/1291/1274 428/1292/1275
f 413/351/350 428/1292/1275 429/352/351
f 429/352/351 428/1292/1275 444/1293/1276
f 429/352/351 444/1293/1276 445/353/352
f 445/353/352 444/1293/1276 473/1294/1277
f 445/353/352 473/1294/1277 472/354/353
f 472/354/353 473/1294/1277 462/1295/1278
f 472/354/353 462/1295/1278 463/355/354
f 463/355/354 462/1295/1278 494/1296/1279
f 463/355/354 494/1296/1279 495/356/355
f 495/356/355 494/1296/1279 511/1297/1280
f 495/356/355 511/1297/1280 512/357/356
f 512/357/356 511/1297/1280 527/1298/1281
f 512/357/356 527/1298/1281 528/358/357
f 528/358/357 527/1298/1281 546/279/278
f 528/358/357 546/279/278 545/277/276
f 314/1286/1269 313/361/360 344/1299/1282
f 344/1299/1282 313/361/360 343/363/362
f 344/1299/1282 343/363/362 360/1300/1283
f 360/1300/1283 343/363/362 359/365/364
f 360/1300/1283 359/365/364 404/1301/1284
f 404/1301/1284 359/365/364 405/367/366
f 404/1301/1284 405/367/366 375/369/368
f 335/1270/1253 336/1149/1132 321/1148/1131
f 335/1270/1253 321/1148/1131 322/1271/1254
f 322/1271/1254 321/1148/1131 352/1147/1130
f 322/1271/1254 352/1147/1130 353/1272/1255
f 353/1272/1255 352/1147/1130 369/1146/1129
f 353/1272/1255 369/1146/1129 370/1273/1256
f 370/1273/1256 369/1146/1129 394/1145/1128
f 370/1273/1256 394/1145/1128 393/1274/1257
f 393/1274/1257 394/1145/1128 386/1144/1127
f 393/1274/1257 386/1144/1127 387/1275/1258
f 387/1275/1258 386/1144/1127 419/1143/1126
f 387/1275/1258 419/1143/1126 420/1276/1259
f 420/1276/1259 419/1143/1126 435/1142/1125
f 420/1276/1259 435/1142/1125 436/1156/1139
f 436/1156/1139 435/1142/1125 451/1141/1124
f 329/1285/1268 330/1200/1183 327/1199/1182
f 358/1198/1181 328/1208/1191 327/1199/1182
f 327/1199/1182 328/1208/1191 329/1285/1268
f 314/1286/1269 344/1299/1282 345/1287/1270
f 345/1287/1270 344/1299/1282 361/1302/1285
f 345/1287/1270 361/1302/1285 362/1288/1271
f 362/1288/1271 361/1302/1285 402/1303/1286
f 362/1288/1271 402/1303/1286 401/1289/1272
f 401/1289/1272 402/1303/1286 378/1304/1287
f 401/1289/1272 378/1304/1287 379/1290/1273
f 379/1290/1273 378/1304/1287 411/1305/1288
f 379/1290/1273 411/1305/1288 412/1291/1274
f 412/1291/1274 411/1305/1288 427/1306/1289
f 412/1291/1274 427/1306/1289 428/1292/1275
f 428/1292/1275 427/1306/1289 443/1307/1290
f 428/1292/1275 443/1307/1290 444/1293/1276
f 444/1293/1276 443/1307/1290 474/1308/1291
f 444/1293/1276 474/1308/1291 473/1294/1277
f 473/1294/1277 474/1308/1291 461/1309/1292
f 473/1294/1277 461/1309/1292 462/1295/1278
f 462/1295/1278 461/1309/1292 493/1310/1293
f 462/1295/1278 493/1310/1293 494/1296/1279
f 494/1296/1279 493/1310/1293 510/1311/1294
f 494/1296/1279 510/1311/1294 511/1297/1280
f 511/1297/1280 510/1311/1294 526/1312/1295
f 511/1297/1280 526/1312/1295 527/1298/1281
f 527/1298/1281 526/1312/1295 547/281/280
f 527/1298/1281 547/281/280 546/279/278
f 361/1302/1285 344/1299/1282 360/1300/1283
f 361/1302/1285 360/1300/1283 403/1313/1296
f 403/1313/1296 360/1300/1283 404/1301/1284
f 403/1313/1296 404/1301/1284 376/1314/1297
f 376/1314/1297 404/1301/1284 375/369/368
f 376/1314/1297 375/369/368 408/371/370
f 376/1314/1297 377/1315/1298 403/1313/1296
f 403/1313/1296 377/1315/1298 402/1303/1286
f 403/1313/1296 402/1303/1286 361/1302/1285
f 402/1303/1286 377/1315/1298 378/1304/1287
f 378/1304/1287 377/1315/1298 410/1316/1299
f 378/1304/1287 410/1316/1299 411/1305/1288
f 411/1305/1288 410/1316/1299 426/1317/1300
f 411/1305/1288 426/1317/1300 427/1306/1289
f 427/1306/1289 426/1317/1300 442/1318/1301
f 427/1306/1289 442/1318/1301 443/1307/1290
f 443/1307/1290 442/1318/1301 475/1319/1302
f 443/1307/1290 475/1319/1302 474/1308/1291
f 474/1308/1291 475/1319/1302 460/1320/1303
f 474/1308/1291 460/1320/1303 461/1309/1292
f 461/1309/1292 460/1320/1303 492/1321/1304
f 461/1309/1292 492/1321/1304 493/1310/1293
f 493/1310/1293 492/1321/1304 509/1322/1305
f 493/1310/1293 509/1322/1305 510/1311/1294
f 510/1311/1294 509/1322/1305 525/1323/1306
f 510/1311/1294 525/1323/1306 526/1312/1295
f 526/1312/1295 525/1323/1306 548/283/282
f 526/1312/1295 548/283/282 547/281/280
f 377/1315/1298 376/1314/1297 409/1324/1307
f 409/1324/1307 376/1314/1297 408/371/370
f 409/1324/1307 408/371/370 424/373/372
f 377/1315/1298 409/1324/1307 410/1316/1299
f 410/1316/1299 409/1324/1307 425/1325/1308
f 410/1316/1299 425/1325/1308 426/1317/1300
f 426/1317/1300 425/1325/1308 441/1326/1309
f 426/1317/1300 441/1326/1309 442/1318/1301
f 442/1318/1301 441/1326/1309 476/1327/1310
f 442/1318/1301 476/1327/1310 475/1319/1302
f 475/1319/1302 476/1327/1310 459/1328/1311
f 475/1319/1302 459/1328/1311 460/1320/1303
f 460/1320/1303 459/1328/1311 491/1329/1312
f 460/1320/1303 491/1329/1312 492/1321/1304
f 492/1321/1304 491/1329/1312 508/1330/1313
f 492/1321/1304 508/1330/1313 509/1322/1305
f 509/1322/1305 508/1330/1313 524/1331/1314
f 509/1322/1305 524/1331/1314 525/1323/1306
f 525/1323/1306 524/1331/1314 549/285/284
f 525/1323/1306 549/285/284 548/283/282
f 425/1325/1308 409/1324/1307 424/373/372
f 441/1326/1309 425/1325/1308 440/375/374
f 440/375/374 425/1325/1308 424/373/372
f 476/1327/1310 441/1326/1309 477/377/376
f 477/377/376 441/1326/1309 440/375/374
f 482/411/410 452/416/415 453/412/411
f 453/412/411 452/416/415 484/1332/1315
f 453/412/411 484/1332/1315 485/413/412
f 485/413/412 484/1332/1315 501/1333/1316
f 485/413/412 501/1333/1316 502/414/413
f 502/414/413 501/1333/1316 517/1334/1317
f 502/414/413 517/1334/1317 518/415/414
f 518/415/414 517/1334/1317 556/299/298
f 518/415/414 556/299/298 555/297/296
f 476/1327/1310 477/377/376 458/379/378
f 476/1327/1310 458/379/378 459/1328/1311
f 459/1328/1311 458/379/378 490/381/380
f 459/1328/1311 490/381/380 491/1329/1312
f 491/1329/1312 490/381/380 507/383/382
f 491/1329/1312 507/383/382 508/1330/1313
f 508/1330/1313 507/383/382 523/385/384
f 508/1330/1313 523/385/384 524/1331/1314
f 524/1331/1314 523/385/384 550/287/286
f 524/1331/1314 550/287/286 549/285/284
f 452/416/415 483/418/417 484/1332/1315
f 484/1332/1315 483/418/417 500/1335/1318
f 484/1332/1315 500/1335/1318 501/1333/1316
f 501/1333/1316 500/1335/1318 516/1336/1319
f 501/1333/1316 516/1336/1319 517/1334/1317
f 517/1334/1317 516/1336/1319 557/301/300
f 517/1334/1317 557/301/300 556/299/298
f 483/418/417 499/420/419 500/1335/1318
f 500/1335/1318 499/420/419 515/1337/1320
f 500/1335/1318 515/1337/1320 516/1336/1319
f 516/1336/1319 515/1337/1320 558/303/302
f 516/1336/1319 558/303/302 557/301/300
f 499/420/419 514/422/421 515/1337/1320
f 515/1337/1320 514/422/421 559/305/304
f 515/1337/1320 559/305/304 558/303/302
f 531/306/305 530/308/307 561/1338/1321
f 561/1338/1321 530/308/307 560/423/422
f 561/1338/1321 560/423/422 576/1339/1322
f 576/1339/1322 560/423/422 154/425/424
f 576/1339/1322 154/425/424 620/1340/1323
f 620/1340/1323 154/425/424 621/427/426
f 620/1340/1323 621/427/426 592/429/428
f 535/298/297 566/1093/1076 536/296/295
f 536/296/295 566/1093/1076 567/1341/1324
f 536/296/295 567/1341/1324 537/294/293
f 537/294/293 567/1341/1324 568/1342/1325
f 537/294/293 568/1342/1325 538/292/291
f 538/292/291 568/1342/1325 569/1343/1326
f 538/292/291 569/1343/1326 539/290/289
f 539/290/289 569/1343/1326 570/1110/1093
f 542/284/283 573/1119/1102 543/282/281
f 543/282/281 573/1119/1102 574/1344/1327
f 543/282/281 574/1344/1327 544/280/279
f 544/280/279 574/1344/1327 575/1122/1105
f 544/280/279 575/1122/1105 151/278/277
f 531/306/305 561/1338/1321 562/1057/1040
f 562/1057/1040 561/1338/1321 577/1345/1328
f 562/1057/1040 577/1345/1328 578/1055/1038
f 578/1055/1038 577/1345/1328 618/1346/1329
f 578/1055/1038 618/1346/1329 617/1053/1036
f 617/1053/1036 618/1346/1329 595/1347/1330
f 617/1053/1036 595/1347/1330 596/1051/1034
f 596/1051/1034 595/1347/1330 627/1348/1331
f 596/1051/1034 627/1348/1331 628/1049/1032
f 628/1049/1032 627/1348/1331 644/1349/1332
f 628/1049/1032 644/1349/1332 645/1047/1030
f 645/1047/1030 644/1349/1332 661/1350/1333
f 645/1047/1030 661/1350/1333 662/1045/1028
f 662/1045/1028 661/1350/1333 692/1351/1334
f 662/1045/1028 692/1351/1334 691/1043/1026
f 691/1043/1026 692/1351/1334 678/1352/1335
f 691/1043/1026 678/1352/1335 679/1041/1024
f 679/1041/1024 678/1352/1335 711/1353/1336
f 679/1041/1024 711/1353/1336 712/1039/1022
f 712/1039/1022 711/1353/1336 728/1354/1337
f 712/1039/1022 728/1354/1337 729/1037/1020
f 729/1037/1020 728/1354/1337 744/1355/1338
f 729/1037/1020 744/1355/1338 745/1035/1018
f 745/1035/1018 744/1355/1338 761/1356/1339
f 745/1035/1018 761/1356/1339 762/1033/1016
f 762/1033/1016 761/1356/1339 778/1357/1340
f 762/1033/1016 778/1357/1340 779/1031/1014
f 779/1031/1014 778/1357/1340 157/1029/1012
f 577/1345/1328 561/1338/1321 576/1339/1322
f 566/1093/1076 582/1092/1075 567/1341/1324
f 567/1341/1324 582/1092/1075 583/1358/1341
f 567/1341/1324 583/1358/1341 568/1342/1325
f 568/1342/1325 583/1358/1341 584/1359/1342
f 568/1342/1325 584/1359/1342 569/1343/1326
f 569/1343/1326 584/1359/1342 585/1360/1343
f 569/1343/1326 585/1360/1343 570/1110/1093
f 570/1110/1093 585/1360/1343 586/1108/1091
f 590/1120/1103 575/1122/1105 574/1344/1327
f 590/1120/1103 574/1344/1327 589/1118/1101
f 589/1118/1101 574/1344/1327 573/1119/1102
f 577/1345/1328 576/1339/1322 619/1361/1344
f 619/1361/1344 576/1339/1322 620/1340/1323
f 619/1361/1344 620/1340/1323 593/1362/1345
f 593/1362/1345 620/1340/1323 592/429/428
f 593/1362/1345 592/429/428 624/431/430
f 582/1092/1075 613/1091/1074 583/1358/1341
f 583/1358/1341 613/1091/1074 612/1363/1346
f 583/1358/1341 612/1363/1346 584/1359/1342
f 584/1359/1342 612/1363/1346 611/1364/1347
f 584/1359/1342 611/1364/1347 585/1360/1343
f 585/1360/1343 611/1364/1347 610/1365/1348
f 585/1360/1343 610/1365/1348 586/1108/1091
f 586/1108/1091 610/1365/1348 609/1106/1089
f 606/1117/1100 590/1120/1103 589/1118/1101
f 593/1362/1345 594/1366/1349 619/1361/1344
f 619/1361/1344 594/1366/1349 618/1346/1329
f 619/1361/1344 618/1346/1329 577/1345/1328
f 618/1346/1329 594/1366/1349 595/1347/1330
f 595/1347/1330 594/1366/1349 626/1367/1350
f 595/1347/1330 626/1367/1350 627/1348/1331
f 627/1348/1331 626/1367/1350 643/1368/1351
f 627/1348/1331 643/1368/1351 644/1349/1332
f 644/1349/1332 643/1368/1351 660/1369/1352
f 644/1349/1332 660/1369/1352 661/1350/1333
f 661/1350/1333 660/1369/1352 693/1370/1353
f 661/1350/1333 693/1370/1353 692/1351/1334
f 692/1351/1334 693/1370/1353 677/1371/1354
f 692/1351/1334 677/1371/1354 678/1352/1335
f 678/1352/1335 677/1371/1354 710/1372/1355
f 678/1352/1335 710/1372/1355 711/1353/1336
f 711/1353/1336 710/1372/1355 727/1373/1356
f 711/1353/1336 727/1373/1356 728/1354/1337
f 728/1354/1337 727/1373/1356 743/1374/1357
f 728/1354/1337 743/1374/1357 744/1355/1338
f 744/1355/1338 743/1374/1357 760/1375/1358
f 744/1355/1338 760/1375/1358 761/1356/1339
f 761/1356/1339 760/1375/1358 777/1376/1359
f 761/1356/1339 777/1376/1359 778/1357/1340
f 778/1357/1340 777/1376/1359 793/1377/1360
f 778/1357/1340 793/1377/1360 157/1029/1012
f 157/1029/1012 793/1377/1360 810/1027/1010
f 594/1366/1349 593/1362/1345 625/1378/1361
f 625/1378/1361 593/1362/1345 624/431/430
f 625/1378/1361 624/431/430 641/433/432
f 612/1363/1346 613/1091/1074 600/1090/1073
f 611/1364/1347 612/1363/1346 601/1379/1362
f 601/1379/1362 612/1363/1346 600/1090/1073
f 601/1379/1362 600/1090/1073 632/1089/1072
f 610/1365/1348 611/1364/1347 602/1380/1363
f 602/1380/1363 611/1364/1347 601/1379/1362
f 602/1380/1363 601/1379/1362 633/1381/1364
f 633/1381/1364 601/1379/1362 632/1089/1072
f 633/1381/1364 632/1089/1072 649/1088/1071
f 609/1106/1089 610/1365/1348 603/1382/1365
f 603/1382/1365 610/1365/1348 602/1380/1363
f 603/1382/1365 602/1380/1363 634/1383/1366
f 634/1383/1366 602/1380/1363 633/1381/1364
f 634/1383/1366 633/1381/1364 650/1384/1367
f 650/1384/1367 633/1381/1364 649/1088/1071
f 650/1384/1367 649/1088/1071 666/1087/1070
f 609/1106/1089 603/1382/1365 604/1104/1087
f 604/1104/1087 603/1382/1365 635/1385/1368
f 604/1104/1087 635/1385/1368 636/1102/1085
f 636/1102/1085 635/1385/1368 652/1386/1369
f 636/1102/1085 652/1386/1369 653/1100/1083
f 653/1100/1083 652/1386/1369 155/1098/1081
f 635/1385/1368 603/1382/1365 634/1383/1366
f 594/1366/1349 625/1378/1361 626/1367/1350
f 626/1367/1350 625/1378/1361 642/1387/1370
f 626/1367/1350 642/1387/1370 643/1368/1351
f 643/1368/1351 642/1387/1370 659/1388/1371
f 643/1368/1351 659/1388/1371 660/1369/1352
f 660/1369/1352 659/1388/1371 694/1389/1372
f 660/1369/1352 694/1389/1372 693/1370/1353
f 693/1370/1353 694/1389/1372 676/1390/1373
f 693/1370/1353 676/1390/1373 677/1371/1354
f 677/1371/1354 676/1390/1373 709/1391/1374
f 677/1371/1354 709/1391/1374 710/1372/1355
f 710/1372/1355 709/1391/1374 726/1392/1375
f 710/1372/1355 726/1392/1375 727/1373/1356
f 727/1373/1356 726/1392/1375 742/1393/1376
f 727/1373/1356 742/1393/1376 743/1374/1357
f 743/1374/1357 742/1393/1376 759/1394/1377
f 743/1374/1357 759/1394/1377 760/1375/1358
f 760/1375/1358 759/1394/1377 776/1395/1378
f 760/1375/1358 776/1395/1378 777/1376/1359
f 777/1376/1359 776/1395/1378 792/1396/1379
f 777/1376/1359 792/1396/1379 793/1377/1360
f 793/1377/1360 792/1396/1379 811/1397/1380
f 793/1377/1360 811/1397/1380 810/1027/1010
f 810/1027/1010 811/1397/1380 809/1025/1008
f 642/1387/1370 625/1378/1361 641/433/432
f 635/1385/1368 634/1383/1366 651/1398/1381
f 651/1398/1381 634/1383/1366 650/1384/1367
f 651/1398/1381 650/1384/1367 667/1399/1382
f 667/1399/1382 650/1384/1367 666/1087/1070
f 667/1399/1382 666/1087/1070 687/1086/1069
f 659/1388/1371 642/1387/1370 658/435/434
f 658/435/434 642/1387/1370 641/433/432
f 635/1385/1368 651/1398/1381 652/1386/1369
f 652/1386/1369 651/1398/1381 668/1400/1383
f 652/1386/1369 668/1400/1383 155/1098/1081
f 155/1098/1081 668/1400/1383 685/1096/1079
f 668/1400/1383 651/1398/1381 667/1399/1382
f 694/1389/1372 659/1388/1371 695/437/436
f 695/437/436 659/1388/1371 658/435/434
f 668/1400/1383 667/1399/1382 686/1401/1384
f 686/1401/1384 667/1399/1382 687/1086/1069
f 686/1401/1384 687/1086/1069 683/1085/1068
f 700/548/547 669/562/561 670/549/548
f 670/549/548 669/562/561 702/1402/1385
f 670/549/548 702/1402/1385 703/550/549
f 703/550/549 702/1402/1385 719/1403/1386
f 703/550/549 719/1403/1386 720/551/550
f 720/551/550 719/1403/1386 735/1404/1387
f 720/551/550 735/1404/1387 736/552/551
f 736/552/551 735/1404/1387 752/1405/1388
f 736/552/551 752/1405/1388 753/553/552
f 753/553/552 752/1405/1388 769/1406/1389
f 753/553/552 769/1406/1389 770/554/553
f 770/554/553 769/1406/1389 785/1407/1390
f 770/554/553 785/1407/1390 786/555/554
f 786/555/554 785/1407/1390 818/1408/1391
f 786/555/554 818/1408/1391 817/556/555
f 817/556/555 818/1408/1391 802/1409/1392
f 817/556/555 802/1409/1392 803/557/556
f 803/557/556 802/1409/1392 835/1410/1393
f 803/557/556 835/1410/1393 836/558/557
f 836/558/557 835/1410/1393 852/1411/1394
f 836/558/557 852/1411/1394 853/559/558
f 853/559/558 852/1411/1394 868/1412/1395
f 853/559/558 868/1412/1395 869/560/559
f 869/560/559 868/1412/1395 885/1413/1396
f 869/560/559 885/1413/1396 886/561/560
f 886/561/560 885/1413/1396 902/469/468
f 886/561/560 902/469/468 903/467/466
f 694/1389/1372 695/437/436 675/439/438
f 694/1389/1372 675/439/438 676/1390/1373
f 676/1390/1373 675/439/438 708/441/440
f 676/1390/1373 708/441/440 709/1391/1374
f 709/1391/1374 708/441/440 725/443/442
f 709/1391/1374 725/443/442 726/1392/1375
f 726/1392/1375 725/443/442 741/445/444
f 726/1392/1375 741/445/444 742/1393/1376
f 742/1393/1376 741/445/444 758/447/446
f 742/1393/1376 758/447/446 759/1394/1377
f 759/1394/1377 758/447/446 775/449/448
f 759/1394/1377 775/449/448 776/1395/1378
f 776/1395/1378 775/449/448 791/451/450
f 776/1395/1378 791/451/450 792/1396/1379
f 792/1396/1379 791/451/450 812/453/452
f 792/1396/1379 812/453/452 811/1397/1380
f 811/1397/1380 812/453/452 808/455/454
f 811/1397/1380 808/455/454 809/1025/1008
f 809/1025/1008 808/455/454 841/457/456
f 683/1085/1068 684/1094/1077 686/1401/1384
f 686/1401/1384 684/1094/1077 685/1096/1079
f 686/1401/1384 685/1096/1079 668/1400/1383
f 684/1094/1077 683/1085/1068 716/1084/1067
f 669/562/561 701/564/563 702/1402/1385
f 702/1402/1385 701/564/563 718/1414/1397
f 702/1402/1385 718/1414/1397 719/1403/1386
f 719/1403/1386 718/1414/1397 734/1415/1398
f 719/1403/1386 734/1415/1398 735/1404/1387
f 735/1404/1387 734/1415/1398 751/1416/1399
f 735/1404/1387 751/1416/1399 752/1405/1388
f 752/1405/1388 751/1416/1399 768/1417/1400
f 752/1405/1388 768/1417/1400 769/1406/1389
f 769/1406/1389 768/1417/1400 784/1418/1401
f 769/1406/1389 784/1418/1401 785/1407/1390
f 785/1407/1390 784/1418/1401 819/1419/1402
f 785/1407/1390 819/1419/1402 818/1408/1391
f 818/1408/1391 819/1419/1402 801/1420/1403
f 818/1408/1391 801/1420/1403 802/1409/1392
f 802/1409/1392 801/1420/1403 834/1421/1404
f 802/1409/1392 834/1421/1404 835/1410/1393
f 835/1410/1393 834/1421/1404 851/1422/1405
f 835/1410/1393 851/1422/1405 852/1411/1394
f 852/1411/1394 851/1422/1405 867/1423/1406
f 852/1411/1394 867/1423/1406 868/1412/1395
f 868/1412/1395 867/1423/1406 884/1424/1407
f 868/1412/1395 884/1424/1407 885/1413/1396
f 885/1413/1396 884/1424/1407 901/471/470
f 885/1413/1396 901/471/470 902/469/468
f 701/564/563 717/566/565 718/1414/1397
f 718/1414/1397 717/566/565 733/1425/1408
f 718/1414/1397 733/1425/1408 734/1415/1398
f 734/1415/1398 733/1425/1408 750/1426/1409
f 734/1415/1398 750/1426/1409 751/1416/1399
f 751/1416/1399 750/1426/1409 767/1427/1410
f 751/1416/1399 767/1427/1410 768/1417/1400
f 768/1417/1400 767/1427/1410 783/1428/1411
f 768/1417/1400 783/1428/1411 784/1418/1401
f 784/1418/1401 783/1428/1411 820/1429/1412
f 784/1418/1401 820/1429/1412 819/1419/1402
f 819/1419/1402 820/1429/1412 800/1430/1413
f 819/1419/1402 800/1430/1413 801/1420/1403
f 801/1420/1403 800/1430/1413 833/1431/1414
f 801/1420/1403 833/1431/1414 834/1421/1404
f 834/1421/1404 833/1431/1414 850/1432/1415
f 834/1421/1404 850/1432/1415 851/1422/1405
f 851/1422/1405 850/1432/1415 866/1433/1416
f 851/1422/1405 866/1433/1416 867/1423/1406
f 867/1423/1406 866/1433/1416 883/1434/1417
f 867/1423/1406 883/1434/1417 884/1424/1407
f 884/1424/1407 883/1434/1417 900/473/472
f 884/1424/1407 900/473/472 901/471/470
f 717/566/565 732/568/567 733/1425/1408
f 733/1425/1408 732/568/567 749/1435/1418
f 733/1425/1408 749/1435/1418 750/1426/1409
f 750/1426/1409 749/1435/1418 766/1436/1419
f 750/1426/1409 766/1436/1419 767/1427/1410
f 767/1427/1410 766/1436/1419 782/1437/1420
f 767/1427/1410 782/1437/1420 783/1428/1411
f 783/1428/1411 782/1437/1420 821/1438/1421
f 783/1428/1411 821/1438/1421 820/1429/1412
f 820/1429/1412 821/1438/1421 799/1439/1422
f 820/1429/1412 799/1439/1422 800/1430/1413
f 800/1430/1413 799/1439/1422 832/1440/1423
f 800/1430/1413 832/1440/1423 833/1431/1414
f 833/1431/1414 832/1440/1423 849/1441/1424
f 833/1431/1414 849/1441/1424 850/1432/1415
f 850/1432/1415 849/1441/1424 865/1442/1425
f 850/1432/1415 865/1442/1425 866/1433/1416
f 866/1433/1416 865/1442/1425 882/1443/1426
f 866/1433/1416 882/1443/1426 883/1434/1417
f 883/1434/1417 882/1443/1426 899/475/474
f 883/1434/1417 899/475/474 900/473/472
f 732/568/567 748/570/569 749/1435/1418
f 749/1435/1418 748/570/569 765/1444/1427
f 749/1435/1418 765/1444/1427 766/1436/1419
f 766/1436/1419 765/1444/1427 781/1445/1428
f 766/1436/1419 781/1445/1428 782/1437/1420
f 782/1437/1420 781/1445/1428 822/1446/1429
f 782/1437/1420 822/1446/1429 821/1438/1421
f 821/1438/1421 822/1446/1429 798/1447/1430
f 821/1438/1421 798/1447/1430 799/1439/1422
f 799/1439/1422 798/1447/1430 831/1448/1431
f 799/1439/1422 831/1448/1431 832/1440/1423
f 832/1440/1423 831/1448/1431 848/1449/1432
f 832/1440/1423 848/1449/1432 849/1441/1424
f 849/1441/1424 848/1449/1432 864/1450/1433
f 849/1441/1424 864/1450/1433 865/1442/1425
f 865/1442/1425 864/1450/1433 881/1451/1434
f 865/1442/1425 881/1451/1434 882/1443/1426
f 882/1443/1426 881/1451/1434 898/477/476
f 882/1443/1426 898/477/476 899/475/474
f 748/570/569 764/572/571 765/1444/1427
f 765/1444/1427 764/572/571 780/1452/1435
f 765/1444/1427 780/1452/1435 781/1445/1428
f 781/1445/1428 780/1452/1435 823/1453/1436
f 781/1445/1428 823/1453/1436 822/1446/1429
f 822/1446/1429 823/1453/1436 797/1454/1437
f 822/1446/1429 797/1454/1437 798/1447/1430
f 798/1447/1430 797/1454/1437 830/1455/1438
f 798/1447/1430 830/1455/1438 831/1448/1431
f 831/1448/1431 830/1455/1438 847/1456/1439
f 831/1448/1431 847/1456/1439 848/1449/1432
f 848/1449/1432 847/1456/1439 863/1457/1440
f 848/1449/1432 863/1457/1440 864/1450/1433
f 864/1450/1433 863/1457/1440 880/1458/1441
f 864/1450/1433 880/1458/1441 881/1451/1434
f 881/1451/1434 880/1458/1441 897/479/478
f 881/1451/1434 897/479/478 898/477/476
f 764/572/571 158/574/573 780/1452/1435
f 780/1452/1435 158/574/573 824/1459/1442
f 780/1452/1435 824/1459/1442 823/1453/1436
f 823/1453/1436 824/1459/1442 796/1460/1443
f 823/1453/1436 796/1460/1443 797/1454/1437
f 797/1454/1437 796/1460/1443 829/1461/1444
f 797/1454/1437 829/1461/1444 830/1455/1438
f 830/1455/1438 829/1461/1444 846/1462/1445
f 830/1455/1438 846/1462/1445 847/1456/1439
f 847/1456/1439 846/1462/1445 862/1463/1446
f 847/1456/1439 862/1463/1446 863/1457/1440
f 863/1457/1440 862/1463/1446 879/1464/1447
f 863/1457/1440 879/1464/1447 880/1458/1441
f 880/1458/1441 879/1464/1447 896/481/480
f 880/1458/1441 896/481/480 897/479/478
f 825/576/575 795/578/577 824/1459/1442
f 824/1459/1442 795/578/577 796/1460/1443
f 829/1461/1444 796/1460/1443 828/580/579
f 828/580/579 796/1460/1443 795/578/577
f 158/574/573 825/576/575 824/1459/1442
f 846/1462/1445 829/1461/1444 845/582/581
f 845/582/581 829/1461/1444 828/580/579
f 862/1463/1446 846/1462/1445 861/584/583
f 861/584/583 846/1462/1445 845/582/581
f 879/1464/1447 862/1463/1446 878/586/585
f 878/586/585 862/1463/1446 861/584/583
f 896/481/480 879/1464/1447 895/483/482
f 895/483/482 879/1464/1447 878/586/585
f 948/606/605 949/605/604 921/965/948
f 947/607/606 948/606/605 922/1465/1448
f 922/1465/1448 948/606/605 921/965/948
f 922/1465/1448 921/965/948 954/964/947
f 946/608/607 947/607/606 923/1466/1449
f 923/1466/1449 947/607/606 922/1465/1448
f 923/1466/1449 922/1465/1448 955/1467/1450
f 955/1467/1450 922/1465/1448 954/964/947
f 955/1467/1450 954/964/947 971/963/946
f 945/609/608 946/608/607 924/1468/1451
f 924/1468/1451 946/608/607 923/1466/1449
f 924/1468/1451 923/1466/1449 956/1469/1452
f 956/1469/1452 923/1466/1449 955/1467/1450
f 956/1469/1452 955/1467/1450 972/1470/1453
f 972/1470/1453 955/1467/1450 971/963/946
f 972/1470/1453 971/963/946 987/962/945
f 945/609/608 924/1468/1451 925/990/973
f 925/990/973 924/1468/1451 957/1471/1454
f 925/990/973 957/1471/1454 958/988/971
f 958/988/971 957/1471/1454 974/1472/1455
f 958/988/971 974/1472/1455 975/986/969
f 975/986/969 974/1472/1455 990/1473/1456
f 975/986/969 990/1473/1456 991/984/967
f 991/984/967 990/1473/1456 1007/1474/1457
f 991/984/967 1007/1474/1457 1008/982/965
f 1008/982/965 1007/1474/1457 1024/1475/1458
f 1008/982/965 1024/1475/1458 1025/980/963
f 1025/980/963 1024/1475/1458 1041/1476/1459
f 1025/980/963 1041/1476/1459 1042/978/961
f 1042/978/961 1041/1476/1459 1064/1477/1460
f 1042/978/961 1064/1477/1460 1063/976/959
f 1063/976/959 1064/1477/1460 1058/1478/1461
f 1063/976/959 1058/1478/1461 1059/974/957
f 1059/974/957 1058/1478/1461 1090/1479/1462
f 1059/974/957 1090/1479/1462 1091/972/955
f 1091/972/955 1090/1479/1462 165/970/953
f 957/1471/1454 924/1468/1451 956/1469/1452
f 940/614/613 941/613/612 929/1014/997
f 939/615/614 940/614/613 930/1480/1463
f 930/1480/1463 940/614/613 929/1014/997
f 930/1480/1463 929/1014/997 962/1013/996
f 938/616/615 939/615/614 931/1481/1464
f 931/1481/1464 939/615/614 930/1480/1463
f 931/1481/1464 930/1480/1463 963/1482/1465
f 963/1482/1465 930/1480/1463 962/1013/996
f 963/1482/1465 962/1013/996 979/1012/995
f 937/617/616 938/616/615 932/1483/1466
f 932/1483/1466 938/616/615 931/1481/1464
f 932/1483/1466 931/1481/1464 964/1484/1467
f 964/1484/1467 931/1481/1464 963/1482/1465
f 964/1484/1467 963/1482/1465 980/1485/1468
f 980/1485/1468 963/1482/1465 979/1012/995
f 980/1485/1468 979/1012/995 995/1011/994
f 937/617/616 932/1483/1466 933/1023/1006
f 933/1023/1006 932/1483/1466 965/1486/1469
f 933/1023/1006 965/1486/1469 966/1021/1004
f 966/1021/1004 965/1486/1469 162/1019/1002
f 965/1486/1469 932/1483/1466 964/1484/1467
f 957/1471/1454 956/1469/1452 973/1487/1470
f 973/1487/1470 956/1469/1452 972/1470/1453
f 973/1487/1470 972/1470/1453 988/1488/1471
f 988/1488/1471 972/1470/1453 987/962/945
f 988/1488/1471 987/962/945 1004/961/944
f 965/1486/1469 964/1484/1467 981/1489/1472
f 981/1489/1472 964/1484/1467 980/1485/1468
f 981/1489/1472 980/1485/1468 996/1490/1473
f 996/1490/1473 980/1485/1468 995/1011/994
f 996/1490/1473 995/1011/994 1012/1010/993
f 957/1471/1454 973/1487/1470 974/1472/1455
f 974/1472/1455 973/1487/1470 989/1491/1474
f 974/1472/1455 989/1491/1474 990/1473/1456
f 990/1473/1456 989/1491/1474 1006/1492/1475
f 990/1473/1456 1006/1492/1475 1007/1474/1457
f 1007/1474/1457 1006/1492/1475 1023/1493/1476
f 1007/1474/1457 1023/1493/1476 1024/1475/1458
f 1024/1475/1458 1023/1493/1476 1040/1494/1477
f 1024/1475/1458 1040/1494/1477 1041/1476/1459
f 1041/1476/1459 1040/1494/1477 1065/1495/1478
f 1041/1476/1459 1065/1495/1478 1064/1477/1460
f 1064/1477/1460 1065/1495/1478 1057/1496/1479
f 1064/1477/1460 1057/1496/1479 1058/1478/1461
f 1058/1478/1461 1057/1496/1479 1089/1497/1480
f 1058/1478/1461 1089/1497/1480 1090/1479/1462
f 1090/1479/1462 1089/1497/1480 1106/1498/1481
f 1090/1479/1462 1106/1498/1481 165/970/953
f 165/970/953 1106/1498/1481 1122/968/951
f 989/1491/1474 973/1487/1470 988/1488/1471
f 997/1017/1000 162/1019/1002 981/1489/1472
f 981/1489/1472 162/1019/1002 965/1486/1469
f 997/1017/1000 981/1489/1472 996/1490/1473
f 967/623/622 982/625/624 983/917/900
f 983/917/900 982/625/624 999/1499/1482
f 983/917/900 999/1499/1482 1000/915/898
f 1000/915/898 999/1499/1482 1016/1500/1483
f 1000/915/898 1016/1500/1483 1017/913/896
f 1017/913/896 1016/1500/1483 1033/1501/1484
f 1017/913/896 1033/1501/1484 1034/911/894
f 1034/911/894 1033/1501/1484 1072/1502/1485
f 1034/911/894 1072/1502/1485 1071/909/892
f 1071/909/892 1072/1502/1485 1050/1503/1486
f 1071/909/892 1050/1503/1486 1051/907/890
f 1051/907/890 1050/1503/1486 1082/1504/1487
f 1051/907/890 1082/1504/1487 1083/905/888
f 1083/905/888 1082/1504/1487 1099/1505/1488
f 1083/905/888 1099/1505/1488 1100/903/886
f 1100/903/886 1099/1505/1488 1115/1506/1489
f 1100/903/886 1115/1506/1489 1116/901/884
f 1116/901/884 1115/1506/1489 1132/1507/1490
f 1116/901/884 1132/1507/1490 1133/899/882
f 1133/899/882 1132/1507/1490 1149/1508/1491
f 1133/899/882 1149/1508/1491 1150/897/880
f 1150/897/880 1149/1508/1491 1166/1509/1492
f 1150/897/880 1166/1509/1492 1167/895/878
f 1167/895/878 1166/1509/1492 1189/1510/1493
f 1167/895/878 1189/1510/1493 1188/893/876
f 1188/893/876 1189/1510/1493 1183/1511/1494
f 1188/893/876 1183/1511/1494 1184/891/874
f 1184/891/874 1183/1511/1494 1215/1512/1495
f 1184/891/874 1215/1512/1495 1216/889/872
f 1216/889/872 1215/1512/1495 168/887/870
f 989/1491/1474 988/1488/1471 1005/1513/1496
f 1005/1513/1496 988/1488/1471 1004/961/944
f 1005/1513/1496 1004/961/944 1021/960/943
f 1013/1015/998 997/1017/1000 996/1490/1473
f 1013/1015/998 996/1490/1473 1012/1010/993
f 982/625/624 998/627/626 999/1499/1482
f 999/1499/1482 998/627/626 1015/1514/1497
f 999/1499/1482 1015/1514/1497 1016/1500/1483
f 1016/1500/1483 1015/1514/1497 1032/1515/1498
f 1016/1500/1483 1032/1515/1498 1033/1501/1484
f 1033/1501/1484 1032/1515/1498 1073/1516/1499
f 1033/1501/1484 1073/1516/1499 1072/1502/1485
f 1072/1502/1485 1073/1516/1499 1049/1517/1500
f 1072/1502/1485 1049/1517/1500 1050/1503/1486
f 1050/1503/1486 1049/1517/1500 1081/1518/1501
f 1050/1503/1486 1081/1518/1501 1082/1504/1487
f 1082/1504/1487 1081/1518/1501 1098/1519/1502
f 1082/1504/1487 1098/1519/1502 1099/1505/1488
f 1099/1505/1488 1098/1519/1502 1114/1520/1503
f 1099/1505/1488 1114/1520/1503 1115/1506/1489
f 1115/1506/1489 1114/1520/1503 1131/1521/1504
f 1115/1506/1489 1131/1521/1504 1132/1507/1490
f 1132/1507/1490 1131/1521/1504 1148/1522/1505
f 1132/1507/1490 1148/1522/1505 1149/1508/1491
f 1149/1508/1491 1148/1522/1505 1165/1523/1506
f 1149/1508/1491 1165/1523/1506 1166/1509/1492
f 1166/1509/1492 1165/1523/1506 1190/1524/1507
f 1166/1509/1492 1190/1524/1507 1189/1510/1493
f 1189/1510/1493 1190/1524/1507 1182/1525/1508
f 1189/1510/1493 1182/1525/1508 1183/1511/1494
f 1183/1511/1494 1182/1525/1508 1214/1526/1509
f 1183/1511/1494 1214/1526/1509 1215/1512/1495
f 1215/1512/1495 1214/1526/1509 1231/1527/1510
f 1215/1512/1495 1231/1527/1510 168/887/870
f 168/887/870 1231/1527/1510 1247/885/868
f 989/1491/1474 1005/1513/1496 1006/1492/1475
f 1006/1492/1475 1005/1513/1496 1022/1528/1511
f 1006/1492/1475 1022/1528/1511 1023/1493/1476
f 1023/1493/1476 1022/1528/1511 1039/1529/1512
f 1023/1493/1476 1039/1529/1512 1040/1494/1477
f 1040/1494/1477 1039/1529/1512 1066/1530/1513
f 1040/1494/1477 1066/1530/1513 1065/1495/1478
f 1065/1495/1478 1066/1530/1513 1056/1531/1514
f 1065/1495/1478 1056/1531/1514 1057/1496/1479
f 1057/1496/1479 1056/1531/1514 1088/1532/1515
f 1057/1496/1479 1088/1532/1515 1089/1497/1480
f 1089/1497/1480 1088/1532/1515 1105/1533/1516
f 1089/1497/1480 1105/1533/1516 1106/1498/1481
f 1106/1498/1481 1105/1533/1516 1121/1534/1517
f 1106/1498/1481 1121/1534/1517 1122/968/951
f 1122/968/951 1121/1534/1517 1138/966/949
f 1022/1528/1511 1005/1513/1496 1021/960/943
f 1029/1009/992 1013/1015/998 1012/1010/993
f 998/627/626 1014/629/628 1015/1514/1497
f 1015/1514/1497 1014/629/628 1031/1535/1518
f 1015/1514/1497 1031/1535/1518 1032/1515/1498
f 1032/1515/1498 1031/1535/1518 1074/1536/1519
f 1032/1515/1498 1074/1536/1519 1073/1516/1499
f 1073/1516/1499 1074/1536/1519 1048/1537/1520
f 1073/1516/1499 1048/1537/1520 1049/1517/1500
f 1049/1517/1500 1048/1537/1520 1080/1538/1521
f 1049/1517/1500 1080/1538/1521 1081/1518/1501
f 1081/1518/1501 1080/1538/1521 1097/1539/1522
f 1081/1518/1501 1097/1539/1522 1098/1519/1502
f 1098/1519/1502 1097/1539/1522 1113/1540/1523
f 1098/1519/1502 1113/1540/1523 1114/1520/1503
f 1114/1520/1503 1113/1540/1523 1130/1541/1524
f 1114/1520/1503 1130/1541/1524 1131/1521/1504
f 1131/1521/1504 1130/1541/1524 1147/1542/1525
f 1131/1521/1504 1147/1542/1525 1148/1522/1505
f 1148/1522/1505 1147/1542/1525 1164/1543/1526
f 1148/1522/1505 1164/1543/1526 1165/1523/1506
f 1165/1523/1506 1164/1543/1526 1191/1544/1527
f 1165/1523/1506 1191/1544/1527 1190/1524/1507
f 1190/1524/1507 1191/1544/1527 1181/1545/1528
f 1190/1524/1507 1181/1545/1528 1182/1525/1508
f 1182/1525/1508 1181/1545/1528 1213/1546/1529
f 1182/1525/1508 1213/1546/1529 1214/1526/1509
f 1214/1526/1509 1213/1546/1529 1230/1547/1530
f 1214/1526/1509 1230/1547/1530 1231/1527/1510
f 1231/1527/1510 1230/1547/1530 1246/1548/1531
f 1231/1527/1510 1246/1548/1531 1247/885/868
f 1247/885/868 1246/1548/1531 1263/883/866
f 1039/1529/1512 1022/1528/1511 1038/959/942
f 1038/959/942 1022/1528/1511 1021/960/943
f 1014/629/628 1030/631/630 1031/1535/1518
f 1031/1535/1518 1030/631/630 1075/633/632
f 1031/1535/1518 1075/633/632 1074/1536/1519
f 1074/1536/1519 1075/633/632 1047/635/634
f 1074/1536/1519 1047/635/634 1048/1537/1520
f 1048/1537/1520 1047/635/634 1079/637/636
f 1048/1537/1520 1079/637/636 1080/1538/1521
f 1080/1538/1521 1079/637/636 1096/639/638
f 1080/1538/1521 1096/639/638 1097/1539/1522
f 1097/1539/1522 1096/639/638 1112/641/640
f 1097/1539/1522 1112/641/640 1113/1540/1523
f 1113/1540/1523 1112/641/640 1129/643/642
f 1113/1540/1523 1129/643/642 1130/1541/1524
f 1130/1541/1524 1129/643/642 1146/645/644
f 1130/1541/1524 1146/645/644 1147/1542/1525
f 1147/1542/1525 1146/645/644 1163/647/646
f 1147/1542/1525 1163/647/646 1164/1543/1526
f 1164/1543/1526 1163/647/646 1192/649/648
f 1164/1543/1526 1192/649/648 1191/1544/1527
f 1191/1544/1527 1192/649/648 1180/651/650
f 1191/1544/1527 1180/651/650 1181/1545/1528
f 1181/1545/1528 1180/651/650 1212/653/652
f 1181/1545/1528 1212/653/652 1213/1546/1529
f 1213/1546/1529 1212/653/652 1229/655/654
f 1213/1546/1529 1229/655/654 1230/1547/1530
f 1230/1547/1530 1229/655/654 1245/657/656
f 1230/1547/1530 1245/657/656 1246/1548/1531
f 1246/1548/1531 1245/657/656 1262/659/658
f 1246/1548/1531 1262/659/658 1263/883/866
f 1263/883/866 1262/659/658 1279/661/660
f 1066/1530/1513 1039/1529/1512 1067/958/941
f 1067/958/941 1039/1529/1512 1038/959/942
f 1066/1530/1513 1067/958/941 1055/957/940
f 1066/1530/1513 1055/957/940 1056/1531/1514
f 1056/1531/1514 1055/957/940 1087/956/939
f 1056/1531/1514 1087/956/939 1088/1532/1515
f 1088/1532/1515 1087/956/939 1104/955/938
f 1088/1532/1515 1104/955/938 1105/1533/1516
f 1105/1533/1516 1104/955/938 1120/954/937
f 1105/1533/1516 1120/954/937 1121/1534/1517
f 1121/1534/1517 1120/954/937 1137/953/936
f 1121/1534/1517 1137/953/936 1138/966/949
f 1138/966/949 1137/953/936 1154/952/935
f 1170/807/806 1171/1549/1532 167/805/804
f 167/805/804 1171/1549/1532 1200/795/794
f 167/805/804 1200/795/794 1155/794/793
f 1200/795/794 1171/1549/1532 1172/796/795
f 1172/796/795 1171/1549/1532 1203/1550/1533
f 1172/796/795 1203/1550/1533 1204/797/796
f 1204/797/796 1203/1550/1533 1220/1551/1534
f 1204/797/796 1220/1551/1534 1221/798/797
f 1221/798/797 1220/1551/1534 1236/1552/1535
f 1221/798/797 1236/1552/1535 1237/799/798
f 1237/799/798 1236/1552/1535 1253/1553/1536
f 1237/799/798 1253/1553/1536 1254/800/799
f 1254/800/799 1253/1553/1536 1270/1554/1537
f 1254/800/799 1270/1554/1537 1271/801/800
f 1271/801/800 1270/1554/1537 1287/1555/1538
f 1271/801/800 1287/1555/1538 1288/802/801
f 1288/802/801 1287/1555/1538 1318/1556/1539
f 1288/802/801 1318/1556/1539 1317/803/802
f 1317/803/802 1318/1556/1539 1304/1557/1540
f 1317/803/802 1304/1557/1540 1305/804/803
f 1305/804/803 1304/1557/1540 1336/679/678
f 1305/804/803 1336/679/678 1337/677/676
f 1171/1549/1532 1170/807/806 1202/1558/1541
f 1202/1558/1541 1170/807/806 1201/809/808
f 1202/1558/1541 1201/809/808 1218/1559/1542
f 1218/1559/1542 1201/809/808 1217/811/810
f 1218/1559/1542 1217/811/810 1233/1560/1543
f 1233/1560/1543 1217/811/810 1232/813/812
f 1233/1560/1543 1232/813/812 1249/1561/1544
f 1249/1561/1544 1232/813/812 1248/815/814
f 1249/1561/1544 1248/815/814 1265/1562/1545
f 1265/1562/1545 1248/815/814 1264/817/816
f 1265/1562/1545 1264/817/816 1281/1563/1546
f 1281/1563/1546 1264/817/816 1280/819/818
f 1281/1563/1546 1280/819/818 1325/821/820
f 1171/1549/1532 1202/1558/1541 1203/1550/1533
f 1203/1550/1533 1202/1558/1541 1219/1564/1547
f 1203/1550/1533 1219/1564/1547 1220/1551/1534
f 1220/1551/1534 1219/1564/1547 1235/1565/1548
f 1220/1551/1534 1235/1565/1548 1236/1552/1535
f 1236/1552/1535 1235/1565/1548 1252/1566/1549
f 1236/1552/1535 1252/1566/1549 1253/1553/1536
f 1253/1553/1536 1252/1566/1549 1269/1567/1550
f 1253/1553/1536 1269/1567/1550 1270/1554/1537
f 1270/1554/1537 1269/1567/1550 1286/1568/1551
f 1270/1554/1537 1286/1568/1551 1287/1555/1538
f 1287/1555/1538 1286/1568/1551 1319/1569/1552
f 1287/1555/1538 1319/1569/1552 1318/1556/1539
f 1318/1556/1539 1319/1569/1552 1303/1570/1553
f 1318/1556/1539 1303/1570/1553 1304/1557/1540
f 1304/1557/1540 1303/1570/1553 1335/681/680
f 1304/1557/1540 1335/681/680 1336/679/678
f 1219/1564/1547 1202/1558/1541 1218/1559/1542
f 1219/1564/1547 1218/1559/1542 1234/1571/1554
f 1234/1571/1554 1218/1559/1542 1233/1560/1543
f 1234/1571/1554 1233/1560/1543 1250/1572/1555
f 1250/1572/1555 1233/1560/1543 1249/1561/1544
f 1250/1572/1555 1249/1561/1544 1266/1573/1556
f 1266/1573/1556 1249/1561/1544 1265/1562/1545
f 1266/1573/1556 1265/1562/1545 1282/1574/1557
f 1282/1574/1557 1265/1562/1545 1281/1563/1546
f 1282/1574/1557 1281/1563/1546 1324/1575/1558
f 1324/1575/1558 1281/1563/1546 1325/821/820
f 1324/1575/1558 1325/821/820 1297/823/822
f 1219/1564/1547 1234/1571/1554 1235/1565/1548
f 1235/1565/1548 1234/1571/1554 1251/1576/1559
f 1235/1565/1548 1251/1576/1559 1252/1566/1549
f 1252/1566/1549 1251/1576/1559 1268/1577/1560
f 1252/1566/1549 1268/1577/1560 1269/1567/1550
f 1269/1567/1550 1268/1577/1560 1285/1578/1561
f 1269/1567/1550 1285/1578/1561 1286/1568/1551
f 1286/1568/1551 1285/1578/1561 1320/1579/1562
f 1286/1568/1551 1320/1579/1562 1319/1569/1552
f 1319/1569/1552 1320/1579/1562 1302/1580/1563
f 1319/1569/1552 1302/1580/1563 1303/1570/1553
f 1303/1570/1553 1302/1580/1563 1334/683/682
f 1303/1570/1553 1334/683/682 1335/681/680
f 1251/1576/1559 1234/1571/1554 1250/1572/1555
f 1251/1576/1559 1250/1572/1555 1267/1581/1564
f 1267/1581/1564 1250/1572/1555 1266/1573/1556
f 1267/1581/1564 1266/1573/1556 1283/1582/1565
f 1283/1582/1565 1266/1573/1556 1282/1574/1557
f 1283/1582/1565 1282/1574/1557 1323/1583/1566
f 1323/1583/1566 1282/1574/1557 1324/1575/1558
f 1323/1583/1566 1324/1575/1558 1298/1584/1567
f 1298/1584/1567 1324/1575/1558 1297/823/822
f 1298/1584/1567 1297/823/822 1329/693/692
f 1251/1576/1559 1267/1581/1564 1268/1577/1560
f 1268/1577/1560 1267/1581/1564 1284/1585/1568
f 1268/1577/1560 1284/1585/1568 1285/1578/1561
f 1285/1578/1561 1284/1585/1568 1321/1586/1569
f 1285/1578/1561 1321/1586/1569 1320/1579/1562
f 1320/1579/1562 1321/1586/1569 1301/1587/1570
f 1320/1579/1562 1301/1587/1570 1302/1580/1563
f 1302/1580/1563 1301/1587/1570 1333/685/684
f 1302/1580/1563 1333/685/684 1334/683/682
f 1284/1585/1568 1267/1581/1564 1283/1582/1565
f 1284/1585/1568 1283/1582/1565 1322/1588/1571
f 1322/1588/1571 1283/1582/1565 1323/1583/1566
f 1322/1588/1571 1323/1583/1566 1299/1589/1572
f 1299/1589/1572 1323/1583/1566 1298/1584/1567
f 1299/1589/1572 1298/1584/1567 1330/691/690
f 1330/691/690 1298/1584/1567 1329/693/692
f 1299/1589/1572 1300/1590/1573 1322/1588/1571
f 1322/1588/1571 1300/1590/1573 1321/1586/1569
f 1322/1588/1571 1321/1586/1569 1284/1585/1568
f 1321/1586/1569 1300/1590/1573 1301/1587/1570
f 1301/1587/1570 1300/1590/1573 1332/687/686
f 1301/1587/1570 1332/687/686 1333/685/684
f 1330/691/690 1331/689/688 1299/1589/1572
f 1299/1589/1572 1331/689/688 1300/1590/1573
f 1331/689/688 1332/687/686 1300/1590/1573
f 1343/698/697 1342/700/699 1358/1591/1574
f 1358/1591/1574 1342/700/699 1357/827/826
f 1358/1591/1574 1357/827/826 1374/1592/1575
f 1374/1592/1575 1357/827/826 1373/829/828
f 1374/1592/1575 1373/829/828 1390/834/831
f 1390/834/831 1373/829/828 1389/831/830
f 1360/842/837 1345/694/693 1344/696/695
f 1344/696/695 1343/698/697 1359/1593/1576
f 1359/1593/1576 1343/698/697 1358/1591/1574
f 1359/1593/1576 1358/1591/1574 1375/1594/1577
f 1375/1594/1577 1358/1591/1574 1374/1592/1575
f 1375/1594/1577 1374/1592/1575 1391/836/832
f 1391/836/832 1374/1592/1575 1390/834/831
f 1348/688/687 1347/690/689 1363/1595/1578
f 1363/1595/1578 1347/690/689 1362/847/841
f 1363/1595/1578 1362/847/841 1379/1596/1579
f 1379/1596/1579 1362/847/841 1378/846/840
f 1379/1596/1579 1378/846/840 1395/848/842
f 1395/848/842 1378/846/840 1394/845/839
f 1349/686/685 1348/688/687 1364/1597/1580
f 1364/1597/1580 1348/688/687 1363/1595/1578
f 1364/1597/1580 1363/1595/1578 1380/1598/1581
f 1380/1598/1581 1363/1595/1578 1379/1596/1579
f 1380/1598/1581 1379/1596/1579 1396/850/843
f 1396/850/843 1379/1596/1579 1395/848/842
f 1350/684/683 1349/686/685 1365/1599/1582
f 1365/1599/1582 1349/686/685 1364/1597/1580
f 1365/1599/1582 1364/1597/1580 1381/1600/1583
f 1381/1600/1583 1364/1597/1580 1380/1598/1581
f 1381/1600/1583 1380/1598/1581 1397/852/844
f 1397/852/844 1380/1598/1581 1396/850/843
f 1367/860/850 1352/680/679 1351/682/681
f 1351/682/681 1350/684/683 1366/1601/1584
f 1366/1601/1584 1350/684/683 1365/1599/1582
f 1366/1601/1584 1365/1599/1582 1382/1602/1585
f 1382/1602/1585 1365/1599/1582 1381/1600/1583
f 1382/1602/1585 1381/1600/1583 1398/854/845
f 1398/854/845 1381/1600/1583 1397/852/844
f 1370/879/862 1354/676/675 1369/865/854
f 1376/840/835 1360/842/837 1359/1593/1576
f 1359/1593/1576 1360/842/837 1344/696/695
f 1376/840/835 1359/1593/1576 1375/1594/1577
f 1383/858/848 1367/860/850 1366/1601/1584
f 1366/1601/1584 1367/860/850 1351/682/681
f 1383/858/848 1366/1601/1584 1382/1602/1585
f 1370/879/862 1369/865/854 1386/1603/1586
f 1386/1603/1586 1369/865/854 1385/864/853
f 1386/1603/1586 1385/864/853 1402/868/855
f 1402/868/855 1385/864/853 1401/863/852
f 1392/838/833 1376/840/835 1375/1594/1577
f 1392/838/833 1375/1594/1577 1391/836/832
f 1399/856/846 1383/858/848 1382/1602/1585
f 1399/856/846 1382/1602/1585 1398/854/845
f 1370/879/862 1386/1603/1586 1387/877/860
f 1387/877/860 1386/1603/1586 1403/870/856
f 1387/877/860 1403/870/856 1404/872/857
f 1403/870/856 1386/1603/1586 1402/868/855
# 1404 vertices
# 1603 texture params
# 1586 normals
# 2804 facets

# 1 groups
